{"kpi":"ivm","t":"IVM","st":"Índice de Ventas Minoristas","sd":"El IPC mide la variación de precios de los bienes y servicios representativos del gasto de consumo de los hogares residentes en la zona seleccionada en comparación con los precios vigentes en el año base.","c":"<p>Indice de Ventas Minoristas</p>","f":"https://www.indec.gob.ar/ftp/cuadros/economia/metodologia_ipc_nacional_2019.pdf","fu":"CAME","d":"El IPC mide la variación de precios de los bienes y servicios representativos del gasto de consumo de los hogares residentes en la zona seleccionada en comparación con los precios vigentes en el año base.","max":200,"min":0,"cat":"Precios","chartdata":{"labels":["2019-01-01","2019-02-01","2019-03-01","2019-04-01","2019-05-01","2019-06-01","2019-07-01","2019-08-01","2019-09-01","2019-10-01","2019-11-01","2019-12-01","2020-01-01","2020-02-01","2020-03-01","2020-04-01","2020-05-01","2020-06-01","2020-07-01","2020-08-01","2020-09-01","2020-10-01","2020-11-01","2020-12-01","2021-01-01","2021-02-01","2021-03-01","2021-04-01","2021-05-01","2021-06-01","2021-07-01","2021-08-01","2021-09-01","2021-10-01","2021-11-01","2021-12-01","2022-01-01","2022-02-01","2022-03-01","2022-04-01","2022-05-02"],"datasets":[{"backgroundColor":"rgba(46,120,210,0)","label":"IVM","data":["100.000","94.700","117.100","110.200","117.100","130.500","124.200","118.800","104.000","118.600","110.800","153.200","98.000","93.700","77.400","57.200","73.200","100.700","99.600","102.300","95.900","107.500","104.500","143.300","92.400","87.600","87.900","102.102","96.624","109.360","110.855","111.609","110.956","117.282","114.010","149.032","108.570","105.733","101.085","108.650","95.500"],"borderColor":"#2E78D2","pointRadius":0,"borderWidth":1.5}]}}