[{"t":"Producción de Acero","st":"Estimador Mensual de Actividad económica","sd":"Este indicador <em>refleja la evolución mensual de la actividad económica</em> de 16 sectores productivos. Permite anticipar las tasas de variación del producto interno bruto (PIB) trimestral.","kpi":"acero","capis":{"interanual":[0],"desestacionalizada":[0],"tendencia-ciclo":[0]},"c":"<p><strong>El EMAE es un indicador provisorio de la evolución del PIB</strong> a precios constantes de 2004 que se difunde con un rezago de 50 a 60 días de concluido el mes de referencia, de acuerdo al <a href='/'>calendario de difusión del INDEC</a>.</p><p>Incluye la serie original (número índice y la variación porcentual respecto al mismo mes del año anterior), la serie desestacionalizada y la tendencia–ciclo (número índice y variación respecto al mes inmediato anterior).</p> <p><em>Ofrece una pauta del comportamiento de la actividad económica real</em> con una frecuencia mayor a la del PIB trimestral a precios constantes. Su cálculo se estructura en la agregación del valor agregado a precios básicos de cada una de las actividades económicas más los impuestos netos de subsidios a los productos, utilizando las ponderaciones de las cuentas nacionales base 2004 de la República Argentina.</p><p>Este indicador <strong>se elabora con información parcial</strong>, de carácter provisorio -dado que en algunos casos es corregida y/o completada por la fuente- o con indicadores alternativos a los que se utilizan para el cálculo trimestral, en tanto se han evaluado como adecuadas aproximaciones. Dado que la estimación del PIB trimestral reúne mayor cantidad de datos, es habitual que se observen diferencias entre las variaciones trimestrales de ambos indicadores.</p>","f":"https://www.indec.gob.ar/ftp/cuadros/economia/metodologia_emae_ago_16.pdf","d":"El Estimador mensual de actividad económica (EMAE) refleja la evolución mensual de la actividad económica del conjunto de los sectores productivos a nivel nacional. Este indicador permite anticipar las tasas de variación del producto interno bruto (PIB) trimestral."},{"t":"Asalariados","st":"Estimador Mensual de Actividad económica","sd":"Este indicador <em>refleja la evolución mensual de la actividad económica</em> de 16 sectores productivos. Permite anticipar las tasas de variación del producto interno bruto (PIB) trimestral.","kpi":"asalariados","capis":{"interanual":[0],"desestacionalizada":[0],"tendencia-ciclo":[0]},"c":"<p><strong>El EMAE es un indicador provisorio de la evolución del PIB</strong> a precios constantes de 2004 que se difunde con un rezago de 50 a 60 días de concluido el mes de referencia, de acuerdo al <a href='/'>calendario de difusión del INDEC</a>.</p><p>Incluye la serie original (número índice y la variación porcentual respecto al mismo mes del año anterior), la serie desestacionalizada y la tendencia–ciclo (número índice y variación respecto al mes inmediato anterior).</p> <p><em>Ofrece una pauta del comportamiento de la actividad económica real</em> con una frecuencia mayor a la del PIB trimestral a precios constantes. Su cálculo se estructura en la agregación del valor agregado a precios básicos de cada una de las actividades económicas más los impuestos netos de subsidios a los productos, utilizando las ponderaciones de las cuentas nacionales base 2004 de la República Argentina.</p><p>Este indicador <strong>se elabora con información parcial</strong>, de carácter provisorio -dado que en algunos casos es corregida y/o completada por la fuente- o con indicadores alternativos a los que se utilizan para el cálculo trimestral, en tanto se han evaluado como adecuadas aproximaciones. Dado que la estimación del PIB trimestral reúne mayor cantidad de datos, es habitual que se observen diferencias entre las variaciones trimestrales de ambos indicadores.</p>","f":"https://www.indec.gob.ar/ftp/cuadros/economia/metodologia_emae_ago_16.pdf","d":"El Estimador mensual de actividad económica (EMAE) refleja la evolución mensual de la actividad económica del conjunto de los sectores productivos a nivel nacional. Este indicador permite anticipar las tasas de variación del producto interno bruto (PIB) trimestral."},{"t":"Balanza Comercial","st":"Importaciones, Exportaciones y Saldo","sd":"El intercambio comercial argentino (ICA) muestra la evolución de la balanza comercial, la relación entre los ingresos en dólares de las exportaciones y los gastos de las importaciones.","kpi":"balanza","capis":{"interanual":[0],"desestacionalizada":[0],"tendencia-ciclo":[1]},"c":"<p>Las estadísticas del comercio exterior se elaboran principalmente sobre la base de los registros aduaneros (permisos de embarque para las exportaciones y despachos de importación para las importaciones). Para completar la cobertura, se utilizan encuestas a entes binacionales de producción de energía eléctrica, gas y a empresas de transporte marítimo y aéreo como única fuente de información complementaria. Para el caso de las exportaciones, al momento de difundir los datos solo se dispone de una parte de la documentación. La mayor parte de los documentos pendientes se reciben en los meses subsiguientes y podrán ser procesados en el mismo mes de emisión o en meses posteriores. Este retraso de los datos de exportación se debe principalmente a dos motivos: o bien la operación aún está en trámite, es decir, la mercancía todavía no ha salido del país (momento de la exportación efectiva); o bien, no ha sido informada en la base aduanera a la fecha de captura de datos, incluso si la mercancía ya ha salido del país. Para las importaciones, el valor informado se construye, fundamentalmente, sobre la base de operaciones efectivamente realizadas y perfeccionadas desde el punto de vista documental. No es necesario realizar estimaciones de datos para la publicación.</p>","f":"https://www.indec.gob.ar/ftp/cuadros/economia/metodologia_emae_ago_16.pdf","d":"El intercambio comercial argentino (ICA) muestra la evolución de la balanza comercial, la relación entre los ingresos en dólares provenientes de los productos que exporta el país y aquellos artículos que se compran en el exterior."},{"t":"Brecha USD/Peso","st":"Estimador Mensual de Actividad económica","sd":"Este indicador <em>refleja la evolución mensual de la actividad económica</em> de 16 sectores productivos. Permite anticipar las tasas de variación del producto interno bruto (PIB) trimestral.","kpi":"brecha","capis":{"interanual":[0],"desestacionalizada":[0],"tendencia-ciclo":[0]},"c":"<p><strong>El EMAE es un indicador provisorio de la evolución del PIB</strong> a precios constantes de 2004 que se difunde con un rezago de 50 a 60 días de concluido el mes de referencia, de acuerdo al <a href='/'>calendario de difusión del INDEC</a>.</p><p>Incluye la serie original (número índice y la variación porcentual respecto al mismo mes del año anterior), la serie desestacionalizada y la tendencia–ciclo (número índice y variación respecto al mes inmediato anterior).</p> <p><em>Ofrece una pauta del comportamiento de la actividad económica real</em> con una frecuencia mayor a la del PIB trimestral a precios constantes. Su cálculo se estructura en la agregación del valor agregado a precios básicos de cada una de las actividades económicas más los impuestos netos de subsidios a los productos, utilizando las ponderaciones de las cuentas nacionales base 2004 de la República Argentina.</p><p>Este indicador <strong>se elabora con información parcial</strong>, de carácter provisorio -dado que en algunos casos es corregida y/o completada por la fuente- o con indicadores alternativos a los que se utilizan para el cálculo trimestral, en tanto se han evaluado como adecuadas aproximaciones. Dado que la estimación del PIB trimestral reúne mayor cantidad de datos, es habitual que se observen diferencias entre las variaciones trimestrales de ambos indicadores.</p>","f":"https://www.indec.gob.ar/ftp/cuadros/economia/metodologia_emae_ago_16.pdf","d":"El Estimador mensual de actividad económica (EMAE) refleja la evolución mensual de la actividad económica del conjunto de los sectores productivos a nivel nacional. Este indicador permite anticipar las tasas de variación del producto interno bruto (PIB) trimestral."},{"t":"Tipos de Cambio","st":"Estimador Mensual de Actividad económica","sd":"Este indicador <em>refleja la evolución mensual de la actividad económica</em> de 16 sectores productivos. Permite anticipar las tasas de variación del producto interno bruto (PIB) trimestral.","kpi":"cambio","capis":{"interanual":[0],"desestacionalizada":[0],"tendencia-ciclo":[1]},"c":"<p><strong>El EMAE es un indicador provisorio de la evolución del PIB</strong> a precios constantes de 2004 que se difunde con un rezago de 50 a 60 días de concluido el mes de referencia, de acuerdo al <a href='/'>calendario de difusión del INDEC</a>.</p><p>Incluye la serie original (número índice y la variación porcentual respecto al mismo mes del año anterior), la serie desestacionalizada y la tendencia–ciclo (número índice y variación respecto al mes inmediato anterior).</p> <p><em>Ofrece una pauta del comportamiento de la actividad económica real</em> con una frecuencia mayor a la del PIB trimestral a precios constantes. Su cálculo se estructura en la agregación del valor agregado a precios básicos de cada una de las actividades económicas más los impuestos netos de subsidios a los productos, utilizando las ponderaciones de las cuentas nacionales base 2004 de la República Argentina.</p><p>Este indicador <strong>se elabora con información parcial</strong>, de carácter provisorio -dado que en algunos casos es corregida y/o completada por la fuente- o con indicadores alternativos a los que se utilizan para el cálculo trimestral, en tanto se han evaluado como adecuadas aproximaciones. Dado que la estimación del PIB trimestral reúne mayor cantidad de datos, es habitual que se observen diferencias entre las variaciones trimestrales de ambos indicadores.</p>","f":"https://www.indec.gob.ar/ftp/cuadros/economia/metodologia_emae_ago_16.pdf","d":"El Estimador mensual de actividad económica (EMAE) refleja la evolución mensual de la actividad económica del conjunto de los sectores productivos a nivel nacional. Este indicador permite anticipar las tasas de variación del producto interno bruto (PIB) trimestral."},{"t":"Produccion de Cereales","st":"Estimador Mensual de Actividad económica","sd":"Este indicador <em>refleja la evolución mensual de la actividad económica</em> de 16 sectores productivos. Permite anticipar las tasas de variación del producto interno bruto (PIB) trimestral.","kpi":"cereales","capis":{"interanual":[0],"desestacionalizada":[0],"tendencia-ciclo":[0]},"c":"<p><strong>El EMAE es un indicador provisorio de la evolución del PIB</strong> a precios constantes de 2004 que se difunde con un rezago de 50 a 60 días de concluido el mes de referencia, de acuerdo al <a href='/'>calendario de difusión del INDEC</a>.</p><p>Incluye la serie original (número índice y la variación porcentual respecto al mismo mes del año anterior), la serie desestacionalizada y la tendencia–ciclo (número índice y variación respecto al mes inmediato anterior).</p> <p><em>Ofrece una pauta del comportamiento de la actividad económica real</em> con una frecuencia mayor a la del PIB trimestral a precios constantes. Su cálculo se estructura en la agregación del valor agregado a precios básicos de cada una de las actividades económicas más los impuestos netos de subsidios a los productos, utilizando las ponderaciones de las cuentas nacionales base 2004 de la República Argentina.</p><p>Este indicador <strong>se elabora con información parcial</strong>, de carácter provisorio -dado que en algunos casos es corregida y/o completada por la fuente- o con indicadores alternativos a los que se utilizan para el cálculo trimestral, en tanto se han evaluado como adecuadas aproximaciones. Dado que la estimación del PIB trimestral reúne mayor cantidad de datos, es habitual que se observen diferencias entre las variaciones trimestrales de ambos indicadores.</p>","f":"https://www.indec.gob.ar/ftp/cuadros/economia/metodologia_emae_ago_16.pdf","d":"El Estimador mensual de actividad económica (EMAE) refleja la evolución mensual de la actividad económica del conjunto de los sectores productivos a nivel nacional. Este indicador permite anticipar las tasas de variación del producto interno bruto (PIB) trimestral."},{"t":"Compras BCRA","st":"Estimador Mensual de Actividad económica","sd":"Este indicador <em>refleja la evolución mensual de la actividad económica</em> de 16 sectores productivos. Permite anticipar las tasas de variación del producto interno bruto (PIB) trimestral.","kpi":"comprasbcra","capis":{"interanual":[0],"desestacionalizada":[0],"tendencia-ciclo":[0]},"c":"<p><strong>El EMAE es un indicador provisorio de la evolución del PIB</strong> a precios constantes de 2004 que se difunde con un rezago de 50 a 60 días de concluido el mes de referencia, de acuerdo al <a href='/'>calendario de difusión del INDEC</a>.</p><p>Incluye la serie original (número índice y la variación porcentual respecto al mismo mes del año anterior), la serie desestacionalizada y la tendencia–ciclo (número índice y variación respecto al mes inmediato anterior).</p> <p><em>Ofrece una pauta del comportamiento de la actividad económica real</em> con una frecuencia mayor a la del PIB trimestral a precios constantes. Su cálculo se estructura en la agregación del valor agregado a precios básicos de cada una de las actividades económicas más los impuestos netos de subsidios a los productos, utilizando las ponderaciones de las cuentas nacionales base 2004 de la República Argentina.</p><p>Este indicador <strong>se elabora con información parcial</strong>, de carácter provisorio -dado que en algunos casos es corregida y/o completada por la fuente- o con indicadores alternativos a los que se utilizan para el cálculo trimestral, en tanto se han evaluado como adecuadas aproximaciones. Dado que la estimación del PIB trimestral reúne mayor cantidad de datos, es habitual que se observen diferencias entre las variaciones trimestrales de ambos indicadores.</p>","f":"https://www.indec.gob.ar/ftp/cuadros/economia/metodologia_emae_ago_16.pdf","d":"El Estimador mensual de actividad económica (EMAE) refleja la evolución mensual de la actividad económica del conjunto de los sectores productivos a nivel nacional. Este indicador permite anticipar las tasas de variación del producto interno bruto (PIB) trimestral."},{"t":"Déficit Fiscal","st":"Estimador Mensual de Actividad económica","sd":"Este indicador <em>refleja la evolución mensual de la actividad económica</em> de 16 sectores productivos. Permite anticipar las tasas de variación del producto interno bruto (PIB) trimestral.","kpi":"deficit","capis":{"interanual":[0],"desestacionalizada":[0],"tendencia-ciclo":[1]},"c":"<p><strong>El EMAE es un indicador provisorio de la evolución del PIB</strong> a precios constantes de 2004 que se difunde con un rezago de 50 a 60 días de concluido el mes de referencia, de acuerdo al <a href='/'>calendario de difusión del INDEC</a>.</p><p>Incluye la serie original (número índice y la variación porcentual respecto al mismo mes del año anterior), la serie desestacionalizada y la tendencia–ciclo (número índice y variación respecto al mes inmediato anterior).</p> <p><em>Ofrece una pauta del comportamiento de la actividad económica real</em> con una frecuencia mayor a la del PIB trimestral a precios constantes. Su cálculo se estructura en la agregación del valor agregado a precios básicos de cada una de las actividades económicas más los impuestos netos de subsidios a los productos, utilizando las ponderaciones de las cuentas nacionales base 2004 de la República Argentina.</p><p>Este indicador <strong>se elabora con información parcial</strong>, de carácter provisorio -dado que en algunos casos es corregida y/o completada por la fuente- o con indicadores alternativos a los que se utilizan para el cálculo trimestral, en tanto se han evaluado como adecuadas aproximaciones. Dado que la estimación del PIB trimestral reúne mayor cantidad de datos, es habitual que se observen diferencias entre las variaciones trimestrales de ambos indicadores.</p>","f":"https://www.indec.gob.ar/ftp/cuadros/economia/metodologia_emae_ago_16.pdf","d":"El Estimador mensual de actividad económica (EMAE) refleja la evolución mensual de la actividad económica del conjunto de los sectores productivos a nivel nacional. Este indicador permite anticipar las tasas de variación del producto interno bruto (PIB) trimestral."},{"t":"Desempleo","st":"Estimador Mensual de Actividad económica","sd":"Este indicador <em>refleja la evolución mensual de la actividad económica</em> de 16 sectores productivos. Permite anticipar las tasas de variación del producto interno bruto (PIB) trimestral.","kpi":"desempleo","capis":{"interanual":[0],"desestacionalizada":[0],"tendencia-ciclo":[0]},"c":"<p><strong>El EMAE es un indicador provisorio de la evolución del PIB</strong> a precios constantes de 2004 que se difunde con un rezago de 50 a 60 días de concluido el mes de referencia, de acuerdo al <a href='/'>calendario de difusión del INDEC</a>.</p><p>Incluye la serie original (número índice y la variación porcentual respecto al mismo mes del año anterior), la serie desestacionalizada y la tendencia–ciclo (número índice y variación respecto al mes inmediato anterior).</p> <p><em>Ofrece una pauta del comportamiento de la actividad económica real</em> con una frecuencia mayor a la del PIB trimestral a precios constantes. Su cálculo se estructura en la agregación del valor agregado a precios básicos de cada una de las actividades económicas más los impuestos netos de subsidios a los productos, utilizando las ponderaciones de las cuentas nacionales base 2004 de la República Argentina.</p><p>Este indicador <strong>se elabora con información parcial</strong>, de carácter provisorio -dado que en algunos casos es corregida y/o completada por la fuente- o con indicadores alternativos a los que se utilizan para el cálculo trimestral, en tanto se han evaluado como adecuadas aproximaciones. Dado que la estimación del PIB trimestral reúne mayor cantidad de datos, es habitual que se observen diferencias entre las variaciones trimestrales de ambos indicadores.</p>","f":"https://www.indec.gob.ar/ftp/cuadros/economia/metodologia_emae_ago_16.pdf","d":"El Estimador mensual de actividad económica (EMAE) refleja la evolución mensual de la actividad económica del conjunto de los sectores productivos a nivel nacional. Este indicador permite anticipar las tasas de variación del producto interno bruto (PIB) trimestral."},{"t":"EMAE","st":"Estimador Mensual de Actividad económica","sd":"Este indicador <em>refleja la evolución mensual de la actividad económica</em> de 16 sectores productivos. Permite anticipar las tasas de variación del producto interno bruto (PIB) trimestral.","kpi":"emae","capis":{"interanual":[0],"desestacionalizada":[0],"tendencia-ciclo":[1]},"c":"<p><strong>El EMAE es un indicador provisorio de la evolución del PIB</strong> a precios constantes de 2004 que se difunde con un rezago de 50 a 60 días de concluido el mes de referencia, de acuerdo al <a href='/'>calendario de difusión del INDEC</a>.</p><p>Incluye la serie original (número índice y la variación porcentual respecto al mismo mes del año anterior), la serie desestacionalizada y la tendencia–ciclo (número índice y variación respecto al mes inmediato anterior).</p> <p><em>Ofrece una pauta del comportamiento de la actividad económica real</em> con una frecuencia mayor a la del PIB trimestral a precios constantes. Su cálculo se estructura en la agregación del valor agregado a precios básicos de cada una de las actividades económicas más los impuestos netos de subsidios a los productos, utilizando las ponderaciones de las cuentas nacionales base 2004 de la República Argentina.</p><p>Este indicador <strong>se elabora con información parcial</strong>, de carácter provisorio -dado que en algunos casos es corregida y/o completada por la fuente- o con indicadores alternativos a los que se utilizan para el cálculo trimestral, en tanto se han evaluado como adecuadas aproximaciones. Dado que la estimación del PIB trimestral reúne mayor cantidad de datos, es habitual que se observen diferencias entre las variaciones trimestrales de ambos indicadores.</p>","f":"https://www.indec.gob.ar/ftp/cuadros/economia/metodologia_emae_ago_16.pdf","d":"El Estimador mensual de actividad económica (EMAE) refleja la evolución mensual de la actividad económica del conjunto de los sectores productivos a nivel nacional. Este indicador permite anticipar las tasas de variación del producto interno bruto (PIB) trimestral."},{"t":"Riesgo País","st":"Emerging Market Bond Index","sd":"Sirve de referencia para estimar la evolución del mercado de deuda emergente y permite estudiar el comportamiento de una canasta de bonos que conforman la deuda de los países emergentes.","kpi":"embi","capis":{"interanual":[0],"desestacionalizada":[0],"tendencia-ciclo":[1]},"c":"<p>Índice calculado por JP Morgan Chase que mide la diferencia entre la tasa de interés que un país debe de pagar por emitir deuda en el exterior con respecto al rédito que pagan los bonos norteamericanos, considerados los bonos gubernamentales libres de riesgo  de modo que refleja el riesgo país también refleja la probabilidad de que una nación incumpla con el pago de la deuda o de los intereses. En otras palabras, el indicador se utiliza como un termómetro que mide el estado de salud de una economía.</p>","f":"https://www.indec.gob.ar/ftp/cuadros/economia/metodologia_emae_ago_16.pdf","d":"El Estimador mensual de actividad económica (EMAE) refleja la evolución mensual de la actividad económica del conjunto de los sectores productivos a nivel nacional. Este indicador permite anticipar las tasas de variación del producto interno bruto (PIB) trimestral."},{"t":"Producción de Gas","st":"En millones de BTU","sd":"Este indicador <em>refleja la evolución mensual de la actividad económica</em> de 16 sectores productivos. Permite anticipar las tasas de variación del producto interno bruto (PIB) trimestral.","kpi":"gas","capis":{"interanual":[0],"desestacionalizada":[0],"tendencia-ciclo":[0]},"c":"<p><strong>El EMAE es un indicador provisorio de la evolución del PIB</strong> a precios constantes de 2004 que se difunde con un rezago de 50 a 60 días de concluido el mes de referencia, de acuerdo al <a href='/'>calendario de difusión del INDEC</a>.</p><p>Incluye la serie original (número índice y la variación porcentual respecto al mismo mes del año anterior), la serie desestacionalizada y la tendencia–ciclo (número índice y variación respecto al mes inmediato anterior).</p> <p><em>Ofrece una pauta del comportamiento de la actividad económica real</em> con una frecuencia mayor a la del PIB trimestral a precios constantes. Su cálculo se estructura en la agregación del valor agregado a precios básicos de cada una de las actividades económicas más los impuestos netos de subsidios a los productos, utilizando las ponderaciones de las cuentas nacionales base 2004 de la República Argentina.</p><p>Este indicador <strong>se elabora con información parcial</strong>, de carácter provisorio -dado que en algunos casos es corregida y/o completada por la fuente- o con indicadores alternativos a los que se utilizan para el cálculo trimestral, en tanto se han evaluado como adecuadas aproximaciones. Dado que la estimación del PIB trimestral reúne mayor cantidad de datos, es habitual que se observen diferencias entre las variaciones trimestrales de ambos indicadores.</p>","f":"https://www.indec.gob.ar/ftp/cuadros/economia/metodologia_emae_ago_16.pdf","d":"El Estimador mensual de actividad económica (EMAE) refleja la evolución mensual de la actividad económica del conjunto de los sectores productivos a nivel nacional. Este indicador permite anticipar las tasas de variación del producto interno bruto (PIB) trimestral."},{"t":"ICE","st":"Estimador Mensual de Actividad económica","sd":"Este indicador <em>refleja la evolución mensual de la actividad económica</em> de 16 sectores productivos. Permite anticipar las tasas de variación del producto interno bruto (PIB) trimestral.","kpi":"ice","capis":{"interanual":[0],"desestacionalizada":[0],"tendencia-ciclo":[1]},"c":"<p><strong>El EMAE es un indicador provisorio de la evolución del PIB</strong> a precios constantes de 2004 que se difunde con un rezago de 50 a 60 días de concluido el mes de referencia, de acuerdo al <a href='/'>calendario de difusión del INDEC</a>.</p><p>Incluye la serie original (número índice y la variación porcentual respecto al mismo mes del año anterior), la serie desestacionalizada y la tendencia–ciclo (número índice y variación respecto al mes inmediato anterior).</p> <p><em>Ofrece una pauta del comportamiento de la actividad económica real</em> con una frecuencia mayor a la del PIB trimestral a precios constantes. Su cálculo se estructura en la agregación del valor agregado a precios básicos de cada una de las actividades económicas más los impuestos netos de subsidios a los productos, utilizando las ponderaciones de las cuentas nacionales base 2004 de la República Argentina.</p><p>Este indicador <strong>se elabora con información parcial</strong>, de carácter provisorio -dado que en algunos casos es corregida y/o completada por la fuente- o con indicadores alternativos a los que se utilizan para el cálculo trimestral, en tanto se han evaluado como adecuadas aproximaciones. Dado que la estimación del PIB trimestral reúne mayor cantidad de datos, es habitual que se observen diferencias entre las variaciones trimestrales de ambos indicadores.</p>","f":"https://www.indec.gob.ar/ftp/cuadros/economia/metodologia_emae_ago_16.pdf","d":"El Estimador mensual de actividad económica (EMAE) refleja la evolución mensual de la actividad económica del conjunto de los sectores productivos a nivel nacional. Este indicador permite anticipar las tasas de variación del producto interno bruto (PIB) trimestral."},{"t":"Inflacion","st":"Índice de Precios al Consumidor","sd":"El IPC mide la variación de precios de los bienes y servicios representativos del gasto de consumo de los hogares residentes en la zona seleccionada en comparación con los precios vigentes en el año base.","kpi":"ipc","capis":{"interanual":[0],"desestacionalizada":[0],"tendencia-ciclo":[0]},"c":"<p>El IPC provee información relevante en más de un sentido: • Se utiliza como medida de la inflación del país, por lo cual es considerado para la determinación de políticas económicas y monetarias, obligaciones contractuales, tasa de interés y remuneraciones. • Sirve como indicador del cambio en el poder de compra de los consumidores. • Es una herramienta útil para estimar series económicas a precios constantes. • Proporciona una serie de índices que permiten comparar la evolución de los precios de subconjuntos de bienes y servicios, proveyendo información sobre distintos sectores de la economía. • Muestra la variación promedio de precios de un conjunto de bienes y servicios comercializados en el mercado, representativos del consumo de los hogares. </p><p>Los índices de precios tratan de medir el efecto de los factores de precio, que en general son aquellos que “identifican el monto pagado por una unidad de medida de una clase y calidad específica de un bien o servicio específico obtenido de una fuente específica por un grupo de población específico”2 . Los índices de precios, por lo tanto, no deberían estar afectados por cambios en la calidad de los bienes y servicios.</p>","f":"https://www.indec.gob.ar/ftp/cuadros/economia/metodologia_ipc_nacional_2019.pdf","d":"El IPC mide la variación de precios de los bienes y servicios representativos del gasto de consumo de los hogares residentes en la zona seleccionada en comparación con los precios vigentes en el año base.","maxval":40,"minval":0},{"t":"IPI","st":"Índice de Producción Industrial Manufacturero","sd":"Este indicador incluye un exhaustivo relevamiento de todas las <em>actividades económicas que conforman la industria manufacturera</em>, con cobertura para el total del país.","kpi":"ipi","capis":{"interanual":[0],"desestacionalizada":[0],"tendencia-ciclo":[0]},"c":"<p>Este indicador mide la evolución del sector con periodicidad mensual y se calcula a partir de las variables de producción en unidades físicas, ventas en unidades físicas, utilización de insumos en unidades físicas, consumo aparente en unidades físicas, cantidad de horas trabajadas del personal afectado al proceso productivo y ventas a precios corrientes deflactadas.</p> <p>A partir de las variables seleccionadas, se calculan los índices elementales, que constituyen el nivel más desagregado del IPI manufacturero. Luego, se construyen los índices de las clases o grupos manufactureros, que se estructuran con la agregación de los índices elementales, utilizando las ponderaciones del valor agregado bruto a precios básicos de la industria manufacturera del año base 2004 de las cuentas nacionales. Del mismo modo, los índices de las divisiones se obtienen como agregación de los índices de las clases o grupos y, finalmente, el nivel general del IPI manufacturero se calcula como agregación de los índices de las divisiones.</p><p>En su conjunto, todas las variables seleccionadas aportan con periodicidad mensual datos sobre más de 5.000 establecimientos industriales manufactureros.</p>","f":"https://www.indec.gob.ar/ftp/cuadros/economia/metodologia_emae_ago_16.pdf","d":"El Estimador mensual de actividad económica (EMAE) refleja la evolución mensual de la actividad económica del conjunto de los sectores productivos a nivel nacional. Este indicador permite anticipar las tasas de variación del producto interno bruto (PIB) trimestral."},{"t":"ISAC","st":"Indicador Sintético de la Actividad de la Construcción","sd":"El indicador ISAC <em>muestra la evolución del sector de la construcción</em> tomando como referencia los consumos aparentes de insumos requeridos en la actividad. ","kpi":"isac","capis":{"interanual":[0],"desestacionalizada":[0],"tendencia-ciclo":[0]},"c":"<p>El indicador sintético de la actividad de la construcción (ISAC) muestra la evolución del sector tomando como referencia los consumos aparentes de insumos requeridos en la construcción. El consumo aparente se calcula como la suma de los despachos al mercado interno de producción nacional mas las importaciones para cada uno de los insumos que componen el indice general del ISAC.</p><p>La publicación incluye la serie original (números índice, variación porcentual respecto al mismo mes del año an- terior y variación porcentual acumulada), la serie desestacionalizada y la serie tendencia-ciclo (números índice y variación respecto al mes inmediato anterior) del ISAC. </p><p>Para el calculo del ISAC se consideran, en términos de volumen físico, los insumos: Asfalto, Cales, Cemento Portland, Grifería, Hierro redondo y aceros para la construcción, Hormigón elaborado, Ladrillos huecos, Mosaicos graníticos y cacareos, Pinturas para la construcción, Pisos y revestimientos cerámicos, Placas de yeso, Sanitarios de cerámica, Tubos de acero sin costura, Vidrio plano para la construcción y Yeso.</p>","f":"https://www.indec.gob.ar/ftp/cuadros/economia/metodologia_isac_2018.pdf","d":"El Estimador mensual de actividad económica (EMAE) refleja la evolución mensual de la actividad económica del conjunto de los sectores productivos a nivel nacional. Este indicador permite anticipar las tasas de variación del producto interno bruto (PIB) trimestral."},{"t":"Producción de Petroleo","st":"En millones de m3","sd":"Este indicador <em>refleja la evolución mensual de la actividad económica</em> de 16 sectores productivos. Permite anticipar las tasas de variación del producto interno bruto (PIB) trimestral.","kpi":"petroleo","capis":{"interanual":[0],"desestacionalizada":[0],"tendencia-ciclo":[0]},"c":"<p><strong>El EMAE es un indicador provisorio de la evolución del PIB</strong> a precios constantes de 2004 que se difunde con un rezago de 50 a 60 días de concluido el mes de referencia, de acuerdo al <a href='/'>calendario de difusión del INDEC</a>.</p><p>Incluye la serie original (número índice y la variación porcentual respecto al mismo mes del año anterior), la serie desestacionalizada y la tendencia–ciclo (número índice y variación respecto al mes inmediato anterior).</p> <p><em>Ofrece una pauta del comportamiento de la actividad económica real</em> con una frecuencia mayor a la del PIB trimestral a precios constantes. Su cálculo se estructura en la agregación del valor agregado a precios básicos de cada una de las actividades económicas más los impuestos netos de subsidios a los productos, utilizando las ponderaciones de las cuentas nacionales base 2004 de la República Argentina.</p><p>Este indicador <strong>se elabora con información parcial</strong>, de carácter provisorio -dado que en algunos casos es corregida y/o completada por la fuente- o con indicadores alternativos a los que se utilizan para el cálculo trimestral, en tanto se han evaluado como adecuadas aproximaciones. Dado que la estimación del PIB trimestral reúne mayor cantidad de datos, es habitual que se observen diferencias entre las variaciones trimestrales de ambos indicadores.</p>","f":"https://www.indec.gob.ar/ftp/cuadros/economia/metodologia_emae_ago_16.pdf","d":"El Estimador mensual de actividad económica (EMAE) refleja la evolución mensual de la actividad económica del conjunto de los sectores productivos a nivel nacional. Este indicador permite anticipar las tasas de variación del producto interno bruto (PIB) trimestral."},{"t":"Reservas Internacionales","st":"Estimador Mensual de Actividad económica","sd":"Este indicador <em>refleja la evolución mensual de la actividad económica</em> de 16 sectores productivos. Permite anticipar las tasas de variación del producto interno bruto (PIB) trimestral.","kpi":"reservas","capis":{"interanual":[0],"desestacionalizada":[0],"tendencia-ciclo":[0]},"c":"<p><strong>El EMAE es un indicador provisorio de la evolución del PIB</strong> a precios constantes de 2004 que se difunde con un rezago de 50 a 60 días de concluido el mes de referencia, de acuerdo al <a href='/'>calendario de difusión del INDEC</a>.</p><p>Incluye la serie original (número índice y la variación porcentual respecto al mismo mes del año anterior), la serie desestacionalizada y la tendencia–ciclo (número índice y variación respecto al mes inmediato anterior).</p> <p><em>Ofrece una pauta del comportamiento de la actividad económica real</em> con una frecuencia mayor a la del PIB trimestral a precios constantes. Su cálculo se estructura en la agregación del valor agregado a precios básicos de cada una de las actividades económicas más los impuestos netos de subsidios a los productos, utilizando las ponderaciones de las cuentas nacionales base 2004 de la República Argentina.</p><p>Este indicador <strong>se elabora con información parcial</strong>, de carácter provisorio -dado que en algunos casos es corregida y/o completada por la fuente- o con indicadores alternativos a los que se utilizan para el cálculo trimestral, en tanto se han evaluado como adecuadas aproximaciones. Dado que la estimación del PIB trimestral reúne mayor cantidad de datos, es habitual que se observen diferencias entre las variaciones trimestrales de ambos indicadores.</p>","f":"https://www.indec.gob.ar/ftp/cuadros/economia/metodologia_emae_ago_16.pdf","d":"El Estimador mensual de actividad económica (EMAE) refleja la evolución mensual de la actividad económica del conjunto de los sectores productivos a nivel nacional. Este indicador permite anticipar las tasas de variación del producto interno bruto (PIB) trimestral."},{"t":"Subsidios Económicos","st":"Energía y Transporte","sd":"Este indicador <em>refleja la evolución mensual de la actividad económica</em> de 16 sectores productivos. Permite anticipar las tasas de variación del producto interno bruto (PIB) trimestral.","kpi":"subsidios","capis":{"interanual":[0],"desestacionalizada":[0],"tendencia-ciclo":[0]},"c":"<p><strong>El EMAE es un indicador provisorio de la evolución del PIB</strong> a precios constantes de 2004 que se difunde con un rezago de 50 a 60 días de concluido el mes de referencia, de acuerdo al <a href='/'>calendario de difusión del INDEC</a>.</p><p>Incluye la serie original (número índice y la variación porcentual respecto al mismo mes del año anterior), la serie desestacionalizada y la tendencia–ciclo (número índice y variación respecto al mes inmediato anterior).</p> <p><em>Ofrece una pauta del comportamiento de la actividad económica real</em> con una frecuencia mayor a la del PIB trimestral a precios constantes. Su cálculo se estructura en la agregación del valor agregado a precios básicos de cada una de las actividades económicas más los impuestos netos de subsidios a los productos, utilizando las ponderaciones de las cuentas nacionales base 2004 de la República Argentina.</p><p>Este indicador <strong>se elabora con información parcial</strong>, de carácter provisorio -dado que en algunos casos es corregida y/o completada por la fuente- o con indicadores alternativos a los que se utilizan para el cálculo trimestral, en tanto se han evaluado como adecuadas aproximaciones. Dado que la estimación del PIB trimestral reúne mayor cantidad de datos, es habitual que se observen diferencias entre las variaciones trimestrales de ambos indicadores.</p>","f":"https://www.indec.gob.ar/ftp/cuadros/economia/metodologia_emae_ago_16.pdf","d":"El Estimador mensual de actividad económica (EMAE) refleja la evolución mensual de la actividad económica del conjunto de los sectores productivos a nivel nacional. Este indicador permite anticipar las tasas de variación del producto interno bruto (PIB) trimestral."},{"t":"Tasas de Interés","st":"Estimador Mensual de Actividad económica","sd":"Este indicador <em>refleja la evolución mensual de la actividad económica</em> de 16 sectores productivos. Permite anticipar las tasas de variación del producto interno bruto (PIB) trimestral.","kpi":"tasa","capis":{"interanual":[0],"desestacionalizada":[0],"tendencia-ciclo":[0]},"c":"<p><strong>El EMAE es un indicador provisorio de la evolución del PIB</strong> a precios constantes de 2004 que se difunde con un rezago de 50 a 60 días de concluido el mes de referencia, de acuerdo al <a href='/'>calendario de difusión del INDEC</a>.</p><p>Incluye la serie original (número índice y la variación porcentual respecto al mismo mes del año anterior), la serie desestacionalizada y la tendencia–ciclo (número índice y variación respecto al mes inmediato anterior).</p> <p><em>Ofrece una pauta del comportamiento de la actividad económica real</em> con una frecuencia mayor a la del PIB trimestral a precios constantes. Su cálculo se estructura en la agregación del valor agregado a precios básicos de cada una de las actividades económicas más los impuestos netos de subsidios a los productos, utilizando las ponderaciones de las cuentas nacionales base 2004 de la República Argentina.</p><p>Este indicador <strong>se elabora con información parcial</strong>, de carácter provisorio -dado que en algunos casos es corregida y/o completada por la fuente- o con indicadores alternativos a los que se utilizan para el cálculo trimestral, en tanto se han evaluado como adecuadas aproximaciones. Dado que la estimación del PIB trimestral reúne mayor cantidad de datos, es habitual que se observen diferencias entre las variaciones trimestrales de ambos indicadores.</p>","f":"https://www.indec.gob.ar/ftp/cuadros/economia/metodologia_emae_ago_16.pdf","d":"El Estimador mensual de actividad económica (EMAE) refleja la evolución mensual de la actividad económica del conjunto de los sectores productivos a nivel nacional. Este indicador permite anticipar las tasas de variación del producto interno bruto (PIB) trimestral."},{"t":"TCRM","st":"Estimador Mensual de Actividad económica","sd":"Este indicador <em>refleja la evolución mensual de la actividad económica</em> de 16 sectores productivos. Permite anticipar las tasas de variación del producto interno bruto (PIB) trimestral.","kpi":"tcrm","capis":{"interanual":[0],"desestacionalizada":[0],"tendencia-ciclo":[0]},"c":"<p><strong>El EMAE es un indicador provisorio de la evolución del PIB</strong> a precios constantes de 2004 que se difunde con un rezago de 50 a 60 días de concluido el mes de referencia, de acuerdo al <a href='/'>calendario de difusión del INDEC</a>.</p><p>Incluye la serie original (número índice y la variación porcentual respecto al mismo mes del año anterior), la serie desestacionalizada y la tendencia–ciclo (número índice y variación respecto al mes inmediato anterior).</p> <p><em>Ofrece una pauta del comportamiento de la actividad económica real</em> con una frecuencia mayor a la del PIB trimestral a precios constantes. Su cálculo se estructura en la agregación del valor agregado a precios básicos de cada una de las actividades económicas más los impuestos netos de subsidios a los productos, utilizando las ponderaciones de las cuentas nacionales base 2004 de la República Argentina.</p><p>Este indicador <strong>se elabora con información parcial</strong>, de carácter provisorio -dado que en algunos casos es corregida y/o completada por la fuente- o con indicadores alternativos a los que se utilizan para el cálculo trimestral, en tanto se han evaluado como adecuadas aproximaciones. Dado que la estimación del PIB trimestral reúne mayor cantidad de datos, es habitual que se observen diferencias entre las variaciones trimestrales de ambos indicadores.</p>","f":"https://www.indec.gob.ar/ftp/cuadros/economia/metodologia_emae_ago_16.pdf","d":"El Estimador mensual de actividad económica (EMAE) refleja la evolución mensual de la actividad económica del conjunto de los sectores productivos a nivel nacional. Este indicador permite anticipar las tasas de variación del producto interno bruto (PIB) trimestral."},{"t":"UCII","st":"Utilización de la Capacidad Instalada en la Industria","sd":"El indicador de la utilización de la capacidad instalada en la industria manufacturera mide la proporción utilizada, en términos porcentuales, de la capacidad productiva del sector industrial.","kpi":"ucii","capis":{"interanual":[0],"desestacionalizada":[0],"tendencia-ciclo":[1]},"c":"<p>El indicador de la Utilización de la Capacidad Instalada en la Industria mide la proporción de la capacidad instalada del sector industrial de nuestro país que está siendo actualmente utilizada.</p> <p>Para su cálculo se tiene en cuenta cuál es efectivamente la producción máxima que cada sector puede obtener con la capacidad instalada actual. Se consideran criterios técnicos, como el aprovechamiento potencial de las plantas productivas empleando el máximo de turnos posibles y las paradas necesarias para el mantenimiento apropiado de dicha capacidad.</p>","f":"https://www.indec.gob.ar/ftp/cuadros/economia/metodologia_emae_ago_16.pdf","d":"El Estimador mensual de actividad económica (EMAE) refleja la evolución mensual de la actividad económica del conjunto de los sectores productivos a nivel nacional. Este indicador permite anticipar las tasas de variación del producto interno bruto (PIB) trimestral."}]