{"Actividad Económica":[{"t":"Producción de Acero","kpi":"acero"},{"t":"Produccion de Cereales","kpi":"cereales"},{"t":"EMAE","kpi":"emae"},{"t":"Producción de Gas","kpi":"gas"},{"t":"IPI","kpi":"ipi"},{"t":"ISAC","kpi":"isac"},{"t":"Producción de Petroleo","kpi":"petroleo"},{"t":"UCII","kpi":"ucii"}],"Precios y Salarios":[{"t":"Asalariados","kpi":"asalariados"},{"t":"Desempleo","kpi":"desempleo"},{"t":"Inflacion","kpi":"ipc"}],"Cuentas Nacionales":[{"t":"Balanza Comercial","kpi":"balanza"},{"t":"Déficit Fiscal","kpi":"deficit"},{"t":"Subsidios Económicos","kpi":"subsidios"}],"Política Monetaria":[{"t":"Brecha USD/Peso","kpi":"brecha"},{"t":"Tipos de Cambio","kpi":"cambio"},{"t":"Compras BCRA","kpi":"comprasbcra"},{"t":"Riesgo País","kpi":"embi"},{"t":"Reservas Internacionales","kpi":"reservas"},{"t":"Tasas de Interés","kpi":"tasa"},{"t":"TCRM","kpi":"tcrm"}],"Sector Externo":[{"t":"ICE","kpi":"ice"}]}