{"Actividad Económica":[{"t":"EMAE","kpi":"emae"},{"t":"IPI","kpi":"ipi"},{"t":"IPI CAMMESA","kpi":"ipicammesa"},{"t":"ISAC","kpi":"isac"},{"t":"PBI","kpi":"pbi"},{"t":"UCII","kpi":"ucii"}],"Cuentas Nacionales":[{"t":"Déficit Fiscal","kpi":"deficit"},{"t":"Gastos de Capital","kpi":"gastos"},{"t":"Ingresos Tributarios","kpi":"tributarios"},{"t":"Intercambio Comercial","kpi":"balanza"},{"t":"Política de Ingresos","kpi":"polingresos"},{"t":"Subsidios Económicos","kpi":"subsidios"}],"Política Monetaria":[{"t":"Base Monetaria","kpi":"basemonetaria"},{"t":"Bonos CER","kpi":"bonoscer"},{"t":"Bonos USD","kpi":"bonosusd"},{"t":"Compras BCRA","kpi":"comprasbcra"},{"t":"Reservas BCRA","kpi":"reservas"},{"t":"Riesgo País","kpi":"embi"},{"t":"TCRM","kpi":"tcrm"},{"t":"Tasas de Interés","kpi":"tasa"},{"t":"Tipos de Cambio","kpi":"cambio"}],"Precios":[{"t":"IPC","kpi":"ipc"},{"t":"IPC Núcleo","kpi":"ipcnucleo"},{"t":"IPC-GBA","kpi":"ipcgba"},{"t":"IPIB","kpi":"ipib"},{"t":"IPIM","kpi":"ipim"}],"Producción":[{"t":"Producción de Acero","kpi":"acero"},{"t":"Producción de Autos","kpi":"autos"},{"t":"Producción de Cereales","kpi":"cereales"},{"t":"Producción de Gas","kpi":"gas"},{"t":"Producción de Petroleo","kpi":"petroleo"}],"Salarios":[{"t":"Asalariados","kpi":"asalariados"},{"t":"Desempleo","kpi":"desempleo"},{"t":"Haber Minimo Jubilatorio","kpi":"haberminimo"},{"t":"RIPTE","kpi":"ripte"},{"t":"Salario Minimo, Vital y Movil","kpi":"salariominimo"}],"Todos":[{"t":"Asalariados","kpi":"asalariados"},{"t":"Base Monetaria","kpi":"basemonetaria"},{"t":"Bonos CER","kpi":"bonoscer"},{"t":"Bonos USD","kpi":"bonosusd"},{"t":"Compras BCRA","kpi":"comprasbcra"},{"t":"Consumo Electrico","kpi":"consumoelectricidad"},{"t":"Consumo de Agua","kpi":"consumoagua"},{"t":"Consumo de Gas","kpi":"consumogas"},{"t":"Desempleo","kpi":"desempleo"},{"t":"Déficit Fiscal","kpi":"deficit"},{"t":"EMAE","kpi":"emae"},{"t":"GINI","kpi":"gini"},{"t":"Gastos de Capital","kpi":"gastos"},{"t":"Haber Minimo Jubilatorio","kpi":"haberminimo"},{"t":"ICC","kpi":"icc"},{"t":"ICE","kpi":"ice"},{"t":"IPC","kpi":"ipc"},{"t":"IPC Núcleo","kpi":"ipcnucleo"},{"t":"IPC-GBA","kpi":"ipcgba"},{"t":"IPI","kpi":"ipi"},{"t":"IPI CAMMESA","kpi":"ipicammesa"},{"t":"IPIB","kpi":"ipib"},{"t":"IPIM","kpi":"ipim"},{"t":"ISAC","kpi":"isac"},{"t":"Ingresos Tributarios","kpi":"tributarios"},{"t":"Intercambio Comercial","kpi":"balanza"},{"t":"PBI","kpi":"pbi"},{"t":"Población","kpi":"poblacion"},{"t":"Política de Ingresos","kpi":"polingresos"},{"t":"Producción de Acero","kpi":"acero"},{"t":"Producción de Autos","kpi":"autos"},{"t":"Producción de Cereales","kpi":"cereales"},{"t":"Producción de Gas","kpi":"gas"},{"t":"Producción de Petroleo","kpi":"petroleo"},{"t":"RIPTE","kpi":"ripte"},{"t":"Reservas BCRA","kpi":"reservas"},{"t":"Riesgo País","kpi":"embi"},{"t":"Salario Minimo, Vital y Movil","kpi":"salariominimo"},{"t":"Subsidios Económicos","kpi":"subsidios"},{"t":"TCRM","kpi":"tcrm"},{"t":"Tasas de Interés","kpi":"tasa"},{"t":"Tipos de Cambio","kpi":"cambio"},{"t":"UCII","kpi":"ucii"}],"Consumo":[{"t":"Consumo Electrico","kpi":"consumoelectricidad"},{"t":"Consumo de Agua","kpi":"consumoagua"},{"t":"Consumo de Gas","kpi":"consumogas"}],"Otros":[{"t":"GINI","kpi":"gini"},{"t":"ICC","kpi":"icc"},{"t":"ICE","kpi":"ice"},{"t":"Población","kpi":"poblacion"}]}