[{"t":"Producción de Acero","kpi":"acero","cat":"Producción","desc":"En Toneladas"},{"t":"Asalariados","kpi":"asalariados","cat":"Salarios","desc":"Sector Público y Privado"},{"t":"Producción de Autos","kpi":"autos","cat":"Producción","desc":"En Toneladas"},{"t":"Intercambio Comercial","kpi":"balanza","cat":"Cuentas Nacionales","desc":"Importaciones, Exportaciones y Saldo"},{"t":"Base Monetaria","kpi":"basemonetaria","cat":"Política Monetaria","desc":"Total e Instrumentos BCRA"},{"t":"Bonos CER","kpi":"bonoscer","cat":"Política Monetaria","desc":"Bonos del Tesoro"},{"t":"Bonos USD","kpi":"bonosusd","cat":"Política Monetaria","desc":"Bonos Ley Argentina y NY"},{"t":"Tipos de Cambio","kpi":"cambio","cat":"Política Monetaria","desc":"Brecha Peso/USD"},{"t":"Producción de Cereales","kpi":"cereales","cat":"Producción","desc":"En Toneladas"},{"t":"Compras BCRA","kpi":"comprasbcra","cat":"Política Monetaria","desc":"En millones de USD"},{"t":"Consumo de Agua","kpi":"consumoagua","cat":"Consumo","desc":"En Toneladas"},{"t":"Consumo Electrico","kpi":"consumoelectricidad","cat":"Consumo","desc":"En Toneladas"},{"t":"Consumo de Gas","kpi":"consumogas","cat":"Consumo","desc":"En Toneladas"},{"t":"Déficit Fiscal","kpi":"deficit","cat":"Cuentas Nacionales","desc":"Ingresos, Gastos y Ahorro"},{"t":"Desempleo","kpi":"desempleo","cat":"Salarios","desc":"Porcentaje Sobre el Total de la Población"},{"t":"EMAE","kpi":"emae","cat":"Actividad Económica","desc":"Estimador Mensual de Actividad Económica"},{"t":"Riesgo País","kpi":"embi","cat":"Política Monetaria","desc":"Emerging Market Bond Index"},{"t":"Producción de Gas","kpi":"gas","cat":"Producción","desc":"En millones de BTU"},{"t":"Gastos de Capital","kpi":"gastos","cat":"Cuentas Nacionales","desc":"En Millones de Pesos"},{"t":"GINI","kpi":"gini","cat":"Otros","desc":"Desigualdad según coeficiente de Gini"},{"t":"Haber Minimo Jubilatorio","kpi":"haberminimo","cat":"Salarios","desc":"Remuneración imponible promedio de los trabajadores estables"},{"t":"ICC","kpi":"icc","cat":"Otros","desc":"Índice de Confianza del Consumidor"},{"t":"ICE","kpi":"ice","cat":"Otros","desc":"Índice de Condiciones Externas"},{"t":"IPC","kpi":"ipc","cat":"Precios","desc":"Índice de Precios al Consumidor"},{"t":"IPC-GBA","kpi":"ipcgba","cat":"Precios","desc":"Índice de Precios al Consumidor"},{"t":"IPC Núcleo","kpi":"ipcnucleo","cat":"Precios","desc":"Índice de Precios al Consumidor"},{"t":"IPI","kpi":"ipi","cat":"Actividad Económica","desc":"Índice de Producción Industrial Manufacturero"},{"t":"IPIB","kpi":"ipib","cat":"Precios","desc":"Índice de Precios Internos Básicos al por Mayor"},{"t":"IPI CAMMESA","kpi":"ipicammesa","cat":"Actividad Económica","desc":"Índice Adelantado de Producción Industrial"},{"t":"IPIM","kpi":"ipim","cat":"Precios","desc":"Índice de Precios Internos al por Mayor"},{"t":"ISAC","kpi":"isac","cat":"Actividad Económica","desc":"Indicador Sintético de la Actividad de la Construcción"},{"t":"PBI","kpi":"pbi","cat":"Actividad Económica","desc":"Producto Bruto Interno (per Capita)"},{"t":"Producción de Petroleo","kpi":"petroleo","cat":"Producción","desc":"En millones de m3"},{"t":"Población","kpi":"poblacion","cat":"Otros","desc":"Cantidad de Habitantes"},{"t":"Política de Ingresos","kpi":"polingresos","cat":"Cuentas Nacionales","desc":"En Millones de Pesos"},{"t":"Reservas BCRA","kpi":"reservas","cat":"Política Monetaria","desc":"En miles de millones de USD"},{"t":"RIPTE","kpi":"ripte","cat":"Salarios","desc":"Remuneración imponible promedio de los trabajadores estables"},{"t":"Salario Minimo, Vital y Movil","kpi":"salariominimo","cat":"Salarios","desc":"Remuneración imponible promedio de los trabajadores estables"},{"t":"Subsidios Económicos","kpi":"subsidios","cat":"Cuentas Nacionales","desc":"Energía y Transporte"},{"t":"Tasas de Interés","kpi":"tasa","cat":"Política Monetaria","desc":"Tasa de Política Monetaria"},{"t":"TCRM","kpi":"tcrm","cat":"Política Monetaria","desc":"Tipo de Cambio Real Multilateral"},{"t":"Ingresos Tributarios","kpi":"tributarios","cat":"Cuentas Nacionales","desc":"Impuestos y subcategorias"},{"t":"UCII","kpi":"ucii","cat":"Actividad Económica","desc":"Utilización de la Capacidad Instalada en la Industria"}]