{"kpi":"ivm","t":"IVM","st":"Índice de Ventas Minoristas","sd":"El Índice de Ventas Minoristas (IVM) es un indicador de coyuntura que mide mensualmente la evolución de la facturación de los comercios minoristas PyMEs que desarrollan sus actividades dentro del país. Los establecimientos fueron seleccionados como representativos dadas nuestras estimaciones.","c":"<p>El Índice de Ventas Minoristas (IVM) es un indicador de coyuntura que mide mensualmente la evolución de la facturación de los comercios minoristas PyMEs que desarrollan sus actividades dentro del país. Los establecimientos fueron seleccionados como representativos dadas nuestras estimaciones.</p>","fd":"Scraped (XLS)","fdr":"https://estudioseconomicos.ec.gba.gov.ar/datos/nac/contnac-ventas-minoristas.xlsx","fu":"CAME","fur":"https://www.redcame.org.ar/estadisticas-pyme/78/ndice-de-ventas-minoristas","frec":"Mensual","d":"El Índice de Ventas Minoristas (IVM) es un indicador de coyuntura que mide mensualmente la evolución de la facturación de los comercios minoristas PyMEs que desarrollan sus actividades dentro del país. Los establecimientos fueron seleccionados como representativos dadas nuestras estimaciones.","max":200,"min":0,"cat":"Consumo","chartdata":{"labels":["2021-10-01","2021-11-01","2021-12-01","2022-01-01","2022-02-01","2022-03-01","2022-04-01","2022-05-02","2022-06-03","2022-07-04","2022-08-01","2022-09-01","2022-10-01"],"datasets":[{"backgroundColor":"rgba(46,120,210,0)","label":"IVM","data":["100.000","113.218","112.621","109.779","109.039","105.654","106.023","97.019","102.680","96.519","94.492","NaN","91.469"],"borderColor":"#2E78D2","pointRadius":0,"borderWidth":1.5}]}}