{"kpi":"asalariados","t":"Asalariados","st":"Sector Público y Privado","sd":"Trabajadores registrados según modalidad ocupacional en valores mensuales.","c":"<p>En Argentina, el término 'asalariado' se refiere a una persona que recibe un salario fijo por su trabajo como empleado en relación de dependencia en una empresa, organización o institución. Los asalariados son una parte importante de la fuerza laboral en Argentina y están cubiertos por la legislación laboral del país, que establece regulaciones sobre sus derechos y obligaciones, así como los deberes y responsabilidades de los empleadores.</p><p>Los asalariados pueden estar empleados en diferentes sectores económicos, incluyendo la industria, el comercio, los servicios, la administración pública, entre otros. También pueden desempeñar diferentes roles en sus trabajos, como operarios, administrativos, profesionales, técnicos, gerentes, entre otros.</p><p>Es importante destacar que los asalariados tienen derecho a ciertos beneficios y protecciones laborales, como el pago de salarios, horas extras, vacaciones, aguinaldo, licencias, seguro de salud y pensiones, entre otros. Además, el gobierno de Argentina establece un salario mínimo para los trabajadores, que es revisado periódicamente para garantizar su actualización y ajuste a la inflación.</p>","fd":"datos.gob.ar","fdr":"https://datos.gob.ar/dataset/sspm-trabajadores-registrados-segun-modalidad-ocupacional-principal-base-2012/archivo/sspm_151.1","fu":"MECON","fur":"https://www.argentina.gob.ar/economia/politicaeconomica/macroeconomica","frec":"Mensual","fruc":"mean","d":"El Estimador mensual de actividad económica (EMAE) refleja la evolución mensual de la actividad económica del conjunto de los sectores productivos a nivel nacional. Este indicador permite anticipar las tasas de variación del producto interno bruto (PIB) trimestral.","dimensions":[{"fillColor":"rgba(46,120,210,0)","label":"Empleo Privado","data":[{"x":"2012-01-01","y":6067.83},{"x":"2012-02-01","y":6062.07},{"x":"2012-03-01","y":6072.1},{"x":"2012-04-01","y":6056.68},{"x":"2012-05-01","y":6065.62},{"x":"2012-06-01","y":6064.84},{"x":"2012-07-01","y":6063},{"x":"2012-08-01","y":6059.92},{"x":"2012-09-01","y":6058.41},{"x":"2012-10-01","y":6063.3},{"x":"2012-11-01","y":6069.29},{"x":"2012-12-01","y":6090.8},{"x":"2013-01-01","y":6090.24},{"x":"2013-02-01","y":6097.99},{"x":"2013-03-01","y":6105.44},{"x":"2013-04-01","y":6116.33},{"x":"2013-05-01","y":6108.98},{"x":"2013-06-01","y":6102.96},{"x":"2013-07-01","y":6109.82},{"x":"2013-08-01","y":6124.62},{"x":"2013-09-01","y":6115.43},{"x":"2013-10-01","y":6117.17},{"x":"2013-11-01","y":6126.55},{"x":"2013-12-01","y":6123.43},{"x":"2014-01-01","y":6115.56},{"x":"2014-02-01","y":6109.51},{"x":"2014-03-01","y":6089.5},{"x":"2014-04-01","y":6095.96},{"x":"2014-05-01","y":6103.74},{"x":"2014-06-01","y":6110.01},{"x":"2014-07-01","y":6112.25},{"x":"2014-08-01","y":6110.47},{"x":"2014-09-01","y":6120.22},{"x":"2014-10-01","y":6128.46},{"x":"2014-11-01","y":6135.18},{"x":"2014-12-01","y":6142.78},{"x":"2015-01-01","y":6163.5},{"x":"2015-02-01","y":6177.87},{"x":"2015-03-01","y":6187.25},{"x":"2015-04-01","y":6224.73},{"x":"2015-05-01","y":6228.28},{"x":"2015-06-01","y":6247.15},{"x":"2015-07-01","y":6253.33},{"x":"2015-08-01","y":6266.82},{"x":"2015-09-01","y":6260.9},{"x":"2015-10-01","y":6264.35},{"x":"2015-11-01","y":6253.65},{"x":"2015-12-01","y":6223.45},{"x":"2016-01-01","y":6208.36},{"x":"2016-02-01","y":6206.26},{"x":"2016-03-01","y":6198.64},{"x":"2016-04-01","y":6188.22},{"x":"2016-05-01","y":6179.46},{"x":"2016-06-01","y":6171.11},{"x":"2016-07-01","y":6169.42},{"x":"2016-08-01","y":6170.21},{"x":"2016-09-01","y":6173.48},{"x":"2016-10-01","y":6180.46},{"x":"2016-11-01","y":6185.15},{"x":"2016-12-01","y":6187.14},{"x":"2017-01-01","y":6192.72},{"x":"2017-02-01","y":6189.23},{"x":"2017-03-01","y":6200.74},{"x":"2017-04-01","y":6197.98},{"x":"2017-05-01","y":6212.28},{"x":"2017-06-01","y":6227.21},{"x":"2017-07-01","y":6235.38},{"x":"2017-08-01","y":6236.36},{"x":"2017-09-01","y":6245.94},{"x":"2017-10-01","y":6257.6},{"x":"2017-11-01","y":6269.96},{"x":"2017-12-01","y":6282.2},{"x":"2018-01-01","y":6274.54},{"x":"2018-02-01","y":6269.92},{"x":"2018-03-01","y":6278.03},{"x":"2018-04-01","y":6280.43},{"x":"2018-05-01","y":6275.06},{"x":"2018-06-01","y":6253.65},{"x":"2018-07-01","y":6244.53},{"x":"2018-08-01","y":6236.47},{"x":"2018-09-01","y":6210.5},{"x":"2018-10-01","y":6195.73},{"x":"2018-11-01","y":6170.41},{"x":"2018-12-01","y":6153.92},{"x":"2019-01-01","y":6146.01},{"x":"2019-02-01","y":6148.86},{"x":"2019-03-01","y":6131.84},{"x":"2019-04-01","y":6124.7},{"x":"2019-05-01","y":6119.14},{"x":"2019-06-01","y":6111.69},{"x":"2019-07-01","y":6105.89},{"x":"2019-08-01","y":6097.09},{"x":"2019-09-01","y":6067.28},{"x":"2019-10-01","y":6044.19},{"x":"2019-11-01","y":6025.08},{"x":"2019-12-01","y":6004.89},{"x":"2020-01-01","y":5988.07},{"x":"2020-02-01","y":5988.41},{"x":"2020-03-01","y":5944.6},{"x":"2020-04-01","y":5836.39},{"x":"2020-05-01","y":5812.92},{"x":"2020-06-01","y":5807.63},{"x":"2020-07-01","y":5795.14},{"x":"2020-08-01","y":5798.87},{"x":"2020-09-01","y":5803.29},{"x":"2020-10-01","y":5804.1},{"x":"2020-11-01","y":5811.33},{"x":"2020-12-01","y":5810.52},{"x":"2021-01-01","y":5824.88},{"x":"2021-02-01","y":5834.14},{"x":"2021-03-01","y":5856.05},{"x":"2021-04-01","y":5890.04},{"x":"2021-05-01","y":5893.23},{"x":"2021-06-01","y":5899.88},{"x":"2021-07-01","y":5904.2},{"x":"2021-08-01","y":5920.48},{"x":"2021-09-01","y":5939.95},{"x":"2021-10-01","y":5954.5},{"x":"2021-11-01","y":5979.72},{"x":"2021-12-01","y":6012.33},{"x":"2022-01-01","y":6041.31},{"x":"2022-02-01","y":6055.34},{"x":"2022-03-01","y":6077.89},{"x":"2022-04-01","y":6107.35},{"x":"2022-05-01","y":6136.65},{"x":"2022-06-01","y":6166.01},{"x":"2022-07-01","y":6199.4},{"x":"2022-08-01","y":6206.29},{"x":"2022-09-01","y":6222.81},{"x":"2022-10-01","y":6239.26},{"x":"2022-11-01","y":6251.29}],"color":"#2E78D2"},{"fillColor":"rgba(46,120,210,0)","label":"Empleo Publico","data":[{"x":"2012-01-01","y":6105.95},{"x":"2012-02-01","y":6103.38},{"x":"2012-03-01","y":6112.37},{"x":"2012-04-01","y":6055.05},{"x":"2012-05-01","y":6042.62},{"x":"2012-06-01","y":6033.33},{"x":"2012-07-01","y":6026.88},{"x":"2012-08-01","y":6029.59},{"x":"2012-09-01","y":6022.8},{"x":"2012-10-01","y":6063.45},{"x":"2012-11-01","y":6087.14},{"x":"2012-12-01","y":6112.68},{"x":"2013-01-01","y":6129.52},{"x":"2013-02-01","y":6136.72},{"x":"2013-03-01","y":6139.61},{"x":"2013-04-01","y":6121.61},{"x":"2013-05-01","y":6085.39},{"x":"2013-06-01","y":6065.4},{"x":"2013-07-01","y":6077.98},{"x":"2013-08-01","y":6092.97},{"x":"2013-09-01","y":6085.84},{"x":"2013-10-01","y":6116.57},{"x":"2013-11-01","y":6141.61},{"x":"2013-12-01","y":6147.92},{"x":"2014-01-01","y":6153.75},{"x":"2014-02-01","y":6147.95},{"x":"2014-03-01","y":6127.05},{"x":"2014-04-01","y":6096.44},{"x":"2014-05-01","y":6076.79},{"x":"2014-06-01","y":6075.21},{"x":"2014-07-01","y":6080.49},{"x":"2014-08-01","y":6076.87},{"x":"2014-09-01","y":6097.04},{"x":"2014-10-01","y":6128.9},{"x":"2014-11-01","y":6145.25},{"x":"2014-12-01","y":6169.03},{"x":"2015-01-01","y":6197.18},{"x":"2015-02-01","y":6215.59},{"x":"2015-03-01","y":6228.76},{"x":"2015-04-01","y":6224.32},{"x":"2015-05-01","y":6197.65},{"x":"2015-06-01","y":6216.05},{"x":"2015-07-01","y":6223.41},{"x":"2015-08-01","y":6234.44},{"x":"2015-09-01","y":6237.56},{"x":"2015-10-01","y":6262.83},{"x":"2015-11-01","y":6266.76},{"x":"2015-12-01","y":6246.53},{"x":"2016-01-01","y":6237.18},{"x":"2016-02-01","y":6247.53},{"x":"2016-03-01","y":6241.28},{"x":"2016-04-01","y":6188.54},{"x":"2016-05-01","y":6152.62},{"x":"2016-06-01","y":6136.47},{"x":"2016-07-01","y":6135.35},{"x":"2016-08-01","y":6146.28},{"x":"2016-09-01","y":6151.24},{"x":"2016-10-01","y":6175.4},{"x":"2016-11-01","y":6200.06},{"x":"2016-12-01","y":6206.52},{"x":"2017-01-01","y":6224.43},{"x":"2017-02-01","y":6226.59},{"x":"2017-03-01","y":6248.45},{"x":"2017-04-01","y":6190.31},{"x":"2017-05-01","y":6188.84},{"x":"2017-06-01","y":6193.17},{"x":"2017-07-01","y":6202.01},{"x":"2017-08-01","y":6212.04},{"x":"2017-09-01","y":6221.48},{"x":"2017-10-01","y":6255.26},{"x":"2017-11-01","y":6282.18},{"x":"2017-12-01","y":6296.86},{"x":"2018-01-01","y":6309.33},{"x":"2018-02-01","y":6308.06},{"x":"2018-03-01","y":6322.59},{"x":"2018-04-01","y":6279.7},{"x":"2018-05-01","y":6251.08},{"x":"2018-06-01","y":6216.7},{"x":"2018-07-01","y":6215.11},{"x":"2018-08-01","y":6212.92},{"x":"2018-09-01","y":6181.24},{"x":"2018-10-01","y":6194.59},{"x":"2018-11-01","y":6182.77},{"x":"2018-12-01","y":6167.38},{"x":"2019-01-01","y":6179.23},{"x":"2019-02-01","y":6187.63},{"x":"2019-03-01","y":6177.31},{"x":"2019-04-01","y":6126.45},{"x":"2019-05-01","y":6097.03},{"x":"2019-06-01","y":6070.26},{"x":"2019-07-01","y":6079.69},{"x":"2019-08-01","y":6071.15},{"x":"2019-09-01","y":6041.85},{"x":"2019-10-01","y":6039.44},{"x":"2019-11-01","y":6033.14},{"x":"2019-12-01","y":6020.7},{"x":"2020-01-01","y":6021.94},{"x":"2020-02-01","y":6028.39},{"x":"2020-03-01","y":5994.42},{"x":"2020-04-01","y":5836.86},{"x":"2020-05-01","y":5787.44},{"x":"2020-06-01","y":5776.56},{"x":"2020-07-01","y":5768.55},{"x":"2020-08-01","y":5770.02},{"x":"2020-09-01","y":5780.89},{"x":"2020-10-01","y":5795.06},{"x":"2020-11-01","y":5816.82},{"x":"2020-12-01","y":5826.01},{"x":"2021-01-01","y":5850.59},{"x":"2021-02-01","y":5872.01},{"x":"2021-03-01","y":5907.38},{"x":"2021-04-01","y":5895.11},{"x":"2021-05-01","y":5869.97},{"x":"2021-06-01","y":5869.18},{"x":"2021-07-01","y":5876.03},{"x":"2021-08-01","y":5895.28},{"x":"2021-09-01","y":5916.09},{"x":"2021-10-01","y":5940.33},{"x":"2021-11-01","y":5988.54},{"x":"2021-12-01","y":6027.69},{"x":"2022-01-01","y":6069.32},{"x":"2022-02-01","y":6095.14},{"x":"2022-03-01","y":6129.64},{"x":"2022-04-01","y":6109.93},{"x":"2022-05-01","y":6117.02},{"x":"2022-06-01","y":6133.24},{"x":"2022-07-01","y":6166.44},{"x":"2022-08-01","y":6181.92},{"x":"2022-09-01","y":6198.76},{"x":"2022-10-01","y":6222.93},{"x":"2022-11-01","y":6257.88}],"color":"rgba(46,120,210,0.25)"}]}