{"kpi":"balancecambiario","t":"Balance Cambiario","st":"En millones de USD","sd":"Este indicador <em>refleja la evolución mensual de la actividad económica</em> de 16 sectores productivos. Permite anticipar las tasas de variación del producto interno bruto (PIB) trimestral.","c":"<p>Las compras diarias de divisas del BCRA (Banco Central de la República Argentina) son una herramienta que utiliza la entidad para intervenir en el mercado de cambios y regular el tipo de cambio del peso argentino con respecto a otras monedas, principalmente el dólar estadounidense.</p><p>El BCRA compra divisas en el mercado cambiario a través de subastas diarias en las que los vendedores ofrecen sus divisas y el BCRA las adquiere al mejor precio posible. Estas compras tienen como objetivo aumentar la oferta de dólares en el mercado y reducir la demanda, lo que a su vez puede contribuir a estabilizar el tipo de cambio del peso argentino.</p><p>El BCRA utiliza sus reservas internacionales para financiar las compras de divisas, que pueden variar en función de las necesidades de la economía y las condiciones del mercado cambiario. Las compras diarias de divisas son una de las herramientas que el BCRA utiliza en su política cambiaria, que también incluye la regulación de la tasa de interés y otras medidas de política monetaria.</p><p>Es importante destacar que las compras diarias de divisas no son una solución definitiva para los problemas económicos y cambiarios del país, sino una medida temporal que puede ayudar a aliviar algunas presiones en el mercado cambiario. Además, las compras de divisas pueden tener impactos en otros aspectos de la economía, como la inflación y el nivel de reservas internacionales del BCRA. Por lo tanto, es necesario que el BCRA evalúe cuidadosamente la eficacia de esta herramienta y la utilice de manera responsable y sostenible.</p>","fd":"Scraped (XLS)","fdr":"http://www.bcra.gov.ar/Pdfs/PublicacionesEstadisticas/series.xlsm","fu":"BCRA","fur":"http://www.bcra.gov.ar/Pdfs/PublicacionesEstadisticas/series.xlsm","frec":"Mensual","fruc":"mean","d":"El Estimador mensual de actividad económica (EMAE) refleja la evolución mensual de la actividad económica del conjunto de los sectores productivos a nivel nacional. Este indicador permite anticipar las tasas de variación del producto interno bruto (PIB) trimestral.","max":300,"min":-300,"dimensions":[{"color":"#2E78D2","label":"Cuenta Cambiaria USD","data":[{"x":"2003-01-01","y":758.49},{"x":"2003-02-01","y":432.2},{"x":"2003-03-01","y":822.4},{"x":"2003-04-01","y":850.78},{"x":"2003-05-01","y":966.21},{"x":"2003-06-01","y":1155.48},{"x":"2003-07-01","y":986.34},{"x":"2003-08-01","y":400.16},{"x":"2003-09-01","y":506.58},{"x":"2003-10-01","y":793.71},{"x":"2003-11-01","y":428.28},{"x":"2003-12-01","y":627.94},{"x":"2004-01-01","y":918.88},{"x":"2004-02-01","y":225.35},{"x":"2004-03-01","y":888.51},{"x":"2004-04-01","y":1390.86},{"x":"2004-05-01","y":1253.56},{"x":"2004-06-01","y":1338.82},{"x":"2004-07-01","y":864.31},{"x":"2004-08-01","y":290.66},{"x":"2004-09-01","y":693.54},{"x":"2004-10-01","y":608.22},{"x":"2004-11-01","y":426.97},{"x":"2004-12-01","y":1245.16},{"x":"2005-01-01","y":687.64},{"x":"2005-02-01","y":526.8},{"x":"2005-03-01","y":1141.45},{"x":"2005-04-01","y":1221.28},{"x":"2005-05-01","y":1301.27},{"x":"2005-06-01","y":1068.92},{"x":"2005-07-01","y":1331.49},{"x":"2005-08-01","y":362.07},{"x":"2005-09-01","y":266.4},{"x":"2005-10-01","y":472.82},{"x":"2005-11-01","y":280.82},{"x":"2005-12-01","y":623.45},{"x":"2006-01-01","y":768.02},{"x":"2006-02-01","y":328.98},{"x":"2006-03-01","y":1039.28},{"x":"2006-04-01","y":1176.7},{"x":"2006-05-01","y":1623.51},{"x":"2006-06-01","y":1009.03},{"x":"2006-07-01","y":1139.66},{"x":"2006-08-01","y":657.28},{"x":"2006-09-01","y":452.64},{"x":"2006-10-01","y":935.21},{"x":"2006-11-01","y":885.45},{"x":"2006-12-01","y":754.14},{"x":"2007-01-01","y":1248.28},{"x":"2007-02-01","y":402.51},{"x":"2007-03-01","y":882.07},{"x":"2007-04-01","y":1296.05},{"x":"2007-05-01","y":1742.16},{"x":"2007-06-01","y":1460.53},{"x":"2007-07-01","y":1403.66},{"x":"2007-08-01","y":486.5},{"x":"2007-09-01","y":602.86},{"x":"2007-10-01","y":866.1},{"x":"2007-11-01","y":1153.34},{"x":"2007-12-01","y":1020.5},{"x":"2008-01-01","y":1694.38},{"x":"2008-02-01","y":1257.69},{"x":"2008-03-01","y":598.95},{"x":"2008-04-01","y":1625.97},{"x":"2008-05-01","y":1698.76},{"x":"2008-06-01","y":1181.48},{"x":"2008-07-01","y":2082.64},{"x":"2008-08-01","y":1343.47},{"x":"2008-09-01","y":1479.52},{"x":"2008-10-01","y":598.44},{"x":"2008-11-01","y":1447.44},{"x":"2008-12-01","y":521.68},{"x":"2009-01-01","y":1355.81},{"x":"2009-02-01","y":905.91},{"x":"2009-03-01","y":508.95},{"x":"2009-04-01","y":1551.62},{"x":"2009-05-01","y":1854.33},{"x":"2009-06-01","y":1181.83},{"x":"2009-07-01","y":1070.7},{"x":"2009-08-01","y":743.15},{"x":"2009-09-01","y":219.73},{"x":"2009-10-01","y":598.94},{"x":"2009-11-01","y":130.73},{"x":"2009-12-01","y":-743.01},{"x":"2010-01-01","y":961.36},{"x":"2010-02-01","y":625.9},{"x":"2010-03-01","y":595.43},{"x":"2010-04-01","y":1992.04},{"x":"2010-05-01","y":1212.29},{"x":"2010-06-01","y":1458.25},{"x":"2010-07-01","y":1908.2},{"x":"2010-08-01","y":948.01},{"x":"2010-09-01","y":265.26},{"x":"2010-10-01","y":626.44},{"x":"2010-11-01","y":-123.6},{"x":"2010-12-01","y":415.67},{"x":"2011-01-01","y":717.19},{"x":"2011-02-01","y":50.7},{"x":"2011-03-01","y":758.25},{"x":"2011-04-01","y":1423.99},{"x":"2011-05-01","y":1611.26},{"x":"2011-06-01","y":872.43},{"x":"2011-07-01","y":884.79},{"x":"2011-08-01","y":241.49},{"x":"2011-09-01","y":-563.27},{"x":"2011-10-01","y":-459.67},{"x":"2011-11-01","y":-52.06},{"x":"2011-12-01","y":-1189.82},{"x":"2012-01-01","y":971.91},{"x":"2012-02-01","y":667.77},{"x":"2012-03-01","y":646.56},{"x":"2012-04-01","y":1858.38},{"x":"2012-05-01","y":2867.79},{"x":"2012-06-01","y":600.21},{"x":"2012-07-01","y":132.25},{"x":"2012-08-01","y":-112.64},{"x":"2012-09-01","y":-300.43},{"x":"2012-10-01","y":-581.91},{"x":"2012-11-01","y":-275.84},{"x":"2012-12-01","y":-2666.21},{"x":"2013-01-01","y":-632.46},{"x":"2013-02-01","y":-834.88},{"x":"2013-03-01","y":-801.08},{"x":"2013-04-01","y":-5.06},{"x":"2013-05-01","y":32.26},{"x":"2013-06-01","y":-68.1},{"x":"2013-07-01","y":-604.79},{"x":"2013-08-01","y":-687.3},{"x":"2013-09-01","y":-2403.04},{"x":"2013-10-01","y":-2653.59},{"x":"2013-11-01","y":-2325.33},{"x":"2013-12-01","y":-2339.11},{"x":"2014-01-01","y":-2200.02},{"x":"2014-02-01","y":73.42},{"x":"2014-03-01","y":11.95},{"x":"2014-04-01","y":486.46},{"x":"2014-05-01","y":706.44},{"x":"2014-06-01","y":-37.1},{"x":"2014-07-01","y":643.51},{"x":"2014-08-01","y":-242.57},{"x":"2014-09-01","y":-895.13},{"x":"2014-10-01","y":-849.42},{"x":"2014-11-01","y":-40.71},{"x":"2014-12-01","y":-78.52},{"x":"2015-01-01","y":-887.51},{"x":"2015-02-01","y":-224.59},{"x":"2015-03-01","y":-742.29},{"x":"2015-04-01","y":-177},{"x":"2015-05-01","y":118.09},{"x":"2015-06-01","y":-264.98},{"x":"2015-07-01","y":-532.95},{"x":"2015-08-01","y":-1349.95},{"x":"2015-09-01","y":-2165.65},{"x":"2015-10-01","y":-2134.7},{"x":"2015-11-01","y":-2414.49},{"x":"2015-12-01","y":-954.02},{"x":"2016-01-01","y":923.16},{"x":"2016-02-01","y":-238.46},{"x":"2016-03-01","y":-715.81},{"x":"2016-04-01","y":-6198.22},{"x":"2016-05-01","y":-669.2},{"x":"2016-06-01","y":-1727.77},{"x":"2016-07-01","y":-871.47},{"x":"2016-08-01","y":-771.63},{"x":"2016-09-01","y":-1154.99},{"x":"2016-10-01","y":-1667.08},{"x":"2016-11-01","y":-1087.9},{"x":"2016-12-01","y":-1394.92},{"x":"2017-01-01","y":-677.2},{"x":"2017-02-01","y":-908.9},{"x":"2017-03-01","y":-810.76},{"x":"2017-04-01","y":-1314.91},{"x":"2017-05-01","y":-960.86},{"x":"2017-06-01","y":-1522.25},{"x":"2017-07-01","y":-1387.87},{"x":"2017-08-01","y":-1138.85},{"x":"2017-09-01","y":-1594.87},{"x":"2017-10-01","y":-2257.72},{"x":"2017-11-01","y":-2713.38},{"x":"2017-12-01","y":-1764.63},{"x":"2018-01-01","y":-1910.31},{"x":"2018-02-01","y":-957.42},{"x":"2018-03-01","y":-1679.51},{"x":"2018-04-01","y":-1485.03},{"x":"2018-05-01","y":-2166.15},{"x":"2018-06-01","y":-438.4},{"x":"2018-07-01","y":-1165.96},{"x":"2018-08-01","y":-385.65},{"x":"2018-09-01","y":111.26},{"x":"2018-10-01","y":-366.42},{"x":"2018-11-01","y":-718.71},{"x":"2018-12-01","y":-108.32},{"x":"2019-01-01","y":64.42},{"x":"2019-02-01","y":462.89},{"x":"2019-03-01","y":313.59},{"x":"2019-04-01","y":253.38},{"x":"2019-05-01","y":248.31},{"x":"2019-06-01","y":947.13},{"x":"2019-07-01","y":500.38},{"x":"2019-08-01","y":834.74},{"x":"2019-09-01","y":1406.83},{"x":"2019-10-01","y":-507.6},{"x":"2019-11-01","y":1342.14},{"x":"2019-12-01","y":545.56},{"x":"2020-01-01","y":35.16},{"x":"2020-02-01","y":41.57},{"x":"2020-03-01","y":85.17},{"x":"2020-04-01","y":-158.6},{"x":"2020-05-01","y":-323.49},{"x":"2020-06-01","y":1561.94},{"x":"2020-07-01","y":504.37},{"x":"2020-08-01","y":-463.92},{"x":"2020-09-01","y":-599.93},{"x":"2020-10-01","y":-514.51},{"x":"2020-11-01","y":-330.2},{"x":"2020-12-01","y":405.79},{"x":"2021-01-01","y":416.69},{"x":"2021-02-01","y":749.28},{"x":"2021-03-01","y":1385.23},{"x":"2021-04-01","y":1518.88},{"x":"2021-05-01","y":1731.33},{"x":"2021-06-01","y":1281.9},{"x":"2021-07-01","y":656.58},{"x":"2021-08-01","y":-308.83},{"x":"2021-09-01","y":-784.55},{"x":"2021-10-01","y":554.57},{"x":"2021-11-01","y":-1566.73},{"x":"2021-12-01","y":-44.39},{"x":"2022-01-01","y":-471.46},{"x":"2022-02-01","y":-476.16},{"x":"2022-03-01","y":486.34},{"x":"2022-04-01","y":276.19},{"x":"2022-05-01","y":483.56},{"x":"2022-06-01","y":522.27},{"x":"2022-07-01","y":-1301.62},{"x":"2022-08-01","y":-572.38},{"x":"2022-09-01","y":5477.89},{"x":"2022-10-01","y":-664.18},{"x":"2022-11-01","y":-1200.82},{"x":"2022-12-01","y":2219.81},{"x":"2023-01-01","y":-1650.77}],"barThickness":1}]}