{"kpi":"commodityenergy","t":"Precio Petróleo","st":"Incluye petroleo, gas y carbon","sd":"Este indicador <em>refleja la evolución mensual de la actividad económica</em> de 16 sectores productivos. Permite anticipar las tasas de variación del producto interno bruto (PIB) trimestral.","c":"<p>La Unidad de Valor Adquisitivo UVA equivale a la milésima parte del costo promedio de construcción de un metro cuadrado de vivienda. El valor se actualiza diariamente en función a la variación del CER (Coeficiente de Estabilización de Referencia), basado en el índice de precios al consumidor. El valor de la UVA en pesos se publica en el Banco Central de la República Argentina.</p><p>De esta forma, la estrategia detrás de las UVA consiste en que la misma se ajuste a la evolución del costo de construcción. Es decir, la UVA se indexa a alguna variable que refleje la evolución de los precios del sector que genera la necesidad de tomar créditos hipotecarios. La finalidad que se persigue es la de expresar los precios de transacciones de largo plazo en moneda local (el peso), para desacoplarlas de las variaciones de una extranjera (el dólar). La dificultad es que el flujo de ingresos de los potenciales tomadores de crédito, se encuentran expresados en pesos y, por tanto, no necesariamente ajustan a la misma velocidad o nivel que la UVA.</p><p>Asimismo, dado que el CER se calcula de forma diaria y el IPC (Índice de Precios al Consumidor) de forma mensual (y desfasada); el primero es un tipo de proyección geométrica del IPC que calcula el BCRA. Finalmente, el IPC se encuentra en función de la variación de precios de una canasta de bienes y servicios representativa de la población, estimada por el INDEC.</p>","fdr":"https://www.bcsf.com.ar/ces/base-datos/bases/download-public-file/6","d":"El Estimador mensual de actividad económica (EMAE) refleja la evolución mensual de la actividad económica del conjunto de los sectores productivos a nivel nacional. Este indicador permite anticipar las tasas de variación del producto interno bruto (PIB) trimestral.","fd":"Scraped (XLS)","fu":"BCSF","fur":"https://www.bcsf.com.ar/","frec":"Mensual","chart":{"dates":[{"x":"1905-05-13","y":1.63},{"x":"1905-05-13","y":1.63},{"x":"1905-05-13","y":1.63},{"x":"1905-05-13","y":1.63},{"x":"1905-05-13","y":1.63},{"x":"1905-05-13","y":1.63},{"x":"1905-05-13","y":1.63},{"x":"1905-05-13","y":1.63},{"x":"1905-05-13","y":1.63},{"x":"1905-05-13","y":1.63},{"x":"1905-05-13","y":1.63},{"x":"1905-05-13","y":1.63},{"x":"1905-05-14","y":1.57},{"x":"1905-05-14","y":1.57},{"x":"1905-05-14","y":1.57},{"x":"1905-05-14","y":1.57},{"x":"1905-05-14","y":1.57},{"x":"1905-05-14","y":1.57},{"x":"1905-05-14","y":1.57},{"x":"1905-05-14","y":1.57},{"x":"1905-05-14","y":1.57},{"x":"1905-05-14","y":1.57},{"x":"1905-05-14","y":1.57},{"x":"1905-05-14","y":1.57},{"x":"1905-05-15","y":1.52},{"x":"1905-05-15","y":1.52},{"x":"1905-05-15","y":1.52},{"x":"1905-05-15","y":1.52},{"x":"1905-05-15","y":1.52},{"x":"1905-05-15","y":1.52},{"x":"1905-05-15","y":1.52},{"x":"1905-05-15","y":1.52},{"x":"1905-05-15","y":1.52},{"x":"1905-05-15","y":1.52},{"x":"1905-05-15","y":1.52},{"x":"1905-05-15","y":1.52},{"x":"1905-05-16","y":1.5},{"x":"1905-05-16","y":1.5},{"x":"1905-05-16","y":1.5},{"x":"1905-05-16","y":1.5},{"x":"1905-05-16","y":1.5},{"x":"1905-05-16","y":1.5},{"x":"1905-05-16","y":1.5},{"x":"1905-05-16","y":1.5},{"x":"1905-05-16","y":1.5},{"x":"1905-05-16","y":1.5},{"x":"1905-05-16","y":1.5},{"x":"1905-05-16","y":1.5},{"x":"1905-05-17","y":1.45},{"x":"1905-05-17","y":1.45},{"x":"1905-05-17","y":1.45},{"x":"1905-05-17","y":1.45},{"x":"1905-05-17","y":1.45},{"x":"1905-05-17","y":1.45},{"x":"1905-05-17","y":1.45},{"x":"1905-05-17","y":1.45},{"x":"1905-05-17","y":1.45},{"x":"1905-05-17","y":1.45},{"x":"1905-05-17","y":1.45},{"x":"1905-05-17","y":1.45},{"x":"1905-05-18","y":1.42},{"x":"1905-05-18","y":1.42},{"x":"1905-05-18","y":1.42},{"x":"1905-05-18","y":1.42},{"x":"1905-05-18","y":1.42},{"x":"1905-05-18","y":1.42},{"x":"1905-05-18","y":1.42},{"x":"1905-05-18","y":1.42},{"x":"1905-05-18","y":1.42},{"x":"1905-05-18","y":1.42},{"x":"1905-05-18","y":1.42},{"x":"1905-05-18","y":1.42},{"x":"1905-05-19","y":1.36},{"x":"1905-05-19","y":1.36},{"x":"1905-05-19","y":1.36},{"x":"1905-05-19","y":1.36},{"x":"1905-05-19","y":1.36},{"x":"1905-05-19","y":1.36},{"x":"1905-05-19","y":1.36},{"x":"1905-05-19","y":1.36},{"x":"1905-05-19","y":1.36},{"x":"1905-05-19","y":1.36},{"x":"1905-05-19","y":1.36},{"x":"1905-05-19","y":1.36},{"x":"1905-05-20","y":1.33},{"x":"1905-05-20","y":1.33},{"x":"1905-05-20","y":1.33},{"x":"1905-05-20","y":1.33},{"x":"1905-05-20","y":1.33},{"x":"1905-05-20","y":1.33},{"x":"1905-05-20","y":1.33},{"x":"1905-05-20","y":1.33},{"x":"1905-05-20","y":1.33},{"x":"1905-05-20","y":1.33},{"x":"1905-05-20","y":1.33},{"x":"1905-05-20","y":1.33},{"x":"1905-05-21","y":1.32},{"x":"1905-05-21","y":1.32},{"x":"1905-05-21","y":1.32},{"x":"1905-05-21","y":1.32},{"x":"1905-05-21","y":1.32},{"x":"1905-05-21","y":1.32},{"x":"1905-05-21","y":1.32},{"x":"1905-05-21","y":1.32},{"x":"1905-05-21","y":1.32},{"x":"1905-05-21","y":1.32},{"x":"1905-05-21","y":1.32},{"x":"1905-05-21","y":1.32},{"x":"1905-05-22","y":1.27},{"x":"1905-05-22","y":1.27},{"x":"1905-05-22","y":1.27},{"x":"1905-05-22","y":1.27},{"x":"1905-05-22","y":1.27},{"x":"1905-05-22","y":1.27},{"x":"1905-05-22","y":1.27},{"x":"1905-05-22","y":1.27},{"x":"1905-05-22","y":1.27},{"x":"1905-05-22","y":1.27},{"x":"1905-05-22","y":1.27},{"x":"1905-05-22","y":1.27},{"x":"1905-05-23","y":1.21},{"x":"1905-05-23","y":1.21},{"x":"1905-05-23","y":1.21},{"x":"1905-05-23","y":1.21},{"x":"1905-05-23","y":1.21},{"x":"1905-05-23","y":1.21},{"x":"1905-05-23","y":1.21},{"x":"1905-05-23","y":1.21},{"x":"1905-05-23","y":1.21},{"x":"1905-05-23","y":1.21},{"x":"1905-05-23","y":1.21},{"x":"1905-05-23","y":1.21},{"x":"1905-05-24","y":1.64},{"x":"1905-05-24","y":1.64},{"x":"1905-05-24","y":1.64},{"x":"1905-05-24","y":1.64},{"x":"1905-05-24","y":1.64},{"x":"1905-05-24","y":1.64},{"x":"1905-05-24","y":1.74},{"x":"1905-05-24","y":1.74},{"x":"1905-05-24","y":1.74},{"x":"1905-05-24","y":1.74},{"x":"1905-05-24","y":1.74},{"x":"1905-05-24","y":1.74},{"x":"1905-05-25","y":1.77},{"x":"1905-05-25","y":1.77},{"x":"1905-05-25","y":1.77},{"x":"1905-05-25","y":1.77},{"x":"1905-05-25","y":1.77},{"x":"1905-05-25","y":1.77},{"x":"1905-05-25","y":1.87},{"x":"1905-05-25","y":1.87},{"x":"1905-05-25","y":1.87},{"x":"1905-05-25","y":1.87},{"x":"1905-05-25","y":1.87},{"x":"1905-05-25","y":1.87},{"x":"1905-05-26","y":2.08},{"x":"1905-05-26","y":2.08},{"x":"1905-05-26","y":2.08},{"x":"1905-05-26","y":2.35},{"x":"1905-05-26","y":2.35},{"x":"1905-05-26","y":2.35},{"x":"1905-05-26","y":2.7},{"x":"1905-05-26","y":2.7},{"x":"1905-05-26","y":2.7},{"x":"1905-05-26","y":4.1},{"x":"1905-05-26","y":4.1},{"x":"1905-05-26","y":4.1},{"x":"1905-05-27","y":13},{"x":"1905-05-27","y":13},{"x":"1905-05-27","y":13},{"x":"1905-05-27","y":10.6},{"x":"1905-05-27","y":10.6},{"x":"1905-05-27","y":10.6},{"x":"1905-05-27","y":10},{"x":"1905-05-27","y":10},{"x":"1905-05-27","y":10},{"x":"1905-05-27","y":10.3},{"x":"1905-05-27","y":10.3},{"x":"1905-05-27","y":10.3},{"x":"1905-05-28","y":10.42},{"x":"1905-05-28","y":10.42},{"x":"1905-05-28","y":10.42},{"x":"1905-05-28","y":10.42},{"x":"1905-05-28","y":10.42},{"x":"1905-05-28","y":10.42},{"x":"1905-05-28","y":10.43},{"x":"1905-05-28","y":10.43},{"x":"1905-05-28","y":10.43},{"x":"1905-05-28","y":10.46},{"x":"1905-05-28","y":10.46},{"x":"1905-05-28","y":10.46},{"x":"1905-05-29","y":11.51},{"x":"1905-05-29","y":11.51},{"x":"1905-05-29","y":11.51},{"x":"1905-05-29","y":11.51},{"x":"1905-05-29","y":11.51},{"x":"1905-05-29","y":11.51},{"x":"1905-05-29","y":11.6},{"x":"1905-05-29","y":11.6},{"x":"1905-05-29","y":11.6},{"x":"1905-05-29","y":11.9},{"x":"1905-05-29","y":11.9},{"x":"1905-05-29","y":11.9},{"x":"1905-05-30","y":12.5},{"x":"1905-05-30","y":12.5},{"x":"1905-05-30","y":12.5},{"x":"1905-05-30","y":12.45},{"x":"1905-05-30","y":12.45},{"x":"1905-05-30","y":12.45},{"x":"1905-05-30","y":12.63},{"x":"1905-05-30","y":12.63},{"x":"1905-05-30","y":12.63},{"x":"1905-05-30","y":12.68},{"x":"1905-05-30","y":12.68},{"x":"1905-05-30","y":12.68},{"x":"1905-05-31","y":12.66},{"x":"1905-05-31","y":12.66},{"x":"1905-05-31","y":12.66},{"x":"1905-05-31","y":12.68},{"x":"1905-05-31","y":12.7},{"x":"1905-05-31","y":12.73},{"x":"1905-05-31","y":12.77},{"x":"1905-05-31","y":12.79},{"x":"1905-05-31","y":12.8},{"x":"1905-05-31","y":12.85},{"x":"1905-05-31","y":13.2},{"x":"1905-05-31","y":14.5},{"x":"1905-06-01","y":17.45},{"x":"1905-06-01","y":20.75},{"x":"1905-06-01","y":22.02},{"x":"1905-06-01","y":22.43},{"x":"1905-06-01","y":33.5},{"x":"1905-06-01","y":34.67},{"x":"1905-06-01","y":33.5},{"x":"1905-06-01","y":34},{"x":"1905-06-01","y":35.5},{"x":"1905-06-01","y":37.25},{"x":"1905-06-01","y":40.75},{"x":"1905-06-01","y":39.75},{"x":"1905-06-02","y":39},{"x":"1905-06-02","y":37.25},{"x":"1905-06-02","y":37},{"x":"1905-06-02","y":36.58},{"x":"1905-06-02","y":37.05},{"x":"1905-06-02","y":37},{"x":"1905-06-02","y":35.38},{"x":"1905-06-02","y":32.95},{"x":"1905-06-02","y":32.83},{"x":"1905-06-02","y":37.35},{"x":"1905-06-02","y":40.3},{"x":"1905-06-02","y":39.75},{"x":"1905-06-03","y":39.77},{"x":"1905-06-03","y":37.9},{"x":"1905-06-03","y":37.6},{"x":"1905-06-03","y":36.37},{"x":"1905-06-03","y":34.28},{"x":"1905-06-03","y":32.71},{"x":"1905-06-03","y":33.51},{"x":"1905-06-03","y":33.98},{"x":"1905-06-03","y":33.99},{"x":"1905-06-03","y":34.61},{"x":"1905-06-03","y":35.68},{"x":"1905-06-03","y":35.41},{"x":"1905-06-04","y":35.05},{"x":"1905-06-04","y":32.27},{"x":"1905-06-04","y":30.17},{"x":"1905-06-04","y":31.57},{"x":"1905-06-04","y":33.04},{"x":"1905-06-04","y":32.77},{"x":"1905-06-04","y":32.92},{"x":"1905-06-04","y":32.42},{"x":"1905-06-04","y":33.47},{"x":"1905-06-04","y":33.78},{"x":"1905-06-04","y":32.85},{"x":"1905-06-04","y":31.47},{"x":"1905-06-05","y":30.65},{"x":"1905-06-05","y":29.11},{"x":"1905-06-05","y":28.32},{"x":"1905-06-05","y":29.69},{"x":"1905-06-05","y":29.36},{"x":"1905-06-05","y":29.97},{"x":"1905-06-05","y":30.47},{"x":"1905-06-05","y":30.65},{"x":"1905-06-05","y":30.07},{"x":"1905-06-05","y":29.62},{"x":"1905-06-05","y":29.17},{"x":"1905-06-05","y":28.81},{"x":"1905-06-06","y":29.04},{"x":"1905-06-06","y":29.2},{"x":"1905-06-06","y":29.53},{"x":"1905-06-06","y":29.57},{"x":"1905-06-06","y":29.46},{"x":"1905-06-06","y":29.05},{"x":"1905-06-06","y":27.99},{"x":"1905-06-06","y":28.17},{"x":"1905-06-06","y":28.35},{"x":"1905-06-06","y":27.85},{"x":"1905-06-06","y":27.65},{"x":"1905-06-06","y":26.81},{"x":"1905-06-07","y":26.63},{"x":"1905-06-07","y":27.6},{"x":"1905-06-07","y":27.85},{"x":"1905-06-07","y":27.8},{"x":"1905-06-07","y":26.65},{"x":"1905-06-07","y":26.37},{"x":"1905-06-07","y":26.38},{"x":"1905-06-07","y":27.02},{"x":"1905-06-07","y":26.98},{"x":"1905-06-07","y":27.82},{"x":"1905-06-07","y":28.6},{"x":"1905-06-07","y":26.5},{"x":"1905-06-08","y":24.68},{"x":"1905-06-08","y":15.92},{"x":"1905-06-08","y":12.65},{"x":"1905-06-08","y":11.9},{"x":"1905-06-08","y":13.72},{"x":"1905-06-08","y":11.85},{"x":"1905-06-08","y":9.62},{"x":"1905-06-08","y":13.7},{"x":"1905-06-08","y":14.08},{"x":"1905-06-08","y":13.95},{"x":"1905-06-08","y":14.45},{"x":"1905-06-08","y":15.68},{"x":"1905-06-09","y":18.07},{"x":"1905-06-09","y":17.25},{"x":"1905-06-09","y":17.75},{"x":"1905-06-09","y":17.9},{"x":"1905-06-09","y":18.4},{"x":"1905-06-09","y":18.72},{"x":"1905-06-09","y":19.62},{"x":"1905-06-09","y":18.82},{"x":"1905-06-09","y":18.28},{"x":"1905-06-09","y":18.57},{"x":"1905-06-09","y":17.75},{"x":"1905-06-09","y":16.63},{"x":"1905-06-10","y":16.47},{"x":"1905-06-10","y":15.85},{"x":"1905-06-10","y":14.78},{"x":"1905-06-10","y":16.47},{"x":"1905-06-10","y":16.22},{"x":"1905-06-10","y":15.33},{"x":"1905-06-10","y":14.48},{"x":"1905-06-10","y":14.55},{"x":"1905-06-10","y":13.1},{"x":"1905-06-10","y":12.18},{"x":"1905-06-10","y":12.53},{"x":"1905-06-10","y":14.65},{"x":"1905-06-11","y":16.48},{"x":"1905-06-11","y":16.35},{"x":"1905-06-11","y":18.03},{"x":"1905-06-11","y":19.2},{"x":"1905-06-11","y":18.02},{"x":"1905-06-11","y":17.63},{"x":"1905-06-11","y":17.67},{"x":"1905-06-11","y":16.88},{"x":"1905-06-11","y":17.67},{"x":"1905-06-11","y":18.42},{"x":"1905-06-11","y":18.37},{"x":"1905-06-11","y":19.35},{"x":"1905-06-12","y":20.35},{"x":"1905-06-12","y":19.6},{"x":"1905-06-12","y":18.22},{"x":"1905-06-12","y":16.55},{"x":"1905-06-12","y":16.58},{"x":"1905-06-12","y":15.27},{"x":"1905-06-12","y":17.17},{"x":"1905-06-12","y":26.4},{"x":"1905-06-12","y":32.7},{"x":"1905-06-12","y":34.5},{"x":"1905-06-12","y":31.08},{"x":"1905-06-12","y":26.13},{"x":"1905-06-13","y":22.58},{"x":"1905-06-13","y":18.13},{"x":"1905-06-13","y":18.07},{"x":"1905-06-13","y":18.47},{"x":"1905-06-13","y":18.82},{"x":"1905-06-13","y":17.93},{"x":"1905-06-13","y":19.05},{"x":"1905-06-13","y":19.37},{"x":"1905-06-13","y":20.05},{"x":"1905-06-13","y":21.47},{"x":"1905-06-13","y":20.77},{"x":"1905-06-13","y":17.75},{"x":"1905-06-14","y":17.38},{"x":"1905-06-14","y":17.62},{"x":"1905-06-14","y":17.45},{"x":"1905-06-14","y":18.63},{"x":"1905-06-14","y":19.5},{"x":"1905-06-14","y":20.83},{"x":"1905-06-14","y":20.17},{"x":"1905-06-14","y":19.62},{"x":"1905-06-14","y":20.15},{"x":"1905-06-14","y":20.08},{"x":"1905-06-14","y":18.88},{"x":"1905-06-14","y":17.93},{"x":"1905-06-15","y":17.22},{"x":"1905-06-15","y":18.17},{"x":"1905-06-15","y":18.47},{"x":"1905-06-15","y":18.43},{"x":"1905-06-15","y":18.17},{"x":"1905-06-15","y":17.47},{"x":"1905-06-15","y":16.32},{"x":"1905-06-15","y":16.48},{"x":"1905-06-15","y":15.9},{"x":"1905-06-15","y":16.52},{"x":"1905-06-15","y":15.2},{"x":"1905-06-15","y":13.77},{"x":"1905-06-16","y":14.13},{"x":"1905-06-16","y":13.78},{"x":"1905-06-16","y":13.62},{"x":"1905-06-16","y":15.08},{"x":"1905-06-16","y":16.28},{"x":"1905-06-16","y":17.17},{"x":"1905-06-16","y":17.88},{"x":"1905-06-16","y":17},{"x":"1905-06-16","y":16.2},{"x":"1905-06-16","y":16.47},{"x":"1905-06-16","y":17.08},{"x":"1905-06-16","y":15.94},{"x":"1905-06-17","y":16.9},{"x":"1905-06-17","y":17.42},{"x":"1905-06-17","y":17.35},{"x":"1905-06-17","y":18.65},{"x":"1905-06-17","y":18.42},{"x":"1905-06-17","y":17.36},{"x":"1905-06-17","y":16.08},{"x":"1905-06-17","y":16.47},{"x":"1905-06-17","y":16.82},{"x":"1905-06-17","y":16.12},{"x":"1905-06-17","y":16.74},{"x":"1905-06-17","y":17.87},{"x":"1905-06-18","y":17.8},{"x":"1905-06-18","y":17.7},{"x":"1905-06-18","y":19.4},{"x":"1905-06-18","y":20.66},{"x":"1905-06-18","y":19.06},{"x":"1905-06-18","y":18.51},{"x":"1905-06-18","y":19.59},{"x":"1905-06-18","y":20.44},{"x":"1905-06-18","y":22.26},{"x":"1905-06-18","y":23.61},{"x":"1905-06-18","y":22.39},{"x":"1905-06-18","y":23.62},{"x":"1905-06-19","y":23.23},{"x":"1905-06-19","y":20.42},{"x":"1905-06-19","y":19.33},{"x":"1905-06-19","y":17.88},{"x":"1905-06-19","y":19.37},{"x":"1905-06-19","y":17.92},{"x":"1905-06-19","y":18.33},{"x":"1905-06-19","y":18.7},{"x":"1905-06-19","y":18.66},{"x":"1905-06-19","y":20.04},{"x":"1905-06-19","y":19.09},{"x":"1905-06-19","y":17.09},{"x":"1905-06-20","y":15},{"x":"1905-06-20","y":14.1},{"x":"1905-06-20","y":13.12},{"x":"1905-06-20","y":13.5},{"x":"1905-06-20","y":14.03},{"x":"1905-06-20","y":12.48},{"x":"1905-06-20","y":12.7},{"x":"1905-06-20","y":12.49},{"x":"1905-06-20","y":13.8},{"x":"1905-06-20","y":13.26},{"x":"1905-06-20","y":11.88},{"x":"1905-06-20","y":10.41},{"x":"1905-06-21","y":11.44},{"x":"1905-06-21","y":10.75},{"x":"1905-06-21","y":13.17},{"x":"1905-06-21","y":15.87},{"x":"1905-06-21","y":16.06},{"x":"1905-06-21","y":16.39},{"x":"1905-06-21","y":18.99},{"x":"1905-06-21","y":20.27},{"x":"1905-06-21","y":22.7},{"x":"1905-06-21","y":21.95},{"x":"1905-06-21","y":24.16},{"x":"1905-06-21","y":25.1},{"x":"1905-06-22","y":25.31},{"x":"1905-06-22","y":27.22},{"x":"1905-06-22","y":27.49},{"x":"1905-06-22","y":23.47},{"x":"1905-06-22","y":27.19},{"x":"1905-06-22","y":29.62},{"x":"1905-06-22","y":28.18},{"x":"1905-06-22","y":29.26},{"x":"1905-06-22","y":32.08},{"x":"1905-06-22","y":31.4},{"x":"1905-06-22","y":32.33},{"x":"1905-06-22","y":25.2},{"x":"1905-06-23","y":25.96},{"x":"1905-06-23","y":27.24},{"x":"1905-06-23","y":25.02},{"x":"1905-06-23","y":25.72},{"x":"1905-06-23","y":27.55},{"x":"1905-06-23","y":26.97},{"x":"1905-06-23","y":24.8},{"x":"1905-06-23","y":25.82},{"x":"1905-06-23","y":25.21},{"x":"1905-06-23","y":20.73},{"x":"1905-06-23","y":18.69},{"x":"1905-06-23","y":18.52},{"x":"1905-06-24","y":19.15},{"x":"1905-06-24","y":19.98},{"x":"1905-06-24","y":23.64},{"x":"1905-06-24","y":25.43},{"x":"1905-06-24","y":25.67},{"x":"1905-06-24","y":24.49},{"x":"1905-06-24","y":25.75},{"x":"1905-06-24","y":26.78},{"x":"1905-06-24","y":28.28},{"x":"1905-06-24","y":27.53},{"x":"1905-06-24","y":24.54},{"x":"1905-06-24","y":27.89},{"x":"1905-06-25","y":30.75},{"x":"1905-06-25","y":32.88},{"x":"1905-06-25","y":30.36},{"x":"1905-06-25","y":25.56},{"x":"1905-06-25","y":26.06},{"x":"1905-06-25","y":27.92},{"x":"1905-06-25","y":28.59},{"x":"1905-06-25","y":29.68},{"x":"1905-06-25","y":26.88},{"x":"1905-06-25","y":29.01},{"x":"1905-06-25","y":29.12},{"x":"1905-06-25","y":29.97},{"x":"1905-06-26","y":31.37},{"x":"1905-06-26","y":31.33},{"x":"1905-06-26","y":33.67},{"x":"1905-06-26","y":33.71},{"x":"1905-06-26","y":37.56},{"x":"1905-06-26","y":35.54},{"x":"1905-06-26","y":37.89},{"x":"1905-06-26","y":42.08},{"x":"1905-06-26","y":41.6},{"x":"1905-06-26","y":46.88},{"x":"1905-06-26","y":42.13},{"x":"1905-06-26","y":39.04},{"x":"1905-06-27","y":42.97},{"x":"1905-06-27","y":44.82},{"x":"1905-06-27","y":50.94},{"x":"1905-06-27","y":50.64},{"x":"1905-06-27","y":47.83},{"x":"1905-06-27","y":53.89},{"x":"1905-06-27","y":56.37},{"x":"1905-06-27","y":61.89},{"x":"1905-06-27","y":61.69},{"x":"1905-06-27","y":58.19},{"x":"1905-06-27","y":55.04},{"x":"1905-06-27","y":56.43},{"x":"1905-06-28","y":62.46},{"x":"1905-06-28","y":59.7},{"x":"1905-06-28","y":60.93},{"x":"1905-06-28","y":67.97},{"x":"1905-06-28","y":68.68},{"x":"1905-06-28","y":68.29},{"x":"1905-06-28","y":72.45},{"x":"1905-06-28","y":71.81},{"x":"1905-06-28","y":62.12},{"x":"1905-06-28","y":57.91},{"x":"1905-06-28","y":58.14},{"x":"1905-06-28","y":60.99},{"x":"1905-06-29","y":53.52},{"x":"1905-06-29","y":57.56},{"x":"1905-06-29","y":60.6},{"x":"1905-06-29","y":65.06},{"x":"1905-06-29","y":65.16},{"x":"1905-06-29","y":68.19},{"x":"1905-06-29","y":73.6},{"x":"1905-06-29","y":70.13},{"x":"1905-06-29","y":76.76},{"x":"1905-06-29","y":81.97},{"x":"1905-06-29","y":91.34},{"x":"1905-06-29","y":89.52},{"x":"1905-06-30","y":90.69},{"x":"1905-06-30","y":93.39},{"x":"1905-06-30","y":101.84},{"x":"1905-06-30","y":108.76},{"x":"1905-06-30","y":122.63},{"x":"1905-06-30","y":131.52},{"x":"1905-06-30","y":132.83},{"x":"1905-06-30","y":114.57},{"x":"1905-06-30","y":99.66},{"x":"1905-06-30","y":72.69},{"x":"1905-06-30","y":53.97},{"x":"1905-06-30","y":41.34},{"x":"1905-07-01","y":43.86},{"x":"1905-07-01","y":41.84},{"x":"1905-07-01","y":46.65},{"x":"1905-07-01","y":50.28},{"x":"1905-07-01","y":58.15},{"x":"1905-07-01","y":69.15},{"x":"1905-07-01","y":64.67},{"x":"1905-07-01","y":71.63},{"x":"1905-07-01","y":68.35},{"x":"1905-07-01","y":74.08},{"x":"1905-07-01","y":77.55},{"x":"1905-07-01","y":74.88},{"x":"1905-07-02","y":77.12},{"x":"1905-07-02","y":74.76},{"x":"1905-07-02","y":79.3},{"x":"1905-07-02","y":84.18},{"x":"1905-07-02","y":75.62},{"x":"1905-07-02","y":74.72},{"x":"1905-07-02","y":74.58},{"x":"1905-07-02","y":75.83},{"x":"1905-07-02","y":76.12},{"x":"1905-07-02","y":81.72},{"x":"1905-07-02","y":84.53},{"x":"1905-07-02","y":90.01},{"x":"1905-07-03","y":92.69},{"x":"1905-07-03","y":97.91},{"x":"1905-07-03","y":108.65},{"x":"1905-07-03","y":116.24},{"x":"1905-07-03","y":108.07},{"x":"1905-07-03","y":105.85},{"x":"1905-07-03","y":107.92},{"x":"1905-07-03","y":100.49},{"x":"1905-07-03","y":100.82},{"x":"1905-07-03","y":99.85},{"x":"1905-07-03","y":105.41},{"x":"1905-07-03","y":104.23},{"x":"1905-07-04","y":107.07},{"x":"1905-07-04","y":112.69},{"x":"1905-07-04","y":117.78},{"x":"1905-07-04","y":113.67},{"x":"1905-07-04","y":104.09},{"x":"1905-07-04","y":90.73},{"x":"1905-07-04","y":96.75},{"x":"1905-07-04","y":105.27},{"x":"1905-07-04","y":106.28},{"x":"1905-07-04","y":103.41},{"x":"1905-07-04","y":101.17},{"x":"1905-07-04","y":101.19},{"x":"1905-07-05","y":105.1},{"x":"1905-07-05","y":107.64},{"x":"1905-07-05","y":102.52},{"x":"1905-07-05","y":98.85},{"x":"1905-07-05","y":99.37},{"x":"1905-07-05","y":99.74},{"x":"1905-07-05","y":105.26},{"x":"1905-07-05","y":108.16},{"x":"1905-07-05","y":108.76},{"x":"1905-07-05","y":105.43},{"x":"1905-07-05","y":102.63},{"x":"1905-07-05","y":105.48},{"x":"1905-07-06","y":102.1},{"x":"1905-07-06","y":104.83},{"x":"1905-07-06","y":104.04},{"x":"1905-07-06","y":104.87},{"x":"1905-07-06","y":105.71},{"x":"1905-07-06","y":108.37},{"x":"1905-07-06","y":105.23},{"x":"1905-07-06","y":100.05},{"x":"1905-07-06","y":95.85},{"x":"1905-07-06","y":86.08},{"x":"1905-07-06","y":76.99},{"x":"1905-07-06","y":60.7},{"x":"1905-07-07","y":47.11},{"x":"1905-07-07","y":54.79},{"x":"1905-07-07","y":52.83},{"x":"1905-07-07","y":57.54},{"x":"1905-07-07","y":62.51},{"x":"1905-07-07","y":61.31},{"x":"1905-07-07","y":54.34},{"x":"1905-07-07","y":45.69},{"x":"1905-07-07","y":46.28},{"x":"1905-07-07","y":46.96},{"x":"1905-07-07","y":43.11},{"x":"1905-07-07","y":36.57},{"x":"1905-07-08","y":29.78},{"x":"1905-07-08","y":31.03},{"x":"1905-07-08","y":37.34},{"x":"1905-07-08","y":40.75},{"x":"1905-07-08","y":45.94},{"x":"1905-07-08","y":47.69},{"x":"1905-07-08","y":44.13},{"x":"1905-07-08","y":44.88},{"x":"1905-07-08","y":45.04},{"x":"1905-07-08","y":49.29},{"x":"1905-07-08","y":45.26},{"x":"1905-07-08","y":52.62},{"x":"1905-07-09","y":53.59},{"x":"1905-07-09","y":54.35},{"x":"1905-07-09","y":50.9},{"x":"1905-07-09","y":52.16},{"x":"1905-07-09","y":49.89},{"x":"1905-07-09","y":46.17},{"x":"1905-07-09","y":47.66},{"x":"1905-07-09","y":49.94},{"x":"1905-07-09","y":52.95},{"x":"1905-07-09","y":54.92},{"x":"1905-07-09","y":59.93},{"x":"1905-07-09","y":61.19},{"x":"1905-07-10","y":66.23},{"x":"1905-07-10","y":63.46},{"x":"1905-07-10","y":64.17},{"x":"1905-07-10","y":68.79},{"x":"1905-07-10","y":73.43},{"x":"1905-07-10","y":71.98},{"x":"1905-07-10","y":72.67},{"x":"1905-07-10","y":71.08},{"x":"1905-07-10","y":75.36},{"x":"1905-07-10","y":76.73},{"x":"1905-07-10","y":62.32},{"x":"1905-07-10","y":53.96},{"x":"1905-07-11","y":56.58},{"x":"1905-07-11","y":61.13},{"x":"1905-07-11","y":63.79},{"x":"1905-07-11","y":68.58},{"x":"1905-07-11","y":66.83},{"x":"1905-07-11","y":59.76},{"x":"1905-07-11","y":61.48},{"x":"1905-07-11","y":57.67},{"x":"1905-07-11","y":60.04},{"x":"1905-07-11","y":57.27},{"x":"1905-07-11","y":60.4},{"x":"1905-07-11","y":63.35},{"x":"1905-07-12","y":61.63},{"x":"1905-07-12","y":53.35},{"x":"1905-07-12","y":32.2},{"x":"1905-07-12","y":21.04},{"x":"1905-07-12","y":30.38},{"x":"1905-07-12","y":39.46},{"x":"1905-07-12","y":42.07},{"x":"1905-07-12","y":43.44},{"x":"1905-07-12","y":40.6},{"x":"1905-07-12","y":39.9},{"x":"1905-07-12","y":42.3},{"x":"1905-07-12","y":48.73},{"x":"1905-07-13","y":53.6},{"x":"1905-07-13","y":60.46},{"x":"1905-07-13","y":63.83},{"x":"1905-07-13","y":62.95},{"x":"1905-07-13","y":66.4},{"x":"1905-07-13","y":71.8},{"x":"1905-07-13","y":73.28},{"x":"1905-07-13","y":68.87},{"x":"1905-07-13","y":72.8},{"x":"1905-07-13","y":82.06},{"x":"1905-07-13","y":79.92},{"x":"1905-07-13","y":72.87},{"x":"1905-07-14","y":83.92},{"x":"1905-07-14","y":93.54},{"x":"1905-07-14","y":112.4},{"x":"1905-07-14","y":103.41},{"x":"1905-07-14","y":110.1},{"x":"1905-07-14","y":116.8},{"x":"1905-07-14","y":105.08},{"x":"1905-07-14","y":95.97},{"x":"1905-07-14","y":88.22},{"x":"1905-07-14","y":90.33},{"x":"1905-07-14","y":87.38},{"x":"1905-07-14","y":78.07},{"x":"1905-07-15","y":80.41},{"x":"1905-07-15","y":0},{"x":"1905-07-15","y":0},{"x":"1905-07-15","y":0},{"x":"1905-07-15","y":0},{"x":"1905-07-15","y":0},{"x":"1905-07-15","y":0},{"x":"1905-07-15","y":0},{"x":"1905-07-15","y":0},{"x":"1905-07-15","y":0},{"x":"1905-07-15","y":0},{"x":"1905-07-15","y":0},{"x":"1905-07-16","y":0},{"x":"1905-07-16","y":0},{"x":"1905-07-16","y":0},{"x":"1905-07-16","y":0},{"x":"1905-07-16","y":0},{"x":"1905-07-16","y":0},{"x":"1905-07-16","y":0},{"x":"1905-07-16","y":0},{"x":"1905-07-16","y":0},{"x":"1905-07-16","y":0},{"x":"1905-07-16","y":0},{"x":"1905-07-16","y":0},{"x":"1905-07-17","y":0},{"x":"1905-07-17","y":0},{"x":"1905-07-17","y":0},{"x":"1905-07-17","y":0},{"x":"1905-07-17","y":0},{"x":"1905-07-17","y":0},{"x":"1905-07-17","y":0},{"x":"1905-07-17","y":0},{"x":"1905-07-17","y":0},{"x":"1905-07-17","y":0},{"x":"1905-07-17","y":0},{"x":"1905-07-17","y":0}],"dimensions":[{"fillColor":"rgba(46,120,210,0.05)","label":"Energy Price Index","data":[{"x":"1905-05-13","y":1.63},{"x":"1905-05-13","y":1.63},{"x":"1905-05-13","y":1.63},{"x":"1905-05-13","y":1.63},{"x":"1905-05-13","y":1.63},{"x":"1905-05-13","y":1.63},{"x":"1905-05-13","y":1.63},{"x":"1905-05-13","y":1.63},{"x":"1905-05-13","y":1.63},{"x":"1905-05-13","y":1.63},{"x":"1905-05-13","y":1.63},{"x":"1905-05-13","y":1.63},{"x":"1905-05-14","y":1.57},{"x":"1905-05-14","y":1.57},{"x":"1905-05-14","y":1.57},{"x":"1905-05-14","y":1.57},{"x":"1905-05-14","y":1.57},{"x":"1905-05-14","y":1.57},{"x":"1905-05-14","y":1.57},{"x":"1905-05-14","y":1.57},{"x":"1905-05-14","y":1.57},{"x":"1905-05-14","y":1.57},{"x":"1905-05-14","y":1.57},{"x":"1905-05-14","y":1.57},{"x":"1905-05-15","y":1.52},{"x":"1905-05-15","y":1.52},{"x":"1905-05-15","y":1.52},{"x":"1905-05-15","y":1.52},{"x":"1905-05-15","y":1.52},{"x":"1905-05-15","y":1.52},{"x":"1905-05-15","y":1.52},{"x":"1905-05-15","y":1.52},{"x":"1905-05-15","y":1.52},{"x":"1905-05-15","y":1.52},{"x":"1905-05-15","y":1.52},{"x":"1905-05-15","y":1.52},{"x":"1905-05-16","y":1.5},{"x":"1905-05-16","y":1.5},{"x":"1905-05-16","y":1.5},{"x":"1905-05-16","y":1.5},{"x":"1905-05-16","y":1.5},{"x":"1905-05-16","y":1.5},{"x":"1905-05-16","y":1.5},{"x":"1905-05-16","y":1.5},{"x":"1905-05-16","y":1.5},{"x":"1905-05-16","y":1.5},{"x":"1905-05-16","y":1.5},{"x":"1905-05-16","y":1.5},{"x":"1905-05-17","y":1.45},{"x":"1905-05-17","y":1.45},{"x":"1905-05-17","y":1.45},{"x":"1905-05-17","y":1.45},{"x":"1905-05-17","y":1.45},{"x":"1905-05-17","y":1.45},{"x":"1905-05-17","y":1.45},{"x":"1905-05-17","y":1.45},{"x":"1905-05-17","y":1.45},{"x":"1905-05-17","y":1.45},{"x":"1905-05-17","y":1.45},{"x":"1905-05-17","y":1.45},{"x":"1905-05-18","y":1.42},{"x":"1905-05-18","y":1.42},{"x":"1905-05-18","y":1.42},{"x":"1905-05-18","y":1.42},{"x":"1905-05-18","y":1.42},{"x":"1905-05-18","y":1.42},{"x":"1905-05-18","y":1.42},{"x":"1905-05-18","y":1.42},{"x":"1905-05-18","y":1.42},{"x":"1905-05-18","y":1.42},{"x":"1905-05-18","y":1.42},{"x":"1905-05-18","y":1.42},{"x":"1905-05-19","y":1.36},{"x":"1905-05-19","y":1.36},{"x":"1905-05-19","y":1.36},{"x":"1905-05-19","y":1.36},{"x":"1905-05-19","y":1.36},{"x":"1905-05-19","y":1.36},{"x":"1905-05-19","y":1.36},{"x":"1905-05-19","y":1.36},{"x":"1905-05-19","y":1.36},{"x":"1905-05-19","y":1.36},{"x":"1905-05-19","y":1.36},{"x":"1905-05-19","y":1.36},{"x":"1905-05-20","y":1.33},{"x":"1905-05-20","y":1.33},{"x":"1905-05-20","y":1.33},{"x":"1905-05-20","y":1.33},{"x":"1905-05-20","y":1.33},{"x":"1905-05-20","y":1.33},{"x":"1905-05-20","y":1.33},{"x":"1905-05-20","y":1.33},{"x":"1905-05-20","y":1.33},{"x":"1905-05-20","y":1.33},{"x":"1905-05-20","y":1.33},{"x":"1905-05-20","y":1.33},{"x":"1905-05-21","y":1.32},{"x":"1905-05-21","y":1.32},{"x":"1905-05-21","y":1.32},{"x":"1905-05-21","y":1.32},{"x":"1905-05-21","y":1.32},{"x":"1905-05-21","y":1.32},{"x":"1905-05-21","y":1.32},{"x":"1905-05-21","y":1.32},{"x":"1905-05-21","y":1.32},{"x":"1905-05-21","y":1.32},{"x":"1905-05-21","y":1.32},{"x":"1905-05-21","y":1.32},{"x":"1905-05-22","y":1.27},{"x":"1905-05-22","y":1.27},{"x":"1905-05-22","y":1.27},{"x":"1905-05-22","y":1.27},{"x":"1905-05-22","y":1.27},{"x":"1905-05-22","y":1.27},{"x":"1905-05-22","y":1.27},{"x":"1905-05-22","y":1.27},{"x":"1905-05-22","y":1.27},{"x":"1905-05-22","y":1.27},{"x":"1905-05-22","y":1.27},{"x":"1905-05-22","y":1.27},{"x":"1905-05-23","y":1.21},{"x":"1905-05-23","y":1.21},{"x":"1905-05-23","y":1.21},{"x":"1905-05-23","y":1.21},{"x":"1905-05-23","y":1.21},{"x":"1905-05-23","y":1.21},{"x":"1905-05-23","y":1.21},{"x":"1905-05-23","y":1.21},{"x":"1905-05-23","y":1.21},{"x":"1905-05-23","y":1.21},{"x":"1905-05-23","y":1.21},{"x":"1905-05-23","y":1.21},{"x":"1905-05-24","y":1.64},{"x":"1905-05-24","y":1.64},{"x":"1905-05-24","y":1.64},{"x":"1905-05-24","y":1.64},{"x":"1905-05-24","y":1.64},{"x":"1905-05-24","y":1.64},{"x":"1905-05-24","y":1.74},{"x":"1905-05-24","y":1.74},{"x":"1905-05-24","y":1.74},{"x":"1905-05-24","y":1.74},{"x":"1905-05-24","y":1.74},{"x":"1905-05-24","y":1.74},{"x":"1905-05-25","y":1.77},{"x":"1905-05-25","y":1.77},{"x":"1905-05-25","y":1.77},{"x":"1905-05-25","y":1.77},{"x":"1905-05-25","y":1.77},{"x":"1905-05-25","y":1.77},{"x":"1905-05-25","y":1.87},{"x":"1905-05-25","y":1.87},{"x":"1905-05-25","y":1.87},{"x":"1905-05-25","y":1.87},{"x":"1905-05-25","y":1.87},{"x":"1905-05-25","y":1.87},{"x":"1905-05-26","y":2.08},{"x":"1905-05-26","y":2.08},{"x":"1905-05-26","y":2.08},{"x":"1905-05-26","y":2.35},{"x":"1905-05-26","y":2.35},{"x":"1905-05-26","y":2.35},{"x":"1905-05-26","y":2.7},{"x":"1905-05-26","y":2.7},{"x":"1905-05-26","y":2.7},{"x":"1905-05-26","y":4.1},{"x":"1905-05-26","y":4.1},{"x":"1905-05-26","y":4.1},{"x":"1905-05-27","y":13},{"x":"1905-05-27","y":13},{"x":"1905-05-27","y":13},{"x":"1905-05-27","y":10.6},{"x":"1905-05-27","y":10.6},{"x":"1905-05-27","y":10.6},{"x":"1905-05-27","y":10},{"x":"1905-05-27","y":10},{"x":"1905-05-27","y":10},{"x":"1905-05-27","y":10.3},{"x":"1905-05-27","y":10.3},{"x":"1905-05-27","y":10.3},{"x":"1905-05-28","y":10.42},{"x":"1905-05-28","y":10.42},{"x":"1905-05-28","y":10.42},{"x":"1905-05-28","y":10.42},{"x":"1905-05-28","y":10.42},{"x":"1905-05-28","y":10.42},{"x":"1905-05-28","y":10.43},{"x":"1905-05-28","y":10.43},{"x":"1905-05-28","y":10.43},{"x":"1905-05-28","y":10.46},{"x":"1905-05-28","y":10.46},{"x":"1905-05-28","y":10.46},{"x":"1905-05-29","y":11.51},{"x":"1905-05-29","y":11.51},{"x":"1905-05-29","y":11.51},{"x":"1905-05-29","y":11.51},{"x":"1905-05-29","y":11.51},{"x":"1905-05-29","y":11.51},{"x":"1905-05-29","y":11.6},{"x":"1905-05-29","y":11.6},{"x":"1905-05-29","y":11.6},{"x":"1905-05-29","y":11.9},{"x":"1905-05-29","y":11.9},{"x":"1905-05-29","y":11.9},{"x":"1905-05-30","y":12.5},{"x":"1905-05-30","y":12.5},{"x":"1905-05-30","y":12.5},{"x":"1905-05-30","y":12.45},{"x":"1905-05-30","y":12.45},{"x":"1905-05-30","y":12.45},{"x":"1905-05-30","y":12.63},{"x":"1905-05-30","y":12.63},{"x":"1905-05-30","y":12.63},{"x":"1905-05-30","y":12.68},{"x":"1905-05-30","y":12.68},{"x":"1905-05-30","y":12.68},{"x":"1905-05-31","y":12.66},{"x":"1905-05-31","y":12.66},{"x":"1905-05-31","y":12.66},{"x":"1905-05-31","y":12.68},{"x":"1905-05-31","y":12.7},{"x":"1905-05-31","y":12.73},{"x":"1905-05-31","y":12.77},{"x":"1905-05-31","y":12.79},{"x":"1905-05-31","y":12.8},{"x":"1905-05-31","y":12.85},{"x":"1905-05-31","y":13.2},{"x":"1905-05-31","y":14.5},{"x":"1905-06-01","y":17.45},{"x":"1905-06-01","y":20.75},{"x":"1905-06-01","y":22.02},{"x":"1905-06-01","y":22.43},{"x":"1905-06-01","y":33.5},{"x":"1905-06-01","y":34.67},{"x":"1905-06-01","y":33.5},{"x":"1905-06-01","y":34},{"x":"1905-06-01","y":35.5},{"x":"1905-06-01","y":37.25},{"x":"1905-06-01","y":40.75},{"x":"1905-06-01","y":39.75},{"x":"1905-06-02","y":39},{"x":"1905-06-02","y":37.25},{"x":"1905-06-02","y":37},{"x":"1905-06-02","y":36.58},{"x":"1905-06-02","y":37.05},{"x":"1905-06-02","y":37},{"x":"1905-06-02","y":35.38},{"x":"1905-06-02","y":32.95},{"x":"1905-06-02","y":32.83},{"x":"1905-06-02","y":37.35},{"x":"1905-06-02","y":40.3},{"x":"1905-06-02","y":39.75},{"x":"1905-06-03","y":39.77},{"x":"1905-06-03","y":37.9},{"x":"1905-06-03","y":37.6},{"x":"1905-06-03","y":36.37},{"x":"1905-06-03","y":34.28},{"x":"1905-06-03","y":32.71},{"x":"1905-06-03","y":33.51},{"x":"1905-06-03","y":33.98},{"x":"1905-06-03","y":33.99},{"x":"1905-06-03","y":34.61},{"x":"1905-06-03","y":35.68},{"x":"1905-06-03","y":35.41},{"x":"1905-06-04","y":35.05},{"x":"1905-06-04","y":32.27},{"x":"1905-06-04","y":30.17},{"x":"1905-06-04","y":31.57},{"x":"1905-06-04","y":33.04},{"x":"1905-06-04","y":32.77},{"x":"1905-06-04","y":32.92},{"x":"1905-06-04","y":32.42},{"x":"1905-06-04","y":33.47},{"x":"1905-06-04","y":33.78},{"x":"1905-06-04","y":32.85},{"x":"1905-06-04","y":31.47},{"x":"1905-06-05","y":30.65},{"x":"1905-06-05","y":29.11},{"x":"1905-06-05","y":28.32},{"x":"1905-06-05","y":29.69},{"x":"1905-06-05","y":29.36},{"x":"1905-06-05","y":29.97},{"x":"1905-06-05","y":30.47},{"x":"1905-06-05","y":30.65},{"x":"1905-06-05","y":30.07},{"x":"1905-06-05","y":29.62},{"x":"1905-06-05","y":29.17},{"x":"1905-06-05","y":28.81},{"x":"1905-06-06","y":29.04},{"x":"1905-06-06","y":29.2},{"x":"1905-06-06","y":29.53},{"x":"1905-06-06","y":29.57},{"x":"1905-06-06","y":29.46},{"x":"1905-06-06","y":29.05},{"x":"1905-06-06","y":27.99},{"x":"1905-06-06","y":28.17},{"x":"1905-06-06","y":28.35},{"x":"1905-06-06","y":27.85},{"x":"1905-06-06","y":27.65},{"x":"1905-06-06","y":26.81},{"x":"1905-06-07","y":26.63},{"x":"1905-06-07","y":27.6},{"x":"1905-06-07","y":27.85},{"x":"1905-06-07","y":27.8},{"x":"1905-06-07","y":26.65},{"x":"1905-06-07","y":26.37},{"x":"1905-06-07","y":26.38},{"x":"1905-06-07","y":27.02},{"x":"1905-06-07","y":26.98},{"x":"1905-06-07","y":27.82},{"x":"1905-06-07","y":28.6},{"x":"1905-06-07","y":26.5},{"x":"1905-06-08","y":24.68},{"x":"1905-06-08","y":15.92},{"x":"1905-06-08","y":12.65},{"x":"1905-06-08","y":11.9},{"x":"1905-06-08","y":13.72},{"x":"1905-06-08","y":11.85},{"x":"1905-06-08","y":9.62},{"x":"1905-06-08","y":13.7},{"x":"1905-06-08","y":14.08},{"x":"1905-06-08","y":13.95},{"x":"1905-06-08","y":14.45},{"x":"1905-06-08","y":15.68},{"x":"1905-06-09","y":18.07},{"x":"1905-06-09","y":17.25},{"x":"1905-06-09","y":17.75},{"x":"1905-06-09","y":17.9},{"x":"1905-06-09","y":18.4},{"x":"1905-06-09","y":18.72},{"x":"1905-06-09","y":19.62},{"x":"1905-06-09","y":18.82},{"x":"1905-06-09","y":18.28},{"x":"1905-06-09","y":18.57},{"x":"1905-06-09","y":17.75},{"x":"1905-06-09","y":16.63},{"x":"1905-06-10","y":16.47},{"x":"1905-06-10","y":15.85},{"x":"1905-06-10","y":14.78},{"x":"1905-06-10","y":16.47},{"x":"1905-06-10","y":16.22},{"x":"1905-06-10","y":15.33},{"x":"1905-06-10","y":14.48},{"x":"1905-06-10","y":14.55},{"x":"1905-06-10","y":13.1},{"x":"1905-06-10","y":12.18},{"x":"1905-06-10","y":12.53},{"x":"1905-06-10","y":14.65},{"x":"1905-06-11","y":16.48},{"x":"1905-06-11","y":16.35},{"x":"1905-06-11","y":18.03},{"x":"1905-06-11","y":19.2},{"x":"1905-06-11","y":18.02},{"x":"1905-06-11","y":17.63},{"x":"1905-06-11","y":17.67},{"x":"1905-06-11","y":16.88},{"x":"1905-06-11","y":17.67},{"x":"1905-06-11","y":18.42},{"x":"1905-06-11","y":18.37},{"x":"1905-06-11","y":19.35},{"x":"1905-06-12","y":20.35},{"x":"1905-06-12","y":19.6},{"x":"1905-06-12","y":18.22},{"x":"1905-06-12","y":16.55},{"x":"1905-06-12","y":16.58},{"x":"1905-06-12","y":15.27},{"x":"1905-06-12","y":17.17},{"x":"1905-06-12","y":26.4},{"x":"1905-06-12","y":32.7},{"x":"1905-06-12","y":34.5},{"x":"1905-06-12","y":31.08},{"x":"1905-06-12","y":26.13},{"x":"1905-06-13","y":22.58},{"x":"1905-06-13","y":18.13},{"x":"1905-06-13","y":18.07},{"x":"1905-06-13","y":18.47},{"x":"1905-06-13","y":18.82},{"x":"1905-06-13","y":17.93},{"x":"1905-06-13","y":19.05},{"x":"1905-06-13","y":19.37},{"x":"1905-06-13","y":20.05},{"x":"1905-06-13","y":21.47},{"x":"1905-06-13","y":20.77},{"x":"1905-06-13","y":17.75},{"x":"1905-06-14","y":17.38},{"x":"1905-06-14","y":17.62},{"x":"1905-06-14","y":17.45},{"x":"1905-06-14","y":18.63},{"x":"1905-06-14","y":19.5},{"x":"1905-06-14","y":20.83},{"x":"1905-06-14","y":20.17},{"x":"1905-06-14","y":19.62},{"x":"1905-06-14","y":20.15},{"x":"1905-06-14","y":20.08},{"x":"1905-06-14","y":18.88},{"x":"1905-06-14","y":17.93},{"x":"1905-06-15","y":17.22},{"x":"1905-06-15","y":18.17},{"x":"1905-06-15","y":18.47},{"x":"1905-06-15","y":18.43},{"x":"1905-06-15","y":18.17},{"x":"1905-06-15","y":17.47},{"x":"1905-06-15","y":16.32},{"x":"1905-06-15","y":16.48},{"x":"1905-06-15","y":15.9},{"x":"1905-06-15","y":16.52},{"x":"1905-06-15","y":15.2},{"x":"1905-06-15","y":13.77},{"x":"1905-06-16","y":14.13},{"x":"1905-06-16","y":13.78},{"x":"1905-06-16","y":13.62},{"x":"1905-06-16","y":15.08},{"x":"1905-06-16","y":16.28},{"x":"1905-06-16","y":17.17},{"x":"1905-06-16","y":17.88},{"x":"1905-06-16","y":17},{"x":"1905-06-16","y":16.2},{"x":"1905-06-16","y":16.47},{"x":"1905-06-16","y":17.08},{"x":"1905-06-16","y":15.94},{"x":"1905-06-17","y":16.9},{"x":"1905-06-17","y":17.42},{"x":"1905-06-17","y":17.35},{"x":"1905-06-17","y":18.65},{"x":"1905-06-17","y":18.42},{"x":"1905-06-17","y":17.36},{"x":"1905-06-17","y":16.08},{"x":"1905-06-17","y":16.47},{"x":"1905-06-17","y":16.82},{"x":"1905-06-17","y":16.12},{"x":"1905-06-17","y":16.74},{"x":"1905-06-17","y":17.87},{"x":"1905-06-18","y":17.8},{"x":"1905-06-18","y":17.7},{"x":"1905-06-18","y":19.4},{"x":"1905-06-18","y":20.66},{"x":"1905-06-18","y":19.06},{"x":"1905-06-18","y":18.51},{"x":"1905-06-18","y":19.59},{"x":"1905-06-18","y":20.44},{"x":"1905-06-18","y":22.26},{"x":"1905-06-18","y":23.61},{"x":"1905-06-18","y":22.39},{"x":"1905-06-18","y":23.62},{"x":"1905-06-19","y":23.23},{"x":"1905-06-19","y":20.42},{"x":"1905-06-19","y":19.33},{"x":"1905-06-19","y":17.88},{"x":"1905-06-19","y":19.37},{"x":"1905-06-19","y":17.92},{"x":"1905-06-19","y":18.33},{"x":"1905-06-19","y":18.7},{"x":"1905-06-19","y":18.66},{"x":"1905-06-19","y":20.04},{"x":"1905-06-19","y":19.09},{"x":"1905-06-19","y":17.09},{"x":"1905-06-20","y":15},{"x":"1905-06-20","y":14.1},{"x":"1905-06-20","y":13.12},{"x":"1905-06-20","y":13.5},{"x":"1905-06-20","y":14.03},{"x":"1905-06-20","y":12.48},{"x":"1905-06-20","y":12.7},{"x":"1905-06-20","y":12.49},{"x":"1905-06-20","y":13.8},{"x":"1905-06-20","y":13.26},{"x":"1905-06-20","y":11.88},{"x":"1905-06-20","y":10.41},{"x":"1905-06-21","y":11.44},{"x":"1905-06-21","y":10.75},{"x":"1905-06-21","y":13.17},{"x":"1905-06-21","y":15.87},{"x":"1905-06-21","y":16.06},{"x":"1905-06-21","y":16.39},{"x":"1905-06-21","y":18.99},{"x":"1905-06-21","y":20.27},{"x":"1905-06-21","y":22.7},{"x":"1905-06-21","y":21.95},{"x":"1905-06-21","y":24.16},{"x":"1905-06-21","y":25.1},{"x":"1905-06-22","y":25.31},{"x":"1905-06-22","y":27.22},{"x":"1905-06-22","y":27.49},{"x":"1905-06-22","y":23.47},{"x":"1905-06-22","y":27.19},{"x":"1905-06-22","y":29.62},{"x":"1905-06-22","y":28.18},{"x":"1905-06-22","y":29.26},{"x":"1905-06-22","y":32.08},{"x":"1905-06-22","y":31.4},{"x":"1905-06-22","y":32.33},{"x":"1905-06-22","y":25.2},{"x":"1905-06-23","y":25.96},{"x":"1905-06-23","y":27.24},{"x":"1905-06-23","y":25.02},{"x":"1905-06-23","y":25.72},{"x":"1905-06-23","y":27.55},{"x":"1905-06-23","y":26.97},{"x":"1905-06-23","y":24.8},{"x":"1905-06-23","y":25.82},{"x":"1905-06-23","y":25.21},{"x":"1905-06-23","y":20.73},{"x":"1905-06-23","y":18.69},{"x":"1905-06-23","y":18.52},{"x":"1905-06-24","y":19.15},{"x":"1905-06-24","y":19.98},{"x":"1905-06-24","y":23.64},{"x":"1905-06-24","y":25.43},{"x":"1905-06-24","y":25.67},{"x":"1905-06-24","y":24.49},{"x":"1905-06-24","y":25.75},{"x":"1905-06-24","y":26.78},{"x":"1905-06-24","y":28.28},{"x":"1905-06-24","y":27.53},{"x":"1905-06-24","y":24.54},{"x":"1905-06-24","y":27.89},{"x":"1905-06-25","y":30.75},{"x":"1905-06-25","y":32.88},{"x":"1905-06-25","y":30.36},{"x":"1905-06-25","y":25.56},{"x":"1905-06-25","y":26.06},{"x":"1905-06-25","y":27.92},{"x":"1905-06-25","y":28.59},{"x":"1905-06-25","y":29.68},{"x":"1905-06-25","y":26.88},{"x":"1905-06-25","y":29.01},{"x":"1905-06-25","y":29.12},{"x":"1905-06-25","y":29.97},{"x":"1905-06-26","y":31.37},{"x":"1905-06-26","y":31.33},{"x":"1905-06-26","y":33.67},{"x":"1905-06-26","y":33.71},{"x":"1905-06-26","y":37.56},{"x":"1905-06-26","y":35.54},{"x":"1905-06-26","y":37.89},{"x":"1905-06-26","y":42.08},{"x":"1905-06-26","y":41.6},{"x":"1905-06-26","y":46.88},{"x":"1905-06-26","y":42.13},{"x":"1905-06-26","y":39.04},{"x":"1905-06-27","y":42.97},{"x":"1905-06-27","y":44.82},{"x":"1905-06-27","y":50.94},{"x":"1905-06-27","y":50.64},{"x":"1905-06-27","y":47.83},{"x":"1905-06-27","y":53.89},{"x":"1905-06-27","y":56.37},{"x":"1905-06-27","y":61.89},{"x":"1905-06-27","y":61.69},{"x":"1905-06-27","y":58.19},{"x":"1905-06-27","y":55.04},{"x":"1905-06-27","y":56.43},{"x":"1905-06-28","y":62.46},{"x":"1905-06-28","y":59.7},{"x":"1905-06-28","y":60.93},{"x":"1905-06-28","y":67.97},{"x":"1905-06-28","y":68.68},{"x":"1905-06-28","y":68.29},{"x":"1905-06-28","y":72.45},{"x":"1905-06-28","y":71.81},{"x":"1905-06-28","y":62.12},{"x":"1905-06-28","y":57.91},{"x":"1905-06-28","y":58.14},{"x":"1905-06-28","y":60.99},{"x":"1905-06-29","y":53.52},{"x":"1905-06-29","y":57.56},{"x":"1905-06-29","y":60.6},{"x":"1905-06-29","y":65.06},{"x":"1905-06-29","y":65.16},{"x":"1905-06-29","y":68.19},{"x":"1905-06-29","y":73.6},{"x":"1905-06-29","y":70.13},{"x":"1905-06-29","y":76.76},{"x":"1905-06-29","y":81.97},{"x":"1905-06-29","y":91.34},{"x":"1905-06-29","y":89.52},{"x":"1905-06-30","y":90.69},{"x":"1905-06-30","y":93.39},{"x":"1905-06-30","y":101.84},{"x":"1905-06-30","y":108.76},{"x":"1905-06-30","y":122.63},{"x":"1905-06-30","y":131.52},{"x":"1905-06-30","y":132.83},{"x":"1905-06-30","y":114.57},{"x":"1905-06-30","y":99.66},{"x":"1905-06-30","y":72.69},{"x":"1905-06-30","y":53.97},{"x":"1905-06-30","y":41.34},{"x":"1905-07-01","y":43.86},{"x":"1905-07-01","y":41.84},{"x":"1905-07-01","y":46.65},{"x":"1905-07-01","y":50.28},{"x":"1905-07-01","y":58.15},{"x":"1905-07-01","y":69.15},{"x":"1905-07-01","y":64.67},{"x":"1905-07-01","y":71.63},{"x":"1905-07-01","y":68.35},{"x":"1905-07-01","y":74.08},{"x":"1905-07-01","y":77.55},{"x":"1905-07-01","y":74.88},{"x":"1905-07-02","y":77.12},{"x":"1905-07-02","y":74.76},{"x":"1905-07-02","y":79.3},{"x":"1905-07-02","y":84.18},{"x":"1905-07-02","y":75.62},{"x":"1905-07-02","y":74.72},{"x":"1905-07-02","y":74.58},{"x":"1905-07-02","y":75.83},{"x":"1905-07-02","y":76.12},{"x":"1905-07-02","y":81.72},{"x":"1905-07-02","y":84.53},{"x":"1905-07-02","y":90.01},{"x":"1905-07-03","y":92.69},{"x":"1905-07-03","y":97.91},{"x":"1905-07-03","y":108.65},{"x":"1905-07-03","y":116.24},{"x":"1905-07-03","y":108.07},{"x":"1905-07-03","y":105.85},{"x":"1905-07-03","y":107.92},{"x":"1905-07-03","y":100.49},{"x":"1905-07-03","y":100.82},{"x":"1905-07-03","y":99.85},{"x":"1905-07-03","y":105.41},{"x":"1905-07-03","y":104.23},{"x":"1905-07-04","y":107.07},{"x":"1905-07-04","y":112.69},{"x":"1905-07-04","y":117.78},{"x":"1905-07-04","y":113.67},{"x":"1905-07-04","y":104.09},{"x":"1905-07-04","y":90.73},{"x":"1905-07-04","y":96.75},{"x":"1905-07-04","y":105.27},{"x":"1905-07-04","y":106.28},{"x":"1905-07-04","y":103.41},{"x":"1905-07-04","y":101.17},{"x":"1905-07-04","y":101.19},{"x":"1905-07-05","y":105.1},{"x":"1905-07-05","y":107.64},{"x":"1905-07-05","y":102.52},{"x":"1905-07-05","y":98.85},{"x":"1905-07-05","y":99.37},{"x":"1905-07-05","y":99.74},{"x":"1905-07-05","y":105.26},{"x":"1905-07-05","y":108.16},{"x":"1905-07-05","y":108.76},{"x":"1905-07-05","y":105.43},{"x":"1905-07-05","y":102.63},{"x":"1905-07-05","y":105.48},{"x":"1905-07-06","y":102.1},{"x":"1905-07-06","y":104.83},{"x":"1905-07-06","y":104.04},{"x":"1905-07-06","y":104.87},{"x":"1905-07-06","y":105.71},{"x":"1905-07-06","y":108.37},{"x":"1905-07-06","y":105.23},{"x":"1905-07-06","y":100.05},{"x":"1905-07-06","y":95.85},{"x":"1905-07-06","y":86.08},{"x":"1905-07-06","y":76.99},{"x":"1905-07-06","y":60.7},{"x":"1905-07-07","y":47.11},{"x":"1905-07-07","y":54.79},{"x":"1905-07-07","y":52.83},{"x":"1905-07-07","y":57.54},{"x":"1905-07-07","y":62.51},{"x":"1905-07-07","y":61.31},{"x":"1905-07-07","y":54.34},{"x":"1905-07-07","y":45.69},{"x":"1905-07-07","y":46.28},{"x":"1905-07-07","y":46.96},{"x":"1905-07-07","y":43.11},{"x":"1905-07-07","y":36.57},{"x":"1905-07-08","y":29.78},{"x":"1905-07-08","y":31.03},{"x":"1905-07-08","y":37.34},{"x":"1905-07-08","y":40.75},{"x":"1905-07-08","y":45.94},{"x":"1905-07-08","y":47.69},{"x":"1905-07-08","y":44.13},{"x":"1905-07-08","y":44.88},{"x":"1905-07-08","y":45.04},{"x":"1905-07-08","y":49.29},{"x":"1905-07-08","y":45.26},{"x":"1905-07-08","y":52.62},{"x":"1905-07-09","y":53.59},{"x":"1905-07-09","y":54.35},{"x":"1905-07-09","y":50.9},{"x":"1905-07-09","y":52.16},{"x":"1905-07-09","y":49.89},{"x":"1905-07-09","y":46.17},{"x":"1905-07-09","y":47.66},{"x":"1905-07-09","y":49.94},{"x":"1905-07-09","y":52.95},{"x":"1905-07-09","y":54.92},{"x":"1905-07-09","y":59.93},{"x":"1905-07-09","y":61.19},{"x":"1905-07-10","y":66.23},{"x":"1905-07-10","y":63.46},{"x":"1905-07-10","y":64.17},{"x":"1905-07-10","y":68.79},{"x":"1905-07-10","y":73.43},{"x":"1905-07-10","y":71.98},{"x":"1905-07-10","y":72.67},{"x":"1905-07-10","y":71.08},{"x":"1905-07-10","y":75.36},{"x":"1905-07-10","y":76.73},{"x":"1905-07-10","y":62.32},{"x":"1905-07-10","y":53.96},{"x":"1905-07-11","y":56.58},{"x":"1905-07-11","y":61.13},{"x":"1905-07-11","y":63.79},{"x":"1905-07-11","y":68.58},{"x":"1905-07-11","y":66.83},{"x":"1905-07-11","y":59.76},{"x":"1905-07-11","y":61.48},{"x":"1905-07-11","y":57.67},{"x":"1905-07-11","y":60.04},{"x":"1905-07-11","y":57.27},{"x":"1905-07-11","y":60.4},{"x":"1905-07-11","y":63.35},{"x":"1905-07-12","y":61.63},{"x":"1905-07-12","y":53.35},{"x":"1905-07-12","y":32.2},{"x":"1905-07-12","y":21.04},{"x":"1905-07-12","y":30.38},{"x":"1905-07-12","y":39.46},{"x":"1905-07-12","y":42.07},{"x":"1905-07-12","y":43.44},{"x":"1905-07-12","y":40.6},{"x":"1905-07-12","y":39.9},{"x":"1905-07-12","y":42.3},{"x":"1905-07-12","y":48.73},{"x":"1905-07-13","y":53.6},{"x":"1905-07-13","y":60.46},{"x":"1905-07-13","y":63.83},{"x":"1905-07-13","y":62.95},{"x":"1905-07-13","y":66.4},{"x":"1905-07-13","y":71.8},{"x":"1905-07-13","y":73.28},{"x":"1905-07-13","y":68.87},{"x":"1905-07-13","y":72.8},{"x":"1905-07-13","y":82.06},{"x":"1905-07-13","y":79.92},{"x":"1905-07-13","y":72.87},{"x":"1905-07-14","y":83.92},{"x":"1905-07-14","y":93.54},{"x":"1905-07-14","y":112.4},{"x":"1905-07-14","y":103.41},{"x":"1905-07-14","y":110.1},{"x":"1905-07-14","y":116.8},{"x":"1905-07-14","y":105.08},{"x":"1905-07-14","y":95.97},{"x":"1905-07-14","y":88.22},{"x":"1905-07-14","y":90.33},{"x":"1905-07-14","y":87.38},{"x":"1905-07-14","y":78.07},{"x":"1905-07-15","y":80.41},{"x":"1905-07-15","y":0},{"x":"1905-07-15","y":0},{"x":"1905-07-15","y":0},{"x":"1905-07-15","y":0},{"x":"1905-07-15","y":0},{"x":"1905-07-15","y":0},{"x":"1905-07-15","y":0},{"x":"1905-07-15","y":0},{"x":"1905-07-15","y":0},{"x":"1905-07-15","y":0},{"x":"1905-07-15","y":0},{"x":"1905-07-16","y":0},{"x":"1905-07-16","y":0},{"x":"1905-07-16","y":0},{"x":"1905-07-16","y":0},{"x":"1905-07-16","y":0},{"x":"1905-07-16","y":0},{"x":"1905-07-16","y":0},{"x":"1905-07-16","y":0},{"x":"1905-07-16","y":0},{"x":"1905-07-16","y":0},{"x":"1905-07-16","y":0},{"x":"1905-07-16","y":0},{"x":"1905-07-17","y":0},{"x":"1905-07-17","y":0},{"x":"1905-07-17","y":0},{"x":"1905-07-17","y":0},{"x":"1905-07-17","y":0},{"x":"1905-07-17","y":0},{"x":"1905-07-17","y":0},{"x":"1905-07-17","y":0},{"x":"1905-07-17","y":0},{"x":"1905-07-17","y":0},{"x":"1905-07-17","y":0},{"x":"1905-07-17","y":0}],"color":"rgba(46,120,210,1)"}]}}