{"kpi":"cvs","t":"Coeficiente de Variacion Salarial","st":"","c":"<p>El Coeficiente de Variación Salarial (CVS) es un indicador que se utiliza para medir la variabilidad de los salarios en un período determinado. Es una medida de la desigualdad salarial que existe en una economía.</p><p>En el caso de Argentina, el CVS es calculado por el Instituto Nacional de Estadísticas y Censos (INDEC) y se publica trimestralmente. Este indicador se obtiene a partir de la relación entre la desviación estándar de los salarios y el promedio de los salarios en un período determinado.</p><p>El CVS es un indicador importante para entender la evolución de los salarios en la economía y su distribución entre los trabajadores. Si el CVS es alto, significa que existe una mayor desigualdad salarial en el país, mientras que un CVS bajo indica una mayor homogeneidad en la distribución de los salarios.</p><p>Es importante destacar que el CVS no mide la cantidad de salario que reciben los trabajadores, sino la variabilidad de los mismos. Por lo tanto, un CVS bajo no necesariamente implica que los trabajadores ganen salarios altos, sino que hay una menor dispersión en los salarios en la economía.</p>","fd":"datos.gob.ar","fdr":"https://datos.gob.ar/sv/dataset/sspm-coeficiente-variacion-salarial-cvs/archivo/sspm_447.1","fu":"MECON","fur":"https://www.argentina.gob.ar/economia/politicaeconomica/macroeconomica","frec":"Diaria","fruc":"mean","d":"","dimensions":[{"fillColor":"rgba(46,120,210,0.05)","label":"Coeficiente de Variacion Salarial","data":[{"x":"2016-11-01","y":100.05},{"x":"2016-11-02","y":100.09},{"x":"2016-11-03","y":100.14},{"x":"2016-11-04","y":100.19},{"x":"2016-11-05","y":100.23},{"x":"2016-11-06","y":100.28},{"x":"2016-11-07","y":100.33},{"x":"2016-11-08","y":100.37},{"x":"2016-11-09","y":100.42},{"x":"2016-11-10","y":100.47},{"x":"2016-11-11","y":100.51},{"x":"2016-11-12","y":100.56},{"x":"2016-11-13","y":100.61},{"x":"2016-11-14","y":100.66},{"x":"2016-11-15","y":100.7},{"x":"2016-11-16","y":100.75},{"x":"2016-11-17","y":100.8},{"x":"2016-11-18","y":100.84},{"x":"2016-11-19","y":100.89},{"x":"2016-11-20","y":100.94},{"x":"2016-11-21","y":100.98},{"x":"2016-11-22","y":101.03},{"x":"2016-11-23","y":101.08},{"x":"2016-11-24","y":101.13},{"x":"2016-11-25","y":101.17},{"x":"2016-11-26","y":101.22},{"x":"2016-11-27","y":101.27},{"x":"2016-11-28","y":101.32},{"x":"2016-11-29","y":101.36},{"x":"2016-11-30","y":101.41},{"x":"2016-12-01","y":101.45},{"x":"2016-12-02","y":101.5},{"x":"2016-12-03","y":101.54},{"x":"2016-12-04","y":101.59},{"x":"2016-12-05","y":101.63},{"x":"2016-12-06","y":101.68},{"x":"2016-12-07","y":101.72},{"x":"2016-12-08","y":101.76},{"x":"2016-12-09","y":101.81},{"x":"2016-12-10","y":101.85},{"x":"2016-12-11","y":101.9},{"x":"2016-12-12","y":101.94},{"x":"2016-12-13","y":101.99},{"x":"2016-12-14","y":102.03},{"x":"2016-12-15","y":102.08},{"x":"2016-12-16","y":102.12},{"x":"2016-12-17","y":102.16},{"x":"2016-12-18","y":102.21},{"x":"2016-12-19","y":102.25},{"x":"2016-12-20","y":102.3},{"x":"2016-12-21","y":102.34},{"x":"2016-12-22","y":102.39},{"x":"2016-12-23","y":102.43},{"x":"2016-12-24","y":102.48},{"x":"2016-12-25","y":102.52},{"x":"2016-12-26","y":102.57},{"x":"2016-12-27","y":102.61},{"x":"2016-12-28","y":102.66},{"x":"2016-12-29","y":102.7},{"x":"2016-12-30","y":102.75},{"x":"2016-12-31","y":102.79},{"x":"2017-01-01","y":102.84},{"x":"2017-01-02","y":102.89},{"x":"2017-01-03","y":102.94},{"x":"2017-01-04","y":102.99},{"x":"2017-01-05","y":103.04},{"x":"2017-01-06","y":103.1},{"x":"2017-01-07","y":103.15},{"x":"2017-01-08","y":103.2},{"x":"2017-01-09","y":103.25},{"x":"2017-01-10","y":103.3},{"x":"2017-01-11","y":103.35},{"x":"2017-01-12","y":103.4},{"x":"2017-01-13","y":103.45},{"x":"2017-01-14","y":103.51},{"x":"2017-01-15","y":103.56},{"x":"2017-01-16","y":103.61},{"x":"2017-01-17","y":103.66},{"x":"2017-01-18","y":103.71},{"x":"2017-01-19","y":103.76},{"x":"2017-01-20","y":103.81},{"x":"2017-01-21","y":103.86},{"x":"2017-01-22","y":103.92},{"x":"2017-01-23","y":103.97},{"x":"2017-01-24","y":104.02},{"x":"2017-01-25","y":104.07},{"x":"2017-01-26","y":104.12},{"x":"2017-01-27","y":104.17},{"x":"2017-01-28","y":104.23},{"x":"2017-01-29","y":104.28},{"x":"2017-01-30","y":104.33},{"x":"2017-01-31","y":104.38},{"x":"2017-02-01","y":104.43},{"x":"2017-02-02","y":104.48},{"x":"2017-02-03","y":104.53},{"x":"2017-02-04","y":104.58},{"x":"2017-02-05","y":104.63},{"x":"2017-02-06","y":104.67},{"x":"2017-02-07","y":104.72},{"x":"2017-02-08","y":104.77},{"x":"2017-02-09","y":104.82},{"x":"2017-02-10","y":104.87},{"x":"2017-02-11","y":104.92},{"x":"2017-02-12","y":104.97},{"x":"2017-02-13","y":105.02},{"x":"2017-02-14","y":105.07},{"x":"2017-02-15","y":105.12},{"x":"2017-02-16","y":105.17},{"x":"2017-02-17","y":105.22},{"x":"2017-02-18","y":105.27},{"x":"2017-02-19","y":105.31},{"x":"2017-02-20","y":105.36},{"x":"2017-02-21","y":105.41},{"x":"2017-02-22","y":105.46},{"x":"2017-02-23","y":105.51},{"x":"2017-02-24","y":105.56},{"x":"2017-02-25","y":105.61},{"x":"2017-02-26","y":105.66},{"x":"2017-02-27","y":105.71},{"x":"2017-02-28","y":105.76},{"x":"2017-03-01","y":105.86},{"x":"2017-03-02","y":105.95},{"x":"2017-03-03","y":106.05},{"x":"2017-03-04","y":106.15},{"x":"2017-03-05","y":106.25},{"x":"2017-03-06","y":106.35},{"x":"2017-03-07","y":106.44},{"x":"2017-03-08","y":106.54},{"x":"2017-03-09","y":106.64},{"x":"2017-03-10","y":106.74},{"x":"2017-03-11","y":106.84},{"x":"2017-03-12","y":106.93},{"x":"2017-03-13","y":107.03},{"x":"2017-03-14","y":107.13},{"x":"2017-03-15","y":107.23},{"x":"2017-03-16","y":107.33},{"x":"2017-03-17","y":107.43},{"x":"2017-03-18","y":107.53},{"x":"2017-03-19","y":107.63},{"x":"2017-03-20","y":107.72},{"x":"2017-03-21","y":107.82},{"x":"2017-03-22","y":107.92},{"x":"2017-03-23","y":108.02},{"x":"2017-03-24","y":108.12},{"x":"2017-03-25","y":108.22},{"x":"2017-03-26","y":108.32},{"x":"2017-03-27","y":108.42},{"x":"2017-03-28","y":108.52},{"x":"2017-03-29","y":108.62},{"x":"2017-03-30","y":108.72},{"x":"2017-03-31","y":108.82},{"x":"2017-04-01","y":108.94},{"x":"2017-04-02","y":109.07},{"x":"2017-04-03","y":109.2},{"x":"2017-04-04","y":109.32},{"x":"2017-04-05","y":109.45},{"x":"2017-04-06","y":109.57},{"x":"2017-04-07","y":109.7},{"x":"2017-04-08","y":109.82},{"x":"2017-04-09","y":109.95},{"x":"2017-04-10","y":110.08},{"x":"2017-04-11","y":110.2},{"x":"2017-04-12","y":110.33},{"x":"2017-04-13","y":110.45},{"x":"2017-04-14","y":110.58},{"x":"2017-04-15","y":110.71},{"x":"2017-04-16","y":110.84},{"x":"2017-04-17","y":110.96},{"x":"2017-04-18","y":111.09},{"x":"2017-04-19","y":111.22},{"x":"2017-04-20","y":111.35},{"x":"2017-04-21","y":111.47},{"x":"2017-04-22","y":111.6},{"x":"2017-04-23","y":111.73},{"x":"2017-04-24","y":111.86},{"x":"2017-04-25","y":111.99},{"x":"2017-04-26","y":112.11},{"x":"2017-04-27","y":112.24},{"x":"2017-04-28","y":112.37},{"x":"2017-04-29","y":112.5},{"x":"2017-04-30","y":112.63},{"x":"2017-05-01","y":112.69},{"x":"2017-05-02","y":112.75},{"x":"2017-05-03","y":112.8},{"x":"2017-05-04","y":112.86},{"x":"2017-05-05","y":112.92},{"x":"2017-05-06","y":112.98},{"x":"2017-05-07","y":113.03},{"x":"2017-05-08","y":113.09},{"x":"2017-05-09","y":113.15},{"x":"2017-05-10","y":113.21},{"x":"2017-05-11","y":113.27},{"x":"2017-05-12","y":113.32},{"x":"2017-05-13","y":113.38},{"x":"2017-05-14","y":113.44},{"x":"2017-05-15","y":113.5},{"x":"2017-05-16","y":113.56},{"x":"2017-05-17","y":113.61},{"x":"2017-05-18","y":113.67},{"x":"2017-05-19","y":113.73},{"x":"2017-05-20","y":113.79},{"x":"2017-05-21","y":113.85},{"x":"2017-05-22","y":113.9},{"x":"2017-05-23","y":113.96},{"x":"2017-05-24","y":114.02},{"x":"2017-05-25","y":114.08},{"x":"2017-05-26","y":114.14},{"x":"2017-05-27","y":114.2},{"x":"2017-05-28","y":114.25},{"x":"2017-05-29","y":114.31},{"x":"2017-05-30","y":114.37},{"x":"2017-05-31","y":114.43},{"x":"2017-06-01","y":114.5},{"x":"2017-06-02","y":114.56},{"x":"2017-06-03","y":114.63},{"x":"2017-06-04","y":114.7},{"x":"2017-06-05","y":114.76},{"x":"2017-06-06","y":114.83},{"x":"2017-06-07","y":114.9},{"x":"2017-06-08","y":114.97},{"x":"2017-06-09","y":115.03},{"x":"2017-06-10","y":115.1},{"x":"2017-06-11","y":115.17},{"x":"2017-06-12","y":115.23},{"x":"2017-06-13","y":115.3},{"x":"2017-06-14","y":115.37},{"x":"2017-06-15","y":115.44},{"x":"2017-06-16","y":115.5},{"x":"2017-06-17","y":115.57},{"x":"2017-06-18","y":115.64},{"x":"2017-06-19","y":115.71},{"x":"2017-06-20","y":115.77},{"x":"2017-06-21","y":115.84},{"x":"2017-06-22","y":115.91},{"x":"2017-06-23","y":115.98},{"x":"2017-06-24","y":116.04},{"x":"2017-06-25","y":116.11},{"x":"2017-06-26","y":116.18},{"x":"2017-06-27","y":116.25},{"x":"2017-06-28","y":116.31},{"x":"2017-06-29","y":116.38},{"x":"2017-06-30","y":116.45},{"x":"2017-07-01","y":116.6},{"x":"2017-07-02","y":116.74},{"x":"2017-07-03","y":116.89},{"x":"2017-07-04","y":117.04},{"x":"2017-07-05","y":117.19},{"x":"2017-07-06","y":117.34},{"x":"2017-07-07","y":117.48},{"x":"2017-07-08","y":117.63},{"x":"2017-07-09","y":117.78},{"x":"2017-07-10","y":117.93},{"x":"2017-07-11","y":118.08},{"x":"2017-07-12","y":118.23},{"x":"2017-07-13","y":118.38},{"x":"2017-07-14","y":118.53},{"x":"2017-07-15","y":118.68},{"x":"2017-07-16","y":118.83},{"x":"2017-07-17","y":118.98},{"x":"2017-07-18","y":119.13},{"x":"2017-07-19","y":119.28},{"x":"2017-07-20","y":119.43},{"x":"2017-07-21","y":119.58},{"x":"2017-07-22","y":119.73},{"x":"2017-07-23","y":119.88},{"x":"2017-07-24","y":120.03},{"x":"2017-07-25","y":120.19},{"x":"2017-07-26","y":120.34},{"x":"2017-07-27","y":120.49},{"x":"2017-07-28","y":120.64},{"x":"2017-07-29","y":120.79},{"x":"2017-07-30","y":120.95},{"x":"2017-07-31","y":121.1},{"x":"2017-08-01","y":121.19},{"x":"2017-08-02","y":121.28},{"x":"2017-08-03","y":121.37},{"x":"2017-08-04","y":121.46},{"x":"2017-08-05","y":121.56},{"x":"2017-08-06","y":121.65},{"x":"2017-08-07","y":121.74},{"x":"2017-08-08","y":121.83},{"x":"2017-08-09","y":121.92},{"x":"2017-08-10","y":122.01},{"x":"2017-08-11","y":122.1},{"x":"2017-08-12","y":122.2},{"x":"2017-08-13","y":122.29},{"x":"2017-08-14","y":122.38},{"x":"2017-08-15","y":122.47},{"x":"2017-08-16","y":122.56},{"x":"2017-08-17","y":122.65},{"x":"2017-08-18","y":122.75},{"x":"2017-08-19","y":122.84},{"x":"2017-08-20","y":122.93},{"x":"2017-08-21","y":123.02},{"x":"2017-08-22","y":123.12},{"x":"2017-08-23","y":123.21},{"x":"2017-08-24","y":123.3},{"x":"2017-08-25","y":123.39},{"x":"2017-08-26","y":123.49},{"x":"2017-08-27","y":123.58},{"x":"2017-08-28","y":123.67},{"x":"2017-08-29","y":123.76},{"x":"2017-08-30","y":123.86},{"x":"2017-08-31","y":123.95},{"x":"2017-09-01","y":124.01},{"x":"2017-09-02","y":124.07},{"x":"2017-09-03","y":124.12},{"x":"2017-09-04","y":124.18},{"x":"2017-09-05","y":124.24},{"x":"2017-09-06","y":124.3},{"x":"2017-09-07","y":124.36},{"x":"2017-09-08","y":124.42},{"x":"2017-09-09","y":124.48},{"x":"2017-09-10","y":124.53},{"x":"2017-09-11","y":124.59},{"x":"2017-09-12","y":124.65},{"x":"2017-09-13","y":124.71},{"x":"2017-09-14","y":124.77},{"x":"2017-09-15","y":124.83},{"x":"2017-09-16","y":124.89},{"x":"2017-09-17","y":124.94},{"x":"2017-09-18","y":125},{"x":"2017-09-19","y":125.06},{"x":"2017-09-20","y":125.12},{"x":"2017-09-21","y":125.18},{"x":"2017-09-22","y":125.24},{"x":"2017-09-23","y":125.3},{"x":"2017-09-24","y":125.36},{"x":"2017-09-25","y":125.41},{"x":"2017-09-26","y":125.47},{"x":"2017-09-27","y":125.53},{"x":"2017-09-28","y":125.59},{"x":"2017-09-29","y":125.65},{"x":"2017-09-30","y":125.71},{"x":"2017-10-01","y":125.77},{"x":"2017-10-02","y":125.83},{"x":"2017-10-03","y":125.89},{"x":"2017-10-04","y":125.95},{"x":"2017-10-05","y":126.02},{"x":"2017-10-06","y":126.08},{"x":"2017-10-07","y":126.14},{"x":"2017-10-08","y":126.2},{"x":"2017-10-09","y":126.26},{"x":"2017-10-10","y":126.32},{"x":"2017-10-11","y":126.38},{"x":"2017-10-12","y":126.45},{"x":"2017-10-13","y":126.51},{"x":"2017-10-14","y":126.57},{"x":"2017-10-15","y":126.63},{"x":"2017-10-16","y":126.69},{"x":"2017-10-17","y":126.75},{"x":"2017-10-18","y":126.82},{"x":"2017-10-19","y":126.88},{"x":"2017-10-20","y":126.94},{"x":"2017-10-21","y":127},{"x":"2017-10-22","y":127.06},{"x":"2017-10-23","y":127.12},{"x":"2017-10-24","y":127.19},{"x":"2017-10-25","y":127.25},{"x":"2017-10-26","y":127.31},{"x":"2017-10-27","y":127.37},{"x":"2017-10-28","y":127.43},{"x":"2017-10-29","y":127.5},{"x":"2017-10-30","y":127.56},{"x":"2017-10-31","y":127.62},{"x":"2017-11-01","y":127.69},{"x":"2017-11-02","y":127.75},{"x":"2017-11-03","y":127.82},{"x":"2017-11-04","y":127.88},{"x":"2017-11-05","y":127.95},{"x":"2017-11-06","y":128.02},{"x":"2017-11-07","y":128.08},{"x":"2017-11-08","y":128.15},{"x":"2017-11-09","y":128.21},{"x":"2017-11-10","y":128.28},{"x":"2017-11-11","y":128.35},{"x":"2017-11-12","y":128.41},{"x":"2017-11-13","y":128.48},{"x":"2017-11-14","y":128.54},{"x":"2017-11-15","y":128.61},{"x":"2017-11-16","y":128.68},{"x":"2017-11-17","y":128.74},{"x":"2017-11-18","y":128.81},{"x":"2017-11-19","y":128.88},{"x":"2017-11-20","y":128.94},{"x":"2017-11-21","y":129.01},{"x":"2017-11-22","y":129.08},{"x":"2017-11-23","y":129.14},{"x":"2017-11-24","y":129.21},{"x":"2017-11-25","y":129.28},{"x":"2017-11-26","y":129.34},{"x":"2017-11-27","y":129.41},{"x":"2017-11-28","y":129.48},{"x":"2017-11-29","y":129.54},{"x":"2017-11-30","y":129.61},{"x":"2017-12-01","y":129.66},{"x":"2017-12-02","y":129.7},{"x":"2017-12-03","y":129.75},{"x":"2017-12-04","y":129.79},{"x":"2017-12-05","y":129.84},{"x":"2017-12-06","y":129.88},{"x":"2017-12-07","y":129.93},{"x":"2017-12-08","y":129.97},{"x":"2017-12-09","y":130.02},{"x":"2017-12-10","y":130.07},{"x":"2017-12-11","y":130.11},{"x":"2017-12-12","y":130.16},{"x":"2017-12-13","y":130.2},{"x":"2017-12-14","y":130.25},{"x":"2017-12-15","y":130.3},{"x":"2017-12-16","y":130.34},{"x":"2017-12-17","y":130.39},{"x":"2017-12-18","y":130.43},{"x":"2017-12-19","y":130.48},{"x":"2017-12-20","y":130.52},{"x":"2017-12-21","y":130.57},{"x":"2017-12-22","y":130.62},{"x":"2017-12-23","y":130.66},{"x":"2017-12-24","y":130.71},{"x":"2017-12-25","y":130.75},{"x":"2017-12-26","y":130.8},{"x":"2017-12-27","y":130.85},{"x":"2017-12-28","y":130.89},{"x":"2017-12-29","y":130.94},{"x":"2017-12-30","y":130.98},{"x":"2017-12-31","y":131.03},{"x":"2018-01-01","y":131.08},{"x":"2018-01-02","y":131.12},{"x":"2018-01-03","y":131.17},{"x":"2018-01-04","y":131.22},{"x":"2018-01-05","y":131.26},{"x":"2018-01-06","y":131.31},{"x":"2018-01-07","y":131.36},{"x":"2018-01-08","y":131.4},{"x":"2018-01-09","y":131.45},{"x":"2018-01-10","y":131.5},{"x":"2018-01-11","y":131.54},{"x":"2018-01-12","y":131.59},{"x":"2018-01-13","y":131.64},{"x":"2018-01-14","y":131.68},{"x":"2018-01-15","y":131.73},{"x":"2018-01-16","y":131.78},{"x":"2018-01-17","y":131.82},{"x":"2018-01-18","y":131.87},{"x":"2018-01-19","y":131.92},{"x":"2018-01-20","y":131.96},{"x":"2018-01-21","y":132.01},{"x":"2018-01-22","y":132.06},{"x":"2018-01-23","y":132.1},{"x":"2018-01-24","y":132.15},{"x":"2018-01-25","y":132.2},{"x":"2018-01-26","y":132.25},{"x":"2018-01-27","y":132.29},{"x":"2018-01-28","y":132.34},{"x":"2018-01-29","y":132.39},{"x":"2018-01-30","y":132.43},{"x":"2018-01-31","y":132.48},{"x":"2018-02-01","y":132.52},{"x":"2018-02-02","y":132.56},{"x":"2018-02-03","y":132.6},{"x":"2018-02-04","y":132.64},{"x":"2018-02-05","y":132.68},{"x":"2018-02-06","y":132.72},{"x":"2018-02-07","y":132.76},{"x":"2018-02-08","y":132.8},{"x":"2018-02-09","y":132.84},{"x":"2018-02-10","y":132.88},{"x":"2018-02-11","y":132.91},{"x":"2018-02-12","y":132.95},{"x":"2018-02-13","y":132.99},{"x":"2018-02-14","y":133.03},{"x":"2018-02-15","y":133.07},{"x":"2018-02-16","y":133.11},{"x":"2018-02-17","y":133.15},{"x":"2018-02-18","y":133.19},{"x":"2018-02-19","y":133.23},{"x":"2018-02-20","y":133.27},{"x":"2018-02-21","y":133.31},{"x":"2018-02-22","y":133.35},{"x":"2018-02-23","y":133.39},{"x":"2018-02-24","y":133.43},{"x":"2018-02-25","y":133.47},{"x":"2018-02-26","y":133.51},{"x":"2018-02-27","y":133.55},{"x":"2018-02-28","y":133.59},{"x":"2018-03-01","y":133.67},{"x":"2018-03-02","y":133.75},{"x":"2018-03-03","y":133.83},{"x":"2018-03-04","y":133.92},{"x":"2018-03-05","y":134},{"x":"2018-03-06","y":134.08},{"x":"2018-03-07","y":134.16},{"x":"2018-03-08","y":134.24},{"x":"2018-03-09","y":134.33},{"x":"2018-03-10","y":134.41},{"x":"2018-03-11","y":134.49},{"x":"2018-03-12","y":134.57},{"x":"2018-03-13","y":134.65},{"x":"2018-03-14","y":134.74},{"x":"2018-03-15","y":134.82},{"x":"2018-03-16","y":134.9},{"x":"2018-03-17","y":134.98},{"x":"2018-03-18","y":135.06},{"x":"2018-03-19","y":135.15},{"x":"2018-03-20","y":135.23},{"x":"2018-03-21","y":135.31},{"x":"2018-03-22","y":135.39},{"x":"2018-03-23","y":135.48},{"x":"2018-03-24","y":135.56},{"x":"2018-03-25","y":135.64},{"x":"2018-03-26","y":135.73},{"x":"2018-03-27","y":135.81},{"x":"2018-03-28","y":135.89},{"x":"2018-03-29","y":135.97},{"x":"2018-03-30","y":136.06},{"x":"2018-03-31","y":136.14},{"x":"2018-04-01","y":136.26},{"x":"2018-04-02","y":136.38},{"x":"2018-04-03","y":136.5},{"x":"2018-04-04","y":136.62},{"x":"2018-04-05","y":136.74},{"x":"2018-04-06","y":136.87},{"x":"2018-04-07","y":136.99},{"x":"2018-04-08","y":137.11},{"x":"2018-04-09","y":137.23},{"x":"2018-04-10","y":137.35},{"x":"2018-04-11","y":137.47},{"x":"2018-04-12","y":137.6},{"x":"2018-04-13","y":137.72},{"x":"2018-04-14","y":137.84},{"x":"2018-04-15","y":137.96},{"x":"2018-04-16","y":138.09},{"x":"2018-04-17","y":138.21},{"x":"2018-04-18","y":138.33},{"x":"2018-04-19","y":138.45},{"x":"2018-04-20","y":138.58},{"x":"2018-04-21","y":138.7},{"x":"2018-04-22","y":138.82},{"x":"2018-04-23","y":138.94},{"x":"2018-04-24","y":139.07},{"x":"2018-04-25","y":139.19},{"x":"2018-04-26","y":139.32},{"x":"2018-04-27","y":139.44},{"x":"2018-04-28","y":139.56},{"x":"2018-04-29","y":139.69},{"x":"2018-04-30","y":139.81},{"x":"2018-05-01","y":139.88},{"x":"2018-05-02","y":139.95},{"x":"2018-05-03","y":140.01},{"x":"2018-05-04","y":140.08},{"x":"2018-05-05","y":140.15},{"x":"2018-05-06","y":140.22},{"x":"2018-05-07","y":140.29},{"x":"2018-05-08","y":140.35},{"x":"2018-05-09","y":140.42},{"x":"2018-05-10","y":140.49},{"x":"2018-05-11","y":140.56},{"x":"2018-05-12","y":140.63},{"x":"2018-05-13","y":140.7},{"x":"2018-05-14","y":140.76},{"x":"2018-05-15","y":140.83},{"x":"2018-05-16","y":140.9},{"x":"2018-05-17","y":140.97},{"x":"2018-05-18","y":141.04},{"x":"2018-05-19","y":141.11},{"x":"2018-05-20","y":141.17},{"x":"2018-05-21","y":141.24},{"x":"2018-05-22","y":141.31},{"x":"2018-05-23","y":141.38},{"x":"2018-05-24","y":141.45},{"x":"2018-05-25","y":141.52},{"x":"2018-05-26","y":141.59},{"x":"2018-05-27","y":141.65},{"x":"2018-05-28","y":141.72},{"x":"2018-05-29","y":141.79},{"x":"2018-05-30","y":141.86},{"x":"2018-05-31","y":141.93},{"x":"2018-06-01","y":141.97},{"x":"2018-06-02","y":142.01},{"x":"2018-06-03","y":142.05},{"x":"2018-06-04","y":142.09},{"x":"2018-06-05","y":142.13},{"x":"2018-06-06","y":142.17},{"x":"2018-06-07","y":142.21},{"x":"2018-06-08","y":142.25},{"x":"2018-06-09","y":142.29},{"x":"2018-06-10","y":142.33},{"x":"2018-06-11","y":142.37},{"x":"2018-06-12","y":142.41},{"x":"2018-06-13","y":142.45},{"x":"2018-06-14","y":142.49},{"x":"2018-06-15","y":142.53},{"x":"2018-06-16","y":142.57},{"x":"2018-06-17","y":142.61},{"x":"2018-06-18","y":142.65},{"x":"2018-06-19","y":142.7},{"x":"2018-06-20","y":142.74},{"x":"2018-06-21","y":142.78},{"x":"2018-06-22","y":142.82},{"x":"2018-06-23","y":142.86},{"x":"2018-06-24","y":142.9},{"x":"2018-06-25","y":142.94},{"x":"2018-06-26","y":142.98},{"x":"2018-06-27","y":143.02},{"x":"2018-06-28","y":143.06},{"x":"2018-06-29","y":143.1},{"x":"2018-06-30","y":143.14},{"x":"2018-07-01","y":143.26},{"x":"2018-07-02","y":143.38},{"x":"2018-07-03","y":143.5},{"x":"2018-07-04","y":143.62},{"x":"2018-07-05","y":143.74},{"x":"2018-07-06","y":143.86},{"x":"2018-07-07","y":143.98},{"x":"2018-07-08","y":144.1},{"x":"2018-07-09","y":144.22},{"x":"2018-07-10","y":144.34},{"x":"2018-07-11","y":144.46},{"x":"2018-07-12","y":144.58},{"x":"2018-07-13","y":144.7},{"x":"2018-07-14","y":144.83},{"x":"2018-07-15","y":144.95},{"x":"2018-07-16","y":145.07},{"x":"2018-07-17","y":145.19},{"x":"2018-07-18","y":145.31},{"x":"2018-07-19","y":145.43},{"x":"2018-07-20","y":145.55},{"x":"2018-07-21","y":145.68},{"x":"2018-07-22","y":145.8},{"x":"2018-07-23","y":145.92},{"x":"2018-07-24","y":146.04},{"x":"2018-07-25","y":146.16},{"x":"2018-07-26","y":146.29},{"x":"2018-07-27","y":146.41},{"x":"2018-07-28","y":146.53},{"x":"2018-07-29","y":146.65},{"x":"2018-07-30","y":146.78},{"x":"2018-07-31","y":146.9},{"x":"2018-08-01","y":147.03},{"x":"2018-08-02","y":147.16},{"x":"2018-08-03","y":147.3},{"x":"2018-08-04","y":147.43},{"x":"2018-08-05","y":147.56},{"x":"2018-08-06","y":147.69},{"x":"2018-08-07","y":147.83},{"x":"2018-08-08","y":147.96},{"x":"2018-08-09","y":148.09},{"x":"2018-08-10","y":148.23},{"x":"2018-08-11","y":148.36},{"x":"2018-08-12","y":148.49},{"x":"2018-08-13","y":148.63},{"x":"2018-08-14","y":148.76},{"x":"2018-08-15","y":148.89},{"x":"2018-08-16","y":149.03},{"x":"2018-08-17","y":149.16},{"x":"2018-08-18","y":149.3},{"x":"2018-08-19","y":149.43},{"x":"2018-08-20","y":149.56},{"x":"2018-08-21","y":149.7},{"x":"2018-08-22","y":149.83},{"x":"2018-08-23","y":149.97},{"x":"2018-08-24","y":150.1},{"x":"2018-08-25","y":150.24},{"x":"2018-08-26","y":150.37},{"x":"2018-08-27","y":150.51},{"x":"2018-08-28","y":150.64},{"x":"2018-08-29","y":150.78},{"x":"2018-08-30","y":150.91},{"x":"2018-08-31","y":151.05},{"x":"2018-09-01","y":151.19},{"x":"2018-09-02","y":151.34},{"x":"2018-09-03","y":151.48},{"x":"2018-09-04","y":151.63},{"x":"2018-09-05","y":151.77},{"x":"2018-09-06","y":151.92},{"x":"2018-09-07","y":152.06},{"x":"2018-09-08","y":152.21},{"x":"2018-09-09","y":152.35},{"x":"2018-09-10","y":152.5},{"x":"2018-09-11","y":152.65},{"x":"2018-09-12","y":152.79},{"x":"2018-09-13","y":152.94},{"x":"2018-09-14","y":153.08},{"x":"2018-09-15","y":153.23},{"x":"2018-09-16","y":153.38},{"x":"2018-09-17","y":153.52},{"x":"2018-09-18","y":153.67},{"x":"2018-09-19","y":153.82},{"x":"2018-09-20","y":153.96},{"x":"2018-09-21","y":154.11},{"x":"2018-09-22","y":154.26},{"x":"2018-09-23","y":154.4},{"x":"2018-09-24","y":154.55},{"x":"2018-09-25","y":154.7},{"x":"2018-09-26","y":154.85},{"x":"2018-09-27","y":155},{"x":"2018-09-28","y":155.14},{"x":"2018-09-29","y":155.29},{"x":"2018-09-30","y":155.44},{"x":"2018-10-01","y":155.62},{"x":"2018-10-02","y":155.8},{"x":"2018-10-03","y":155.98},{"x":"2018-10-04","y":156.16},{"x":"2018-10-05","y":156.34},{"x":"2018-10-06","y":156.52},{"x":"2018-10-07","y":156.7},{"x":"2018-10-08","y":156.89},{"x":"2018-10-09","y":157.07},{"x":"2018-10-10","y":157.25},{"x":"2018-10-11","y":157.43},{"x":"2018-10-12","y":157.61},{"x":"2018-10-13","y":157.8},{"x":"2018-10-14","y":157.98},{"x":"2018-10-15","y":158.16},{"x":"2018-10-16","y":158.35},{"x":"2018-10-17","y":158.53},{"x":"2018-10-18","y":158.71},{"x":"2018-10-19","y":158.9},{"x":"2018-10-20","y":159.08},{"x":"2018-10-21","y":159.27},{"x":"2018-10-22","y":159.45},{"x":"2018-10-23","y":159.63},{"x":"2018-10-24","y":159.82},{"x":"2018-10-25","y":160},{"x":"2018-10-26","y":160.19},{"x":"2018-10-27","y":160.38},{"x":"2018-10-28","y":160.56},{"x":"2018-10-29","y":160.75},{"x":"2018-10-30","y":160.93},{"x":"2018-10-31","y":161.12},{"x":"2018-11-01","y":161.27},{"x":"2018-11-02","y":161.43},{"x":"2018-11-03","y":161.58},{"x":"2018-11-04","y":161.74},{"x":"2018-11-05","y":161.9},{"x":"2018-11-06","y":162.05},{"x":"2018-11-07","y":162.21},{"x":"2018-11-08","y":162.36},{"x":"2018-11-09","y":162.52},{"x":"2018-11-10","y":162.67},{"x":"2018-11-11","y":162.83},{"x":"2018-11-12","y":162.99},{"x":"2018-11-13","y":163.14},{"x":"2018-11-14","y":163.3},{"x":"2018-11-15","y":163.46},{"x":"2018-11-16","y":163.62},{"x":"2018-11-17","y":163.77},{"x":"2018-11-18","y":163.93},{"x":"2018-11-19","y":164.09},{"x":"2018-11-20","y":164.24},{"x":"2018-11-21","y":164.4},{"x":"2018-11-22","y":164.56},{"x":"2018-11-23","y":164.72},{"x":"2018-11-24","y":164.88},{"x":"2018-11-25","y":165.04},{"x":"2018-11-26","y":165.19},{"x":"2018-11-27","y":165.35},{"x":"2018-11-28","y":165.51},{"x":"2018-11-29","y":165.67},{"x":"2018-11-30","y":165.83},{"x":"2018-12-01","y":165.96},{"x":"2018-12-02","y":166.09},{"x":"2018-12-03","y":166.22},{"x":"2018-12-04","y":166.35},{"x":"2018-12-05","y":166.49},{"x":"2018-12-06","y":166.62},{"x":"2018-12-07","y":166.75},{"x":"2018-12-08","y":166.88},{"x":"2018-12-09","y":167.01},{"x":"2018-12-10","y":167.14},{"x":"2018-12-11","y":167.28},{"x":"2018-12-12","y":167.41},{"x":"2018-12-13","y":167.54},{"x":"2018-12-14","y":167.67},{"x":"2018-12-15","y":167.81},{"x":"2018-12-16","y":167.94},{"x":"2018-12-17","y":168.07},{"x":"2018-12-18","y":168.2},{"x":"2018-12-19","y":168.34},{"x":"2018-12-20","y":168.47},{"x":"2018-12-21","y":168.6},{"x":"2018-12-22","y":168.74},{"x":"2018-12-23","y":168.87},{"x":"2018-12-24","y":169},{"x":"2018-12-25","y":169.14},{"x":"2018-12-26","y":169.27},{"x":"2018-12-27","y":169.4},{"x":"2018-12-28","y":169.54},{"x":"2018-12-29","y":169.67},{"x":"2018-12-30","y":169.81},{"x":"2018-12-31","y":169.94},{"x":"2019-01-01","y":170.11},{"x":"2019-01-02","y":170.27},{"x":"2019-01-03","y":170.44},{"x":"2019-01-04","y":170.61},{"x":"2019-01-05","y":170.78},{"x":"2019-01-06","y":170.94},{"x":"2019-01-07","y":171.11},{"x":"2019-01-08","y":171.28},{"x":"2019-01-09","y":171.45},{"x":"2019-01-10","y":171.62},{"x":"2019-01-11","y":171.78},{"x":"2019-01-12","y":171.95},{"x":"2019-01-13","y":172.12},{"x":"2019-01-14","y":172.29},{"x":"2019-01-15","y":172.46},{"x":"2019-01-16","y":172.63},{"x":"2019-01-17","y":172.8},{"x":"2019-01-18","y":172.97},{"x":"2019-01-19","y":173.14},{"x":"2019-01-20","y":173.31},{"x":"2019-01-21","y":173.48},{"x":"2019-01-22","y":173.65},{"x":"2019-01-23","y":173.82},{"x":"2019-01-24","y":173.99},{"x":"2019-01-25","y":174.16},{"x":"2019-01-26","y":174.33},{"x":"2019-01-27","y":174.5},{"x":"2019-01-28","y":174.67},{"x":"2019-01-29","y":174.85},{"x":"2019-01-30","y":175.02},{"x":"2019-01-31","y":175.19},{"x":"2019-02-01","y":175.35},{"x":"2019-02-02","y":175.52},{"x":"2019-02-03","y":175.68},{"x":"2019-02-04","y":175.85},{"x":"2019-02-05","y":176.01},{"x":"2019-02-06","y":176.18},{"x":"2019-02-07","y":176.34},{"x":"2019-02-08","y":176.51},{"x":"2019-02-09","y":176.67},{"x":"2019-02-10","y":176.84},{"x":"2019-02-11","y":177},{"x":"2019-02-12","y":177.17},{"x":"2019-02-13","y":177.33},{"x":"2019-02-14","y":177.5},{"x":"2019-02-15","y":177.67},{"x":"2019-02-16","y":177.83},{"x":"2019-02-17","y":178},{"x":"2019-02-18","y":178.17},{"x":"2019-02-19","y":178.33},{"x":"2019-02-20","y":178.5},{"x":"2019-02-21","y":178.67},{"x":"2019-02-22","y":178.83},{"x":"2019-02-23","y":179},{"x":"2019-02-24","y":179.17},{"x":"2019-02-25","y":179.34},{"x":"2019-02-26","y":179.5},{"x":"2019-02-27","y":179.67},{"x":"2019-02-28","y":179.84},{"x":"2019-03-01","y":180.06},{"x":"2019-03-02","y":180.29},{"x":"2019-03-03","y":180.52},{"x":"2019-03-04","y":180.74},{"x":"2019-03-05","y":180.97},{"x":"2019-03-06","y":181.19},{"x":"2019-03-07","y":181.42},{"x":"2019-03-08","y":181.65},{"x":"2019-03-09","y":181.87},{"x":"2019-03-10","y":182.1},{"x":"2019-03-11","y":182.33},{"x":"2019-03-12","y":182.56},{"x":"2019-03-13","y":182.78},{"x":"2019-03-14","y":183.01},{"x":"2019-03-15","y":183.24},{"x":"2019-03-16","y":183.47},{"x":"2019-03-17","y":183.7},{"x":"2019-03-18","y":183.93},{"x":"2019-03-19","y":184.16},{"x":"2019-03-20","y":184.39},{"x":"2019-03-21","y":184.62},{"x":"2019-03-22","y":184.85},{"x":"2019-03-23","y":185.08},{"x":"2019-03-24","y":185.31},{"x":"2019-03-25","y":185.54},{"x":"2019-03-26","y":185.78},{"x":"2019-03-27","y":186.01},{"x":"2019-03-28","y":186.24},{"x":"2019-03-29","y":186.47},{"x":"2019-03-30","y":186.71},{"x":"2019-03-31","y":186.94},{"x":"2019-04-01","y":187.08},{"x":"2019-04-02","y":187.22},{"x":"2019-04-03","y":187.35},{"x":"2019-04-04","y":187.49},{"x":"2019-04-05","y":187.63},{"x":"2019-04-06","y":187.77},{"x":"2019-04-07","y":187.9},{"x":"2019-04-08","y":188.04},{"x":"2019-04-09","y":188.18},{"x":"2019-04-10","y":188.32},{"x":"2019-04-11","y":188.46},{"x":"2019-04-12","y":188.6},{"x":"2019-04-13","y":188.74},{"x":"2019-04-14","y":188.87},{"x":"2019-04-15","y":189.01},{"x":"2019-04-16","y":189.15},{"x":"2019-04-17","y":189.29},{"x":"2019-04-18","y":189.43},{"x":"2019-04-19","y":189.57},{"x":"2019-04-20","y":189.71},{"x":"2019-04-21","y":189.85},{"x":"2019-04-22","y":189.99},{"x":"2019-04-23","y":190.13},{"x":"2019-04-24","y":190.27},{"x":"2019-04-25","y":190.41},{"x":"2019-04-26","y":190.55},{"x":"2019-04-27","y":190.69},{"x":"2019-04-28","y":190.83},{"x":"2019-04-29","y":190.97},{"x":"2019-04-30","y":191.11},{"x":"2019-05-01","y":191.28},{"x":"2019-05-02","y":191.45},{"x":"2019-05-03","y":191.63},{"x":"2019-05-04","y":191.8},{"x":"2019-05-05","y":191.97},{"x":"2019-05-06","y":192.14},{"x":"2019-05-07","y":192.32},{"x":"2019-05-08","y":192.49},{"x":"2019-05-09","y":192.66},{"x":"2019-05-10","y":192.84},{"x":"2019-05-11","y":193.01},{"x":"2019-05-12","y":193.18},{"x":"2019-05-13","y":193.36},{"x":"2019-05-14","y":193.53},{"x":"2019-05-15","y":193.7},{"x":"2019-05-16","y":193.88},{"x":"2019-05-17","y":194.05},{"x":"2019-05-18","y":194.23},{"x":"2019-05-19","y":194.4},{"x":"2019-05-20","y":194.58},{"x":"2019-05-21","y":194.75},{"x":"2019-05-22","y":194.93},{"x":"2019-05-23","y":195.1},{"x":"2019-05-24","y":195.28},{"x":"2019-05-25","y":195.45},{"x":"2019-05-26","y":195.63},{"x":"2019-05-27","y":195.8},{"x":"2019-05-28","y":195.98},{"x":"2019-05-29","y":196.16},{"x":"2019-05-30","y":196.33},{"x":"2019-05-31","y":196.51},{"x":"2019-06-01","y":196.64},{"x":"2019-06-02","y":196.77},{"x":"2019-06-03","y":196.9},{"x":"2019-06-04","y":197.03},{"x":"2019-06-05","y":197.16},{"x":"2019-06-06","y":197.29},{"x":"2019-06-07","y":197.42},{"x":"2019-06-08","y":197.55},{"x":"2019-06-09","y":197.68},{"x":"2019-06-10","y":197.81},{"x":"2019-06-11","y":197.94},{"x":"2019-06-12","y":198.07},{"x":"2019-06-13","y":198.2},{"x":"2019-06-14","y":198.34},{"x":"2019-06-15","y":198.47},{"x":"2019-06-16","y":198.6},{"x":"2019-06-17","y":198.73},{"x":"2019-06-18","y":198.86},{"x":"2019-06-19","y":198.99},{"x":"2019-06-20","y":199.12},{"x":"2019-06-21","y":199.25},{"x":"2019-06-22","y":199.39},{"x":"2019-06-23","y":199.52},{"x":"2019-06-24","y":199.65},{"x":"2019-06-25","y":199.78},{"x":"2019-06-26","y":199.91},{"x":"2019-06-27","y":200.05},{"x":"2019-06-28","y":200.18},{"x":"2019-06-29","y":200.31},{"x":"2019-06-30","y":200.44},{"x":"2019-07-01","y":200.74},{"x":"2019-07-02","y":201.04},{"x":"2019-07-03","y":201.34},{"x":"2019-07-04","y":201.64},{"x":"2019-07-05","y":201.94},{"x":"2019-07-06","y":202.24},{"x":"2019-07-07","y":202.54},{"x":"2019-07-08","y":202.84},{"x":"2019-07-09","y":203.14},{"x":"2019-07-10","y":203.44},{"x":"2019-07-11","y":203.75},{"x":"2019-07-12","y":204.05},{"x":"2019-07-13","y":204.35},{"x":"2019-07-14","y":204.66},{"x":"2019-07-15","y":204.96},{"x":"2019-07-16","y":205.27},{"x":"2019-07-17","y":205.57},{"x":"2019-07-18","y":205.88},{"x":"2019-07-19","y":206.19},{"x":"2019-07-20","y":206.49},{"x":"2019-07-21","y":206.8},{"x":"2019-07-22","y":207.11},{"x":"2019-07-23","y":207.42},{"x":"2019-07-24","y":207.73},{"x":"2019-07-25","y":208.03},{"x":"2019-07-26","y":208.34},{"x":"2019-07-27","y":208.65},{"x":"2019-07-28","y":208.97},{"x":"2019-07-29","y":209.28},{"x":"2019-07-30","y":209.59},{"x":"2019-07-31","y":209.9},{"x":"2019-08-01","y":210.06},{"x":"2019-08-02","y":210.23},{"x":"2019-08-03","y":210.39},{"x":"2019-08-04","y":210.55},{"x":"2019-08-05","y":210.72},{"x":"2019-08-06","y":210.88},{"x":"2019-08-07","y":211.05},{"x":"2019-08-08","y":211.21},{"x":"2019-08-09","y":211.37},{"x":"2019-08-10","y":211.54},{"x":"2019-08-11","y":211.7},{"x":"2019-08-12","y":211.87},{"x":"2019-08-13","y":212.03},{"x":"2019-08-14","y":212.2},{"x":"2019-08-15","y":212.36},{"x":"2019-08-16","y":212.53},{"x":"2019-08-17","y":212.69},{"x":"2019-08-18","y":212.86},{"x":"2019-08-19","y":213.02},{"x":"2019-08-20","y":213.19},{"x":"2019-08-21","y":213.35},{"x":"2019-08-22","y":213.52},{"x":"2019-08-23","y":213.69},{"x":"2019-08-24","y":213.85},{"x":"2019-08-25","y":214.02},{"x":"2019-08-26","y":214.19},{"x":"2019-08-27","y":214.35},{"x":"2019-08-28","y":214.52},{"x":"2019-08-29","y":214.69},{"x":"2019-08-30","y":214.85},{"x":"2019-08-31","y":215.02},{"x":"2019-09-01","y":215.21},{"x":"2019-09-02","y":215.4},{"x":"2019-09-03","y":215.59},{"x":"2019-09-04","y":215.78},{"x":"2019-09-05","y":215.97},{"x":"2019-09-06","y":216.16},{"x":"2019-09-07","y":216.35},{"x":"2019-09-08","y":216.54},{"x":"2019-09-09","y":216.73},{"x":"2019-09-10","y":216.92},{"x":"2019-09-11","y":217.11},{"x":"2019-09-12","y":217.3},{"x":"2019-09-13","y":217.49},{"x":"2019-09-14","y":217.68},{"x":"2019-09-15","y":217.88},{"x":"2019-09-16","y":218.07},{"x":"2019-09-17","y":218.26},{"x":"2019-09-18","y":218.45},{"x":"2019-09-19","y":218.64},{"x":"2019-09-20","y":218.84},{"x":"2019-09-21","y":219.03},{"x":"2019-09-22","y":219.22},{"x":"2019-09-23","y":219.41},{"x":"2019-09-24","y":219.61},{"x":"2019-09-25","y":219.8},{"x":"2019-09-26","y":219.99},{"x":"2019-09-27","y":220.19},{"x":"2019-09-28","y":220.38},{"x":"2019-09-29","y":220.58},{"x":"2019-09-30","y":220.77},{"x":"2019-10-01","y":221},{"x":"2019-10-02","y":221.22},{"x":"2019-10-03","y":221.45},{"x":"2019-10-04","y":221.68},{"x":"2019-10-05","y":221.91},{"x":"2019-10-06","y":222.14},{"x":"2019-10-07","y":222.36},{"x":"2019-10-08","y":222.59},{"x":"2019-10-09","y":222.82},{"x":"2019-10-10","y":223.05},{"x":"2019-10-11","y":223.28},{"x":"2019-10-12","y":223.51},{"x":"2019-10-13","y":223.74},{"x":"2019-10-14","y":223.97},{"x":"2019-10-15","y":224.2},{"x":"2019-10-16","y":224.43},{"x":"2019-10-17","y":224.66},{"x":"2019-10-18","y":224.89},{"x":"2019-10-19","y":225.13},{"x":"2019-10-20","y":225.36},{"x":"2019-10-21","y":225.59},{"x":"2019-10-22","y":225.82},{"x":"2019-10-23","y":226.05},{"x":"2019-10-24","y":226.29},{"x":"2019-10-25","y":226.52},{"x":"2019-10-26","y":226.75},{"x":"2019-10-27","y":226.98},{"x":"2019-10-28","y":227.22},{"x":"2019-10-29","y":227.45},{"x":"2019-10-30","y":227.69},{"x":"2019-10-31","y":227.92},{"x":"2019-11-01","y":228.1},{"x":"2019-11-02","y":228.28},{"x":"2019-11-03","y":228.45},{"x":"2019-11-04","y":228.63},{"x":"2019-11-05","y":228.81},{"x":"2019-11-06","y":228.99},{"x":"2019-11-07","y":229.17},{"x":"2019-11-08","y":229.35},{"x":"2019-11-09","y":229.53},{"x":"2019-11-10","y":229.71},{"x":"2019-11-11","y":229.89},{"x":"2019-11-12","y":230.06},{"x":"2019-11-13","y":230.24},{"x":"2019-11-14","y":230.42},{"x":"2019-11-15","y":230.6},{"x":"2019-11-16","y":230.78},{"x":"2019-11-17","y":230.96},{"x":"2019-11-18","y":231.14},{"x":"2019-11-19","y":231.33},{"x":"2019-11-20","y":231.51},{"x":"2019-11-21","y":231.69},{"x":"2019-11-22","y":231.87},{"x":"2019-11-23","y":232.05},{"x":"2019-11-24","y":232.23},{"x":"2019-11-25","y":232.41},{"x":"2019-11-26","y":232.59},{"x":"2019-11-27","y":232.77},{"x":"2019-11-28","y":232.96},{"x":"2019-11-29","y":233.14},{"x":"2019-11-30","y":233.32},{"x":"2019-12-01","y":233.51},{"x":"2019-12-02","y":233.71},{"x":"2019-12-03","y":233.91},{"x":"2019-12-04","y":234.1},{"x":"2019-12-05","y":234.3},{"x":"2019-12-06","y":234.49},{"x":"2019-12-07","y":234.69},{"x":"2019-12-08","y":234.88},{"x":"2019-12-09","y":235.08},{"x":"2019-12-10","y":235.28},{"x":"2019-12-11","y":235.47},{"x":"2019-12-12","y":235.67},{"x":"2019-12-13","y":235.87},{"x":"2019-12-14","y":236.06},{"x":"2019-12-15","y":236.26},{"x":"2019-12-16","y":236.46},{"x":"2019-12-17","y":236.66},{"x":"2019-12-18","y":236.85},{"x":"2019-12-19","y":237.05},{"x":"2019-12-20","y":237.25},{"x":"2019-12-21","y":237.45},{"x":"2019-12-22","y":237.65},{"x":"2019-12-23","y":237.85},{"x":"2019-12-24","y":238.04},{"x":"2019-12-25","y":238.24},{"x":"2019-12-26","y":238.44},{"x":"2019-12-27","y":238.64},{"x":"2019-12-28","y":238.84},{"x":"2019-12-29","y":239.04},{"x":"2019-12-30","y":239.24},{"x":"2019-12-31","y":239.44},{"x":"2020-01-01","y":239.89},{"x":"2020-01-02","y":240.34},{"x":"2020-01-03","y":240.79},{"x":"2020-01-04","y":241.24},{"x":"2020-01-05","y":241.7},{"x":"2020-01-06","y":242.15},{"x":"2020-01-07","y":242.61},{"x":"2020-01-08","y":243.06},{"x":"2020-01-09","y":243.52},{"x":"2020-01-10","y":243.97},{"x":"2020-01-11","y":244.43},{"x":"2020-01-12","y":244.89},{"x":"2020-01-13","y":245.35},{"x":"2020-01-14","y":245.81},{"x":"2020-01-15","y":246.27},{"x":"2020-01-16","y":246.74},{"x":"2020-01-17","y":247.2},{"x":"2020-01-18","y":247.66},{"x":"2020-01-19","y":248.13},{"x":"2020-01-20","y":248.6},{"x":"2020-01-21","y":249.06},{"x":"2020-01-22","y":249.53},{"x":"2020-01-23","y":250},{"x":"2020-01-24","y":250.47},{"x":"2020-01-25","y":250.94},{"x":"2020-01-26","y":251.41},{"x":"2020-01-27","y":251.88},{"x":"2020-01-28","y":252.36},{"x":"2020-01-29","y":252.83},{"x":"2020-01-30","y":253.3},{"x":"2020-01-31","y":253.78},{"x":"2020-02-01","y":254.11},{"x":"2020-02-02","y":254.44},{"x":"2020-02-03","y":254.77},{"x":"2020-02-04","y":255.11},{"x":"2020-02-05","y":255.44},{"x":"2020-02-06","y":255.77},{"x":"2020-02-07","y":256.1},{"x":"2020-02-08","y":256.44},{"x":"2020-02-09","y":256.77},{"x":"2020-02-10","y":257.11},{"x":"2020-02-11","y":257.44},{"x":"2020-02-12","y":257.78},{"x":"2020-02-13","y":258.11},{"x":"2020-02-14","y":258.45},{"x":"2020-02-15","y":258.79},{"x":"2020-02-16","y":259.12},{"x":"2020-02-17","y":259.46},{"x":"2020-02-18","y":259.8},{"x":"2020-02-19","y":260.14},{"x":"2020-02-20","y":260.48},{"x":"2020-02-21","y":260.82},{"x":"2020-02-22","y":261.16},{"x":"2020-02-23","y":261.5},{"x":"2020-02-24","y":261.84},{"x":"2020-02-25","y":262.18},{"x":"2020-02-26","y":262.52},{"x":"2020-02-27","y":262.86},{"x":"2020-02-28","y":263.21},{"x":"2020-02-29","y":263.55},{"x":"2020-03-01","y":263.81},{"x":"2020-03-02","y":264.06},{"x":"2020-03-03","y":264.32},{"x":"2020-03-04","y":264.57},{"x":"2020-03-05","y":264.83},{"x":"2020-03-06","y":265.09},{"x":"2020-03-07","y":265.34},{"x":"2020-03-08","y":265.6},{"x":"2020-03-09","y":265.86},{"x":"2020-03-10","y":266.11},{"x":"2020-03-11","y":266.37},{"x":"2020-03-12","y":266.63},{"x":"2020-03-13","y":266.89},{"x":"2020-03-14","y":267.15},{"x":"2020-03-15","y":267.41},{"x":"2020-03-16","y":267.66},{"x":"2020-03-17","y":267.92},{"x":"2020-03-18","y":268.18},{"x":"2020-03-19","y":268.44},{"x":"2020-03-20","y":268.7},{"x":"2020-03-21","y":268.96},{"x":"2020-03-22","y":269.22},{"x":"2020-03-23","y":269.48},{"x":"2020-03-24","y":269.75},{"x":"2020-03-25","y":270.01},{"x":"2020-03-26","y":270.27},{"x":"2020-03-27","y":270.53},{"x":"2020-03-28","y":270.79},{"x":"2020-03-29","y":271.05},{"x":"2020-03-30","y":271.32},{"x":"2020-03-31","y":271.58},{"x":"2020-04-01","y":271.59},{"x":"2020-04-02","y":271.61},{"x":"2020-04-03","y":271.62},{"x":"2020-04-04","y":271.64},{"x":"2020-04-05","y":271.65},{"x":"2020-04-06","y":271.67},{"x":"2020-04-07","y":271.68},{"x":"2020-04-08","y":271.7},{"x":"2020-04-09","y":271.71},{"x":"2020-04-10","y":271.73},{"x":"2020-04-11","y":271.74},{"x":"2020-04-12","y":271.76},{"x":"2020-04-13","y":271.77},{"x":"2020-04-14","y":271.79},{"x":"2020-04-15","y":271.8},{"x":"2020-04-16","y":271.82},{"x":"2020-04-17","y":271.83},{"x":"2020-04-18","y":271.85},{"x":"2020-04-19","y":271.86},{"x":"2020-04-20","y":271.88},{"x":"2020-04-21","y":271.89},{"x":"2020-04-22","y":271.91},{"x":"2020-04-23","y":271.92},{"x":"2020-04-24","y":271.94},{"x":"2020-04-25","y":271.95},{"x":"2020-04-26","y":271.97},{"x":"2020-04-27","y":271.98},{"x":"2020-04-28","y":272},{"x":"2020-04-29","y":272.01},{"x":"2020-04-30","y":272.03},{"x":"2020-05-01","y":272.02},{"x":"2020-05-02","y":272.02},{"x":"2020-05-03","y":272.01},{"x":"2020-05-04","y":272.01},{"x":"2020-05-05","y":272},{"x":"2020-05-06","y":271.99},{"x":"2020-05-07","y":271.99},{"x":"2020-05-08","y":271.98},{"x":"2020-05-09","y":271.97},{"x":"2020-05-10","y":271.97},{"x":"2020-05-11","y":271.96},{"x":"2020-05-12","y":271.96},{"x":"2020-05-13","y":271.95},{"x":"2020-05-14","y":271.94},{"x":"2020-05-15","y":271.94},{"x":"2020-05-16","y":271.93},{"x":"2020-05-17","y":271.93},{"x":"2020-05-18","y":271.92},{"x":"2020-05-19","y":271.91},{"x":"2020-05-20","y":271.91},{"x":"2020-05-21","y":271.9},{"x":"2020-05-22","y":271.9},{"x":"2020-05-23","y":271.89},{"x":"2020-05-24","y":271.88},{"x":"2020-05-25","y":271.88},{"x":"2020-05-26","y":271.87},{"x":"2020-05-27","y":271.86},{"x":"2020-05-28","y":271.86},{"x":"2020-05-29","y":271.85},{"x":"2020-05-30","y":271.85},{"x":"2020-05-31","y":271.84},{"x":"2020-06-01","y":271.89},{"x":"2020-06-02","y":271.95},{"x":"2020-06-03","y":272},{"x":"2020-06-04","y":272.06},{"x":"2020-06-05","y":272.11},{"x":"2020-06-06","y":272.17},{"x":"2020-06-07","y":272.22},{"x":"2020-06-08","y":272.27},{"x":"2020-06-09","y":272.33},{"x":"2020-06-10","y":272.38},{"x":"2020-06-11","y":272.44},{"x":"2020-06-12","y":272.49},{"x":"2020-06-13","y":272.55},{"x":"2020-06-14","y":272.6},{"x":"2020-06-15","y":272.65},{"x":"2020-06-16","y":272.71},{"x":"2020-06-17","y":272.76},{"x":"2020-06-18","y":272.82},{"x":"2020-06-19","y":272.87},{"x":"2020-06-20","y":272.93},{"x":"2020-06-21","y":272.98},{"x":"2020-06-22","y":273.03},{"x":"2020-06-23","y":273.09},{"x":"2020-06-24","y":273.14},{"x":"2020-06-25","y":273.2},{"x":"2020-06-26","y":273.25},{"x":"2020-06-27","y":273.31},{"x":"2020-06-28","y":273.36},{"x":"2020-06-29","y":273.42},{"x":"2020-06-30","y":273.47},{"x":"2020-07-01","y":273.63},{"x":"2020-07-02","y":273.78},{"x":"2020-07-03","y":273.94},{"x":"2020-07-04","y":274.1},{"x":"2020-07-05","y":274.25},{"x":"2020-07-06","y":274.41},{"x":"2020-07-07","y":274.57},{"x":"2020-07-08","y":274.73},{"x":"2020-07-09","y":274.88},{"x":"2020-07-10","y":275.04},{"x":"2020-07-11","y":275.2},{"x":"2020-07-12","y":275.36},{"x":"2020-07-13","y":275.51},{"x":"2020-07-14","y":275.67},{"x":"2020-07-15","y":275.83},{"x":"2020-07-16","y":275.99},{"x":"2020-07-17","y":276.15},{"x":"2020-07-18","y":276.3},{"x":"2020-07-19","y":276.46},{"x":"2020-07-20","y":276.62},{"x":"2020-07-21","y":276.78},{"x":"2020-07-22","y":276.94},{"x":"2020-07-23","y":277.1},{"x":"2020-07-24","y":277.26},{"x":"2020-07-25","y":277.41},{"x":"2020-07-26","y":277.57},{"x":"2020-07-27","y":277.73},{"x":"2020-07-28","y":277.89},{"x":"2020-07-29","y":278.05},{"x":"2020-07-30","y":278.21},{"x":"2020-07-31","y":278.37},{"x":"2020-08-01","y":278.55},{"x":"2020-08-02","y":278.72},{"x":"2020-08-03","y":278.9},{"x":"2020-08-04","y":279.08},{"x":"2020-08-05","y":279.26},{"x":"2020-08-06","y":279.44},{"x":"2020-08-07","y":279.61},{"x":"2020-08-08","y":279.79},{"x":"2020-08-09","y":279.97},{"x":"2020-08-10","y":280.15},{"x":"2020-08-11","y":280.33},{"x":"2020-08-12","y":280.51},{"x":"2020-08-13","y":280.68},{"x":"2020-08-14","y":280.86},{"x":"2020-08-15","y":281.04},{"x":"2020-08-16","y":281.22},{"x":"2020-08-17","y":281.4},{"x":"2020-08-18","y":281.58},{"x":"2020-08-19","y":281.76},{"x":"2020-08-20","y":281.94},{"x":"2020-08-21","y":282.12},{"x":"2020-08-22","y":282.3},{"x":"2020-08-23","y":282.48},{"x":"2020-08-24","y":282.66},{"x":"2020-08-25","y":282.84},{"x":"2020-08-26","y":283.02},{"x":"2020-08-27","y":283.2},{"x":"2020-08-28","y":283.38},{"x":"2020-08-29","y":283.56},{"x":"2020-08-30","y":283.74},{"x":"2020-08-31","y":283.92},{"x":"2020-09-01","y":284.15},{"x":"2020-09-02","y":284.39},{"x":"2020-09-03","y":284.62},{"x":"2020-09-04","y":284.86},{"x":"2020-09-05","y":285.09},{"x":"2020-09-06","y":285.33},{"x":"2020-09-07","y":285.56},{"x":"2020-09-08","y":285.8},{"x":"2020-09-09","y":286.03},{"x":"2020-09-10","y":286.27},{"x":"2020-09-11","y":286.5},{"x":"2020-09-12","y":286.74},{"x":"2020-09-13","y":286.98},{"x":"2020-09-14","y":287.21},{"x":"2020-09-15","y":287.45},{"x":"2020-09-16","y":287.68},{"x":"2020-09-17","y":287.92},{"x":"2020-09-18","y":288.16},{"x":"2020-09-19","y":288.4},{"x":"2020-09-20","y":288.63},{"x":"2020-09-21","y":288.87},{"x":"2020-09-22","y":289.11},{"x":"2020-09-23","y":289.35},{"x":"2020-09-24","y":289.59},{"x":"2020-09-25","y":289.82},{"x":"2020-09-26","y":290.06},{"x":"2020-09-27","y":290.3},{"x":"2020-09-28","y":290.54},{"x":"2020-09-29","y":290.78},{"x":"2020-09-30","y":291.02},{"x":"2020-10-01","y":291.4},{"x":"2020-10-02","y":291.77},{"x":"2020-10-03","y":292.15},{"x":"2020-10-04","y":292.53},{"x":"2020-10-05","y":292.91},{"x":"2020-10-06","y":293.29},{"x":"2020-10-07","y":293.67},{"x":"2020-10-08","y":294.05},{"x":"2020-10-09","y":294.43},{"x":"2020-10-10","y":294.81},{"x":"2020-10-11","y":295.2},{"x":"2020-10-12","y":295.58},{"x":"2020-10-13","y":295.96},{"x":"2020-10-14","y":296.34},{"x":"2020-10-15","y":296.73},{"x":"2020-10-16","y":297.11},{"x":"2020-10-17","y":297.5},{"x":"2020-10-18","y":297.88},{"x":"2020-10-19","y":298.27},{"x":"2020-10-20","y":298.66},{"x":"2020-10-21","y":299.04},{"x":"2020-10-22","y":299.43},{"x":"2020-10-23","y":299.82},{"x":"2020-10-24","y":300.21},{"x":"2020-10-25","y":300.6},{"x":"2020-10-26","y":300.98},{"x":"2020-10-27","y":301.37},{"x":"2020-10-28","y":301.77},{"x":"2020-10-29","y":302.16},{"x":"2020-10-30","y":302.55},{"x":"2020-10-31","y":302.94},{"x":"2020-11-01","y":303.27},{"x":"2020-11-02","y":303.6},{"x":"2020-11-03","y":303.92},{"x":"2020-11-04","y":304.25},{"x":"2020-11-05","y":304.58},{"x":"2020-11-06","y":304.91},{"x":"2020-11-07","y":305.24},{"x":"2020-11-08","y":305.57},{"x":"2020-11-09","y":305.9},{"x":"2020-11-10","y":306.23},{"x":"2020-11-11","y":306.56},{"x":"2020-11-12","y":306.89},{"x":"2020-11-13","y":307.22},{"x":"2020-11-14","y":307.56},{"x":"2020-11-15","y":307.89},{"x":"2020-11-16","y":308.22},{"x":"2020-11-17","y":308.56},{"x":"2020-11-18","y":308.89},{"x":"2020-11-19","y":309.22},{"x":"2020-11-20","y":309.56},{"x":"2020-11-21","y":309.89},{"x":"2020-11-22","y":310.23},{"x":"2020-11-23","y":310.56},{"x":"2020-11-24","y":310.9},{"x":"2020-11-25","y":311.23},{"x":"2020-11-26","y":311.57},{"x":"2020-11-27","y":311.91},{"x":"2020-11-28","y":312.24},{"x":"2020-11-29","y":312.58},{"x":"2020-11-30","y":312.92},{"x":"2020-12-01","y":313.1},{"x":"2020-12-02","y":313.27},{"x":"2020-12-03","y":313.45},{"x":"2020-12-04","y":313.62},{"x":"2020-12-05","y":313.8},{"x":"2020-12-06","y":313.98},{"x":"2020-12-07","y":314.15},{"x":"2020-12-08","y":314.33},{"x":"2020-12-09","y":314.51},{"x":"2020-12-10","y":314.68},{"x":"2020-12-11","y":314.86},{"x":"2020-12-12","y":315.04},{"x":"2020-12-13","y":315.21},{"x":"2020-12-14","y":315.39},{"x":"2020-12-15","y":315.57},{"x":"2020-12-16","y":315.75},{"x":"2020-12-17","y":315.92},{"x":"2020-12-18","y":316.1},{"x":"2020-12-19","y":316.28},{"x":"2020-12-20","y":316.46},{"x":"2020-12-21","y":316.64},{"x":"2020-12-22","y":316.81},{"x":"2020-12-23","y":316.99},{"x":"2020-12-24","y":317.17},{"x":"2020-12-25","y":317.35},{"x":"2020-12-26","y":317.53},{"x":"2020-12-27","y":317.7},{"x":"2020-12-28","y":317.88},{"x":"2020-12-29","y":318.06},{"x":"2020-12-30","y":318.24},{"x":"2020-12-31","y":318.42},{"x":"2021-01-01","y":318.75},{"x":"2021-01-02","y":319.08},{"x":"2021-01-03","y":319.41},{"x":"2021-01-04","y":319.75},{"x":"2021-01-05","y":320.08},{"x":"2021-01-06","y":320.41},{"x":"2021-01-07","y":320.74},{"x":"2021-01-08","y":321.08},{"x":"2021-01-09","y":321.41},{"x":"2021-01-10","y":321.74},{"x":"2021-01-11","y":322.08},{"x":"2021-01-12","y":322.41},{"x":"2021-01-13","y":322.75},{"x":"2021-01-14","y":323.08},{"x":"2021-01-15","y":323.42},{"x":"2021-01-16","y":323.76},{"x":"2021-01-17","y":324.09},{"x":"2021-01-18","y":324.43},{"x":"2021-01-19","y":324.77},{"x":"2021-01-20","y":325.1},{"x":"2021-01-21","y":325.44},{"x":"2021-01-22","y":325.78},{"x":"2021-01-23","y":326.12},{"x":"2021-01-24","y":326.46},{"x":"2021-01-25","y":326.8},{"x":"2021-01-26","y":327.14},{"x":"2021-01-27","y":327.48},{"x":"2021-01-28","y":327.82},{"x":"2021-01-29","y":328.16},{"x":"2021-01-30","y":328.5},{"x":"2021-01-31","y":328.84},{"x":"2021-02-01","y":329.34},{"x":"2021-02-02","y":329.84},{"x":"2021-02-03","y":330.33},{"x":"2021-02-04","y":330.83},{"x":"2021-02-05","y":331.34},{"x":"2021-02-06","y":331.84},{"x":"2021-02-07","y":332.34},{"x":"2021-02-08","y":332.84},{"x":"2021-02-09","y":333.35},{"x":"2021-02-10","y":333.85},{"x":"2021-02-11","y":334.35},{"x":"2021-02-12","y":334.86},{"x":"2021-02-13","y":335.37},{"x":"2021-02-14","y":335.87},{"x":"2021-02-15","y":336.38},{"x":"2021-02-16","y":336.89},{"x":"2021-02-17","y":337.4},{"x":"2021-02-18","y":337.91},{"x":"2021-02-19","y":338.42},{"x":"2021-02-20","y":338.94},{"x":"2021-02-21","y":339.45},{"x":"2021-02-22","y":339.96},{"x":"2021-02-23","y":340.48},{"x":"2021-02-24","y":340.99},{"x":"2021-02-25","y":341.51},{"x":"2021-02-26","y":342.02},{"x":"2021-02-27","y":342.54},{"x":"2021-02-28","y":343.06}],"color":"rgba(46,120,210,1)"}]}