{"kpi":"empresasgas","t":"Producción por Empresa","st":"Gas Natural","sd":"Este indicador <em>refleja la evolución mensual de la actividad económica</em> de 16 sectores productivos. Permite anticipar las tasas de variación del producto interno bruto (PIB) trimestral.","c":"<p>El indicador de Producción de Petróleo en Argentina se refiere a la cantidad total de petróleo crudo producido en el país en un período determinado, medido en millones de metros cúbicos (m3). La producción de petróleo es uno de los indicadores clave de la economía argentina, ya que el país tiene una importante industria petrolera que es una fuente importante de ingresos y empleo.</p><p>La producción de petróleo en Argentina ha experimentado altibajos en las últimas décadas, con períodos de crecimiento y de declive. En general, la producción de petróleo se ha visto afectada por una serie de factores, como los precios del petróleo, las inversiones en la industria, la exploración de nuevas reservas y los avances tecnológicos.</p><p>El pico de producción de petróleo en Argentina se alcanzó en la década de 1990, cuando se producían más de 1.000 millones de metros cúbicos de petróleo crudo al año. Sin embargo, la producción ha disminuido desde entonces, alcanzando su nivel más bajo en 2017, cuando se produjeron alrededor de 470 millones de metros cúbicos. Desde entonces, la producción ha mostrado cierta recuperación, alcanzando los 554 millones de metros cúbicos en 2019.</p><p>Es importante destacar que la producción de petróleo de Argentina se concentra en las cuencas del golfo San Jorge, Neuquina y Cuyana, que representan la mayor parte de la producción de petróleo del país. También hay una producción menor en las cuencas del Chaco, Austral y Colorado.</p>","fd":"datos.gob.ar","fdr":"https://datos.gob.ar/it/dataset/sspm-produccion-ventas-petroleo-derivados/archivo/sspm_363.3","fu":"MECON","fur":"https://www.argentina.gob.ar/economia/politicaeconomica/macroeconomica","frec":"Mensual","fruc":"mean","d":"El Estimador mensual de actividad económica (EMAE) refleja la evolución mensual de la actividad económica del conjunto de los sectores productivos a nivel nacional. Este indicador permite anticipar las tasas de variación del producto interno bruto (PIB) trimestral.","dimensions":[{"label":"YPF","data":[{"x":"1999-01-01","y":1072031.66},{"x":"1999-02-01","y":994340.25},{"x":"1999-03-01","y":1213937.4},{"x":"1999-04-01","y":1179783.33},{"x":"1999-05-01","y":1381478.07},{"x":"1999-06-01","y":1438414.67},{"x":"1999-07-01","y":227698.82},{"x":"1999-08-01","y":1363680.34},{"x":"1999-09-01","y":1130337.84},{"x":"1999-10-01","y":1047492.9},{"x":"1999-11-01","y":928336.58},{"x":"1999-12-01","y":964528.57},{"x":"2000-01-01","y":993102.15},{"x":"2000-02-01","y":1011624.74},{"x":"2000-03-01","y":1093022.74},{"x":"2000-04-01","y":1129361.14},{"x":"2000-05-01","y":1357553.14},{"x":"2000-06-01","y":1373959.4},{"x":"2000-07-01","y":1362856.12},{"x":"2000-08-01","y":2337017.84},{"x":"2000-09-01","y":1095066.43},{"x":"2000-10-01","y":848281.12},{"x":"2000-11-01","y":842413.49},{"x":"2000-12-01","y":171995.23},{"x":"2001-01-01","y":970614.3},{"x":"2001-02-01","y":906084.73},{"x":"2001-03-01","y":1124014.18},{"x":"2001-04-01","y":1119320.93},{"x":"2001-05-01","y":1364195.99},{"x":"2001-06-01","y":1220868.94},{"x":"2001-07-01","y":1394464.58},{"x":"2001-08-01","y":1238484.52},{"x":"2001-09-01","y":1152914.22},{"x":"2001-10-01","y":1263708.22},{"x":"2001-11-01","y":1082519.61},{"x":"2001-12-01","y":1076552.51},{"x":"2002-01-01","y":985777.54},{"x":"2002-02-01","y":961513.85},{"x":"2002-03-01","y":1017311.49},{"x":"2002-04-01","y":1131362.07},{"x":"2002-05-01","y":1324451.52},{"x":"2002-06-01","y":1443270.69},{"x":"2002-07-01","y":1556562.52},{"x":"2002-08-01","y":1325690.64},{"x":"2002-09-01","y":1192486.27},{"x":"2002-10-01","y":1084952.6},{"x":"2002-11-01","y":1058147.41},{"x":"2002-12-01","y":1143657.75},{"x":"2003-01-01","y":1096780.39},{"x":"2003-02-01","y":1052357.09},{"x":"2003-03-01","y":1197807.32},{"x":"2003-04-01","y":1233182.43},{"x":"2003-05-01","y":1536331.32},{"x":"2003-06-01","y":1645160.2},{"x":"2003-07-01","y":1743623.52},{"x":"2003-08-01","y":1749130.13},{"x":"2003-09-01","y":1556030.46},{"x":"2003-10-01","y":1381951.5},{"x":"2003-11-01","y":1271620.89},{"x":"2003-12-01","y":1270820.66},{"x":"2004-01-01","y":1250945.83},{"x":"2004-02-01","y":1287555.87},{"x":"2004-03-01","y":1382899.64},{"x":"2004-04-01","y":1343503.72},{"x":"2004-05-01","y":1534683.74},{"x":"2004-06-01","y":1551710.23},{"x":"2004-07-01","y":1580806.01},{"x":"2004-08-01","y":1551571.25},{"x":"2004-09-01","y":1503270.31},{"x":"2004-10-01","y":1358198.91},{"x":"2004-11-01","y":1320852.14},{"x":"2004-12-01","y":1360860.77},{"x":"2005-01-01","y":1344076.13},{"x":"2005-02-01","y":1135523.78},{"x":"2005-03-01","y":1155467.63},{"x":"2005-04-01","y":1274391.35},{"x":"2005-05-01","y":1463365.9},{"x":"2005-06-01","y":1420735.26},{"x":"2005-07-01","y":1443279.8},{"x":"2005-08-01","y":1404287.37},{"x":"2005-09-01","y":1271130.09},{"x":"2005-10-01","y":1245952.38},{"x":"2005-11-01","y":1168727.3},{"x":"2005-12-01","y":1160545.23},{"x":"2006-01-01","y":1124727.24},{"x":"2006-02-01","y":1063744.52},{"x":"2006-03-01","y":1206294.93},{"x":"2006-04-01","y":1166160.24},{"x":"2006-05-01","y":1281285.37},{"x":"2006-06-01","y":1314672.23},{"x":"2006-07-01","y":1377487.62},{"x":"2006-08-01","y":1342639.15},{"x":"2006-09-01","y":1271654.76},{"x":"2006-10-01","y":1230797.94},{"x":"2006-11-01","y":1147652.66},{"x":"2006-12-01","y":1196160.18},{"x":"2007-01-01","y":1196568.17},{"x":"2007-02-01","y":1066303.68},{"x":"2007-03-01","y":1208802.52},{"x":"2007-04-01","y":1254051.09},{"x":"2007-05-01","y":1330085.78},{"x":"2007-06-01","y":1292940.06},{"x":"2007-07-01","y":1331844.81},{"x":"2007-08-01","y":1321316.1},{"x":"2007-09-01","y":1228201.19},{"x":"2007-10-01","y":1159388.89},{"x":"2007-11-01","y":1087993.31},{"x":"2007-12-01","y":1170163.42},{"x":"2008-01-01","y":1175698.75},{"x":"2008-02-01","y":1093399.43},{"x":"2008-03-01","y":1193803.13},{"x":"2008-04-01","y":1103102.74},{"x":"2008-05-01","y":1098060.29},{"x":"2008-06-01","y":1121746.58},{"x":"2008-07-01","y":1188599.32},{"x":"2008-08-01","y":1215883.47},{"x":"2008-09-01","y":1177523.21},{"x":"2008-10-01","y":1109387.78},{"x":"2008-11-01","y":1060975.13},{"x":"2008-12-01","y":1116225.55},{"x":"2009-01-01","y":1065438.13},{"x":"2009-02-01","y":978058.3},{"x":"2009-03-01","y":1118849.97},{"x":"2009-04-01","y":1078841.9},{"x":"2009-05-01","y":1083640.9},{"x":"2009-06-01","y":1086464.87},{"x":"2009-07-01","y":1123104.24},{"x":"2009-08-01","y":1035021.71},{"x":"2009-09-01","y":992113.37},{"x":"2009-10-01","y":1005277.23},{"x":"2009-11-01","y":862569.49},{"x":"2009-12-01","y":896604.43},{"x":"2010-01-01","y":949787.51},{"x":"2010-02-01","y":888853.87},{"x":"2010-03-01","y":1005295.58},{"x":"2010-04-01","y":990176.71},{"x":"2010-05-01","y":1020459.6},{"x":"2010-06-01","y":984879.88},{"x":"2010-07-01","y":1020565.22},{"x":"2010-08-01","y":1016794.5},{"x":"2010-09-01","y":977415.03},{"x":"2010-10-01","y":996275.88},{"x":"2010-11-01","y":952999.69},{"x":"2010-12-01","y":923321.78},{"x":"2011-01-01","y":957412.05},{"x":"2011-02-01","y":850690.06},{"x":"2011-03-01","y":929611.22},{"x":"2011-04-01","y":829670.92},{"x":"2011-05-01","y":873239.49},{"x":"2011-06-01","y":858907.93},{"x":"2011-07-01","y":896026.11},{"x":"2011-08-01","y":905455.31},{"x":"2011-09-01","y":863695.09},{"x":"2011-10-01","y":902251.42},{"x":"2011-11-01","y":860390.11},{"x":"2011-12-01","y":877078.63},{"x":"2012-01-01","y":879119.95},{"x":"2012-02-01","y":824638.43},{"x":"2012-03-01","y":876283.44},{"x":"2012-04-01","y":840504.46},{"x":"2012-05-01","y":871900.46},{"x":"2012-06-01","y":856847.19},{"x":"2012-07-01","y":887751.11},{"x":"2012-08-01","y":887967.12},{"x":"2012-09-01","y":858249},{"x":"2012-10-01","y":869969.33},{"x":"2012-11-01","y":825211.59},{"x":"2012-12-01","y":848223.59},{"x":"2013-01-01","y":868604.76},{"x":"2013-02-01","y":789329.18},{"x":"2013-03-01","y":864266.15},{"x":"2013-04-01","y":823399.39},{"x":"2013-05-01","y":878510.5},{"x":"2013-06-01","y":860482.45},{"x":"2013-07-01","y":889460.08},{"x":"2013-08-01","y":908856.78},{"x":"2013-09-01","y":889397.62},{"x":"2013-10-01","y":916453.48},{"x":"2013-11-01","y":900409.84},{"x":"2013-12-01","y":945110.16},{"x":"2014-01-01","y":948349.35},{"x":"2014-02-01","y":864281.51},{"x":"2014-03-01","y":966186.08},{"x":"2014-04-01","y":902124.51},{"x":"2014-05-01","y":980890.78},{"x":"2014-06-01","y":963140.35},{"x":"2014-07-01","y":1023036.56},{"x":"2014-08-01","y":1041113.13},{"x":"2014-09-01","y":1009185.73},{"x":"2014-10-01","y":1056129.02},{"x":"2014-11-01","y":1023133.64},{"x":"2014-12-01","y":1077581.09},{"x":"2015-01-01","y":1083553.8},{"x":"2015-02-01","y":983653.83},{"x":"2015-03-01","y":1099322.52},{"x":"2015-04-01","y":1068336.04},{"x":"2015-05-01","y":1111242.24},{"x":"2015-06-01","y":1073359.52},{"x":"2015-07-01","y":1113036.62},{"x":"2015-08-01","y":1111880.92},{"x":"2015-09-01","y":1077936.15},{"x":"2015-10-01","y":1120119.96},{"x":"2015-11-01","y":1085587.64},{"x":"2015-12-01","y":1130663.87},{"x":"2016-01-01","y":1137778.65},{"x":"2016-02-01","y":1066440.67},{"x":"2016-03-01","y":1145161.4},{"x":"2016-04-01","y":1147164.24},{"x":"2016-05-01","y":1166871.46},{"x":"2016-06-01","y":1125379.04},{"x":"2016-07-01","y":1196017.94},{"x":"2016-08-01","y":1183492.49},{"x":"2016-09-01","y":1140993.86},{"x":"2016-10-01","y":1206829.57},{"x":"2016-11-01","y":1257964.71},{"x":"2016-12-01","y":1274801.94},{"x":"2017-01-01","y":1308890.69},{"x":"2017-02-01","y":1174275.26},{"x":"2017-03-01","y":1321652.9},{"x":"2017-04-01","y":1249783.22},{"x":"2017-05-01","y":1293355.85},{"x":"2017-06-01","y":1240063.71},{"x":"2017-07-01","y":1283665.5},{"x":"2017-08-01","y":1280089.33},{"x":"2017-09-01","y":1234980.76},{"x":"2017-10-01","y":1264314.97},{"x":"2017-11-01","y":1136004.6},{"x":"2017-12-01","y":1225676.65},{"x":"2018-01-01","y":1267350.35},{"x":"2018-02-01","y":1173202.57},{"x":"2018-03-01","y":1292746.02},{"x":"2018-04-01","y":1267200.05},{"x":"2018-05-01","y":1204609.67},{"x":"2018-06-01","y":1239917.77},{"x":"2018-07-01","y":1243542.9},{"x":"2018-08-01","y":1411850.13},{"x":"2018-09-01","y":1309299.83},{"x":"2018-10-01","y":1312333.63},{"x":"2018-11-01","y":1174754.09},{"x":"2018-12-01","y":1161808.71},{"x":"2019-01-01","y":1181094.12},{"x":"2019-02-01","y":1117297.59},{"x":"2019-03-01","y":1116237.2},{"x":"2019-04-01","y":1177978.44},{"x":"2019-05-01","y":1306345.39},{"x":"2019-06-01","y":1315220.8},{"x":"2019-07-01","y":1395223.54},{"x":"2019-08-01","y":1408621.7},{"x":"2019-09-01","y":1312062.83},{"x":"2019-10-01","y":1310173.88},{"x":"2019-11-01","y":1195635.24},{"x":"2019-12-01","y":1208216.44},{"x":"2020-01-01","y":1207810.48},{"x":"2020-02-01","y":1078543.03},{"x":"2020-03-01","y":1144302.19},{"x":"2020-04-01","y":1011838.38},{"x":"2020-05-01","y":1054832.31},{"x":"2020-06-01","y":1000522.76},{"x":"2020-07-01","y":1037426.95},{"x":"2020-08-01","y":1027289.7},{"x":"2020-09-01","y":978889.98},{"x":"2020-10-01","y":977226.39},{"x":"2020-11-01","y":900130.22},{"x":"2020-12-01","y":918566.77},{"x":"2021-01-01","y":910857.16},{"x":"2021-02-01","y":814558.04},{"x":"2021-03-01","y":923300.82},{"x":"2021-04-01","y":899251.56},{"x":"2021-05-01","y":1029383.11},{"x":"2021-06-01","y":1071703.83},{"x":"2021-07-01","y":1153004.34},{"x":"2021-08-01","y":1179214.66},{"x":"2021-09-01","y":1162404.09},{"x":"2021-10-01","y":1124777.73},{"x":"2021-11-01","y":1111371.43},{"x":"2021-12-01","y":1156242.27},{"x":"2022-01-01","y":1181465.77},{"x":"2022-02-01","y":1044204.48},{"x":"2022-03-01","y":1162283.45},{"x":"2022-04-01","y":1100569.59},{"x":"2022-05-01","y":1130274.15},{"x":"2022-06-01","y":1126601.26},{"x":"2022-07-01","y":1167780.56},{"x":"2022-08-01","y":1156743.54},{"x":"2022-09-01","y":1031554.16},{"x":"2022-10-01","y":1094521.89},{"x":"2022-11-01","y":1023861.54},{"x":"2022-12-01","y":1042207.18}],"color":"#2E78D2"},{"label":"Pan American Energy","data":[{"x":"1999-01-01","y":394507.49},{"x":"1999-02-01","y":471047.74},{"x":"1999-03-01","y":492493.11},{"x":"1999-04-01","y":460340.41},{"x":"1999-05-01","y":634605.26},{"x":"1999-06-01","y":706253.09},{"x":"1999-07-01","y":463449.8},{"x":"1999-08-01","y":461645.18},{"x":"1999-09-01","y":578054.23},{"x":"1999-10-01","y":610438.12},{"x":"1999-11-01","y":595660.02},{"x":"1999-12-01","y":630818.65},{"x":"2000-01-01","y":642242.17},{"x":"2000-02-01","y":605193.88},{"x":"2000-03-01","y":659470.76},{"x":"2000-04-01","y":597380.59},{"x":"2000-05-01","y":719735.38},{"x":"2000-06-01","y":707127.19},{"x":"2000-07-01","y":760756.29},{"x":"2000-08-01","y":753258.04},{"x":"2000-09-01","y":705308.02},{"x":"2000-10-01","y":665841.19},{"x":"2000-11-01","y":496203.36},{"x":"2000-12-01","y":694469.84},{"x":"2001-01-01","y":584089.9},{"x":"2001-02-01","y":556069.01},{"x":"2001-03-01","y":695745.97},{"x":"2001-04-01","y":683353.21},{"x":"2001-05-01","y":871030.65},{"x":"2001-06-01","y":780250.14},{"x":"2001-07-01","y":822573.76},{"x":"2001-08-01","y":702572.7},{"x":"2001-09-01","y":767615.07},{"x":"2001-10-01","y":620423.95},{"x":"2001-11-01","y":491185.61},{"x":"2001-12-01","y":598377.48},{"x":"2002-01-01","y":633602.66},{"x":"2002-02-01","y":607197.82},{"x":"2002-03-01","y":747028.54},{"x":"2002-04-01","y":681859.32},{"x":"2002-05-01","y":788786.23},{"x":"2002-06-01","y":844187.29},{"x":"2002-07-01","y":886989.36},{"x":"2002-08-01","y":828599.69},{"x":"2002-09-01","y":745902.14},{"x":"2002-10-01","y":601513.08},{"x":"2002-11-01","y":584142.24},{"x":"2002-12-01","y":531830.01},{"x":"2003-01-01","y":602472.69},{"x":"2003-02-01","y":678886.19},{"x":"2003-03-01","y":725029.01},{"x":"2003-04-01","y":704658.94},{"x":"2003-05-01","y":865201.57},{"x":"2003-06-01","y":893643.48},{"x":"2003-07-01","y":903334},{"x":"2003-08-01","y":955540.95},{"x":"2003-09-01","y":966541.53},{"x":"2003-10-01","y":941803.38},{"x":"2003-11-01","y":866366.36},{"x":"2003-12-01","y":905491.3},{"x":"2004-01-01","y":968705.07},{"x":"2004-02-01","y":898943.9},{"x":"2004-03-01","y":951511.78},{"x":"2004-04-01","y":936666.45},{"x":"2004-05-01","y":981097.76},{"x":"2004-06-01","y":966671.3},{"x":"2004-07-01","y":978453},{"x":"2004-08-01","y":988767.95},{"x":"2004-09-01","y":918392.07},{"x":"2004-10-01","y":892315.77},{"x":"2004-11-01","y":836883.56},{"x":"2004-12-01","y":925357.33},{"x":"2005-01-01","y":768750.47},{"x":"2005-02-01","y":894134.83},{"x":"2005-03-01","y":975067.52},{"x":"2005-04-01","y":888622.05},{"x":"2005-05-01","y":1025731.77},{"x":"2005-06-01","y":1040678.26},{"x":"2005-07-01","y":1106967.44},{"x":"2005-08-01","y":1114216.72},{"x":"2005-09-01","y":1068722.83},{"x":"2005-10-01","y":1013777.37},{"x":"2005-11-01","y":1038650.58},{"x":"2005-12-01","y":958235.45},{"x":"2006-01-01","y":1066310.62},{"x":"2006-02-01","y":990901.89},{"x":"2006-03-01","y":1035528.98},{"x":"2006-04-01","y":1035318.79},{"x":"2006-05-01","y":1115036.54},{"x":"2006-06-01","y":1086825.61},{"x":"2006-07-01","y":1099509.93},{"x":"2006-08-01","y":1100188.02},{"x":"2006-09-01","y":1020012.54},{"x":"2006-10-01","y":1054402.56},{"x":"2006-11-01","y":1025675.68},{"x":"2006-12-01","y":1065485.92},{"x":"2007-01-01","y":1035180.05},{"x":"2007-02-01","y":846824.26},{"x":"2007-03-01","y":1084423.42},{"x":"2007-04-01","y":1106480.27},{"x":"2007-05-01","y":1160340.12},{"x":"2007-06-01","y":1079244.63},{"x":"2007-07-01","y":1126359.92},{"x":"2007-08-01","y":1101470.12},{"x":"2007-09-01","y":1065638.67},{"x":"2007-10-01","y":1024366.13},{"x":"2007-11-01","y":1033657.8},{"x":"2007-12-01","y":1104238.09},{"x":"2008-01-01","y":988404.72},{"x":"2008-02-01","y":974354.14},{"x":"2008-03-01","y":1070334.93},{"x":"2008-04-01","y":1038037.22},{"x":"2008-05-01","y":1182843.87},{"x":"2008-06-01","y":1119573.51},{"x":"2008-07-01","y":1135515.98},{"x":"2008-08-01","y":1131203.26},{"x":"2008-09-01","y":1050007.52},{"x":"2008-10-01","y":1048621.04},{"x":"2008-11-01","y":981797.26},{"x":"2008-12-01","y":962978.27},{"x":"2009-01-01","y":987918.27},{"x":"2009-02-01","y":890727.25},{"x":"2009-03-01","y":1037403.43},{"x":"2009-04-01","y":1038813.71},{"x":"2009-05-01","y":1110574.58},{"x":"2009-06-01","y":1091448.55},{"x":"2009-07-01","y":1127797.91},{"x":"2009-08-01","y":1127586.78},{"x":"2009-09-01","y":1051635.35},{"x":"2009-10-01","y":1070962.75},{"x":"2009-11-01","y":945323.07},{"x":"2009-12-01","y":1050675.66},{"x":"2010-01-01","y":1006316.52},{"x":"2010-02-01","y":976158.39},{"x":"2010-03-01","y":1056033.81},{"x":"2010-04-01","y":1031241.84},{"x":"2010-05-01","y":1155408.28},{"x":"2010-06-01","y":1149555.34},{"x":"2010-07-01","y":1206333.59},{"x":"2010-08-01","y":1229244.52},{"x":"2010-09-01","y":1162235.5},{"x":"2010-10-01","y":1137925.23},{"x":"2010-11-01","y":1027875.76},{"x":"2010-12-01","y":1112589.32},{"x":"2011-01-01","y":1070003.22},{"x":"2011-02-01","y":996211.17},{"x":"2011-03-01","y":1052687.23},{"x":"2011-04-01","y":1137131.79},{"x":"2011-05-01","y":1202363.82},{"x":"2011-06-01","y":1188166.23},{"x":"2011-07-01","y":1204892.44},{"x":"2011-08-01","y":1215368.51},{"x":"2011-09-01","y":1181754.44},{"x":"2011-10-01","y":1191356.59},{"x":"2011-11-01","y":1120753.9},{"x":"2011-12-01","y":1113501.29},{"x":"2012-01-01","y":1141252.76},{"x":"2012-02-01","y":970297.84},{"x":"2012-03-01","y":1112296.05},{"x":"2012-04-01","y":1122800.91},{"x":"2012-05-01","y":1156222.5},{"x":"2012-06-01","y":1104926.16},{"x":"2012-07-01","y":1147824.38},{"x":"2012-08-01","y":1138754.76},{"x":"2012-09-01","y":1094313.06},{"x":"2012-10-01","y":1130753.87},{"x":"2012-11-01","y":1073367.01},{"x":"2012-12-01","y":1069945.17},{"x":"2013-01-01","y":1060946.63},{"x":"2013-02-01","y":979711.73},{"x":"2013-03-01","y":987040.57},{"x":"2013-04-01","y":1007731.52},{"x":"2013-05-01","y":1068162.75},{"x":"2013-06-01","y":1042004.52},{"x":"2013-07-01","y":1070595.44},{"x":"2013-08-01","y":1069037.97},{"x":"2013-09-01","y":1011628.25},{"x":"2013-10-01","y":1030677.2},{"x":"2013-11-01","y":989997.7},{"x":"2013-12-01","y":1011778.16},{"x":"2014-01-01","y":1040325.9},{"x":"2014-02-01","y":932884.82},{"x":"2014-03-01","y":971355.87},{"x":"2014-04-01","y":889924.63},{"x":"2014-05-01","y":1033747.47},{"x":"2014-06-01","y":984786.6},{"x":"2014-07-01","y":1018677.55},{"x":"2014-08-01","y":1000587.67},{"x":"2014-09-01","y":964348.04},{"x":"2014-10-01","y":899242.1},{"x":"2014-11-01","y":936482.93},{"x":"2014-12-01","y":962101.45},{"x":"2015-01-01","y":949207.9},{"x":"2015-02-01","y":828426.24},{"x":"2015-03-01","y":942428.63},{"x":"2015-04-01","y":921325.74},{"x":"2015-05-01","y":975965.4},{"x":"2015-06-01","y":932928.71},{"x":"2015-07-01","y":948782.24},{"x":"2015-08-01","y":1004086.08},{"x":"2015-09-01","y":923040.64},{"x":"2015-10-01","y":959547.41},{"x":"2015-11-01","y":927307.28},{"x":"2015-12-01","y":825067.57},{"x":"2016-01-01","y":959081.36},{"x":"2016-02-01","y":909895.05},{"x":"2016-03-01","y":1021297.27},{"x":"2016-04-01","y":974663.01},{"x":"2016-05-01","y":1052071.26},{"x":"2016-06-01","y":1037417.21},{"x":"2016-07-01","y":1074151.1},{"x":"2016-08-01","y":1073181.05},{"x":"2016-09-01","y":1035141.85},{"x":"2016-10-01","y":1065209.59},{"x":"2016-11-01","y":951546.96},{"x":"2016-12-01","y":1034148.68},{"x":"2017-01-01","y":1031311.39},{"x":"2017-02-01","y":761878.25},{"x":"2017-03-01","y":984730.54},{"x":"2017-04-01","y":1014069.33},{"x":"2017-05-01","y":1003424.44},{"x":"2017-06-01","y":998249.3},{"x":"2017-07-01","y":1063350.96},{"x":"2017-08-01","y":1042011.02},{"x":"2017-09-01","y":1015842.9},{"x":"2017-10-01","y":1048968.42},{"x":"2017-11-01","y":947094.75},{"x":"2017-12-01","y":996623.79},{"x":"2018-01-01","y":1013645.5},{"x":"2018-02-01","y":900273.88},{"x":"2018-03-01","y":977090.2},{"x":"2018-04-01","y":991477.95},{"x":"2018-05-01","y":1017063.3},{"x":"2018-06-01","y":997853.3},{"x":"2018-07-01","y":1040847.94},{"x":"2018-08-01","y":1061573.28},{"x":"2018-09-01","y":998960.84},{"x":"2018-10-01","y":1057111.04},{"x":"2018-11-01","y":792837.59},{"x":"2018-12-01","y":987622.96},{"x":"2019-01-01","y":989588.58},{"x":"2019-02-01","y":940425.59},{"x":"2019-03-01","y":992395.48},{"x":"2019-04-01","y":973269.61},{"x":"2019-05-01","y":1074166.41},{"x":"2019-06-01","y":1037550.25},{"x":"2019-07-01","y":1130228.75},{"x":"2019-08-01","y":1093075.73},{"x":"2019-09-01","y":977825.49},{"x":"2019-10-01","y":1062293.82},{"x":"2019-11-01","y":930374.15},{"x":"2019-12-01","y":949185.41},{"x":"2020-01-01","y":950440.39},{"x":"2020-02-01","y":897631.28},{"x":"2020-03-01","y":985701.07},{"x":"2020-04-01","y":844793.15},{"x":"2020-05-01","y":1035387.22},{"x":"2020-06-01","y":1030431.76},{"x":"2020-07-01","y":1055675.09},{"x":"2020-08-01","y":1057987.38},{"x":"2020-09-01","y":1015948.44},{"x":"2020-10-01","y":1041343.63},{"x":"2020-11-01","y":1006990.99},{"x":"2020-12-01","y":975302.79},{"x":"2021-01-01","y":1009848.11},{"x":"2021-02-01","y":897004.93},{"x":"2021-03-01","y":950083.11},{"x":"2021-04-01","y":941728.37},{"x":"2021-05-01","y":982256.37},{"x":"2021-06-01","y":920517.41},{"x":"2021-07-01","y":967551.96},{"x":"2021-08-01","y":954820.85},{"x":"2021-09-01","y":910792.88},{"x":"2021-10-01","y":913641.55},{"x":"2021-11-01","y":883886.45},{"x":"2021-12-01","y":945498.58},{"x":"2022-01-01","y":927171.18},{"x":"2022-02-01","y":846589.23},{"x":"2022-03-01","y":783247.55},{"x":"2022-04-01","y":839132.98},{"x":"2022-05-01","y":951424.65},{"x":"2022-06-01","y":916445.1},{"x":"2022-07-01","y":952705.57},{"x":"2022-08-01","y":974767.94},{"x":"2022-09-01","y":947317.55},{"x":"2022-10-01","y":961821.32},{"x":"2022-11-01","y":946287.71},{"x":"2022-12-01","y":968713.05}],"color":"rgba(46,120,210,0.5)"},{"label":"Pluspetrol","data":[{"x":"1999-01-01","y":49478.34},{"x":"1999-02-01","y":42361.52},{"x":"1999-03-01","y":50164.99},{"x":"1999-04-01","y":49867.28},{"x":"1999-05-01","y":49961.05},{"x":"1999-06-01","y":49214.34},{"x":"1999-07-01","y":48655.08},{"x":"1999-08-01","y":47775.83},{"x":"1999-09-01","y":45804.11},{"x":"1999-10-01","y":46153.1},{"x":"1999-11-01","y":34662},{"x":"1999-12-01","y":34741},{"x":"2000-01-01","y":42096.98},{"x":"2000-02-01","y":39239.57},{"x":"2000-03-01","y":45853.13},{"x":"2000-04-01","y":68604.35},{"x":"2000-05-01","y":142214.95},{"x":"2000-06-01","y":142233.01},{"x":"2000-07-01","y":155848.6},{"x":"2000-08-01","y":326791.38},{"x":"2000-09-01","y":308051.35},{"x":"2000-10-01","y":300862.08},{"x":"2000-11-01","y":295196.83},{"x":"2000-12-01","y":205364.71},{"x":"2001-01-01","y":284501.66},{"x":"2001-02-01","y":245959.02},{"x":"2001-03-01","y":1419495.93},{"x":"2001-04-01","y":1289232.61},{"x":"2001-05-01","y":325568.89},{"x":"2001-06-01","y":365953.52},{"x":"2001-07-01","y":424548.31},{"x":"2001-08-01","y":397670.64},{"x":"2001-09-01","y":372676.28},{"x":"2001-10-01","y":354729.75},{"x":"2001-11-01","y":296160.8},{"x":"2001-12-01","y":339390.84},{"x":"2002-01-01","y":359994.74},{"x":"2002-02-01","y":325677.29},{"x":"2002-03-01","y":356058.95},{"x":"2002-04-01","y":357829.32},{"x":"2002-05-01","y":402607.03},{"x":"2002-06-01","y":407464.22},{"x":"2002-07-01","y":453681.7},{"x":"2002-08-01","y":1012024.22},{"x":"2002-09-01","y":460868.81},{"x":"2002-10-01","y":377191.08},{"x":"2002-11-01","y":342713.8},{"x":"2002-12-01","y":364794.74},{"x":"2003-01-01","y":396780.43},{"x":"2003-02-01","y":381024.51},{"x":"2003-03-01","y":405527.24},{"x":"2003-04-01","y":396494.41},{"x":"2003-05-01","y":487057.02},{"x":"2003-06-01","y":502344.92},{"x":"2003-07-01","y":521701.01},{"x":"2003-08-01","y":548326.12},{"x":"2003-09-01","y":513748.29},{"x":"2003-10-01","y":489484.55},{"x":"2003-11-01","y":412661.62},{"x":"2003-12-01","y":459540.92},{"x":"2004-01-01","y":463390.66},{"x":"2004-02-01","y":463561.29},{"x":"2004-03-01","y":537529.71},{"x":"2004-04-01","y":526044.45},{"x":"2004-05-01","y":557095.59},{"x":"2004-06-01","y":530529.19},{"x":"2004-07-01","y":552401.55},{"x":"2004-08-01","y":557914.21},{"x":"2004-09-01","y":539206.4},{"x":"2004-10-01","y":546043.1},{"x":"2004-11-01","y":516174.66},{"x":"2004-12-01","y":518989.98},{"x":"2005-01-01","y":522315.68},{"x":"2005-02-01","y":484675.94},{"x":"2005-03-01","y":551771.61},{"x":"2005-04-01","y":540451.31},{"x":"2005-05-01","y":567322.35},{"x":"2005-06-01","y":551620.02},{"x":"2005-07-01","y":593782.56},{"x":"2005-08-01","y":599073.44},{"x":"2005-09-01","y":561696.43},{"x":"2005-10-01","y":585807.81},{"x":"2005-11-01","y":565548.33},{"x":"2005-12-01","y":570559.85},{"x":"2006-01-01","y":574902.45},{"x":"2006-02-01","y":523393.97},{"x":"2006-03-01","y":590201.14},{"x":"2006-04-01","y":572885.45},{"x":"2006-05-01","y":575611.91},{"x":"2006-06-01","y":587425.27},{"x":"2006-07-01","y":597610.43},{"x":"2006-08-01","y":651376.86},{"x":"2006-09-01","y":509614.44},{"x":"2006-10-01","y":504741.44},{"x":"2006-11-01","y":470004.37},{"x":"2006-12-01","y":455501.73},{"x":"2007-01-01","y":451563.42},{"x":"2007-02-01","y":428319.79},{"x":"2007-03-01","y":439497.63},{"x":"2007-04-01","y":457112.52},{"x":"2007-05-01","y":452057.44},{"x":"2007-06-01","y":466224.97},{"x":"2007-07-01","y":519194.05},{"x":"2007-08-01","y":516813.69},{"x":"2007-09-01","y":534897.9},{"x":"2007-10-01","y":510390.79},{"x":"2007-11-01","y":517588.74},{"x":"2007-12-01","y":549247.69},{"x":"2008-01-01","y":549562.65},{"x":"2008-02-01","y":521322.6},{"x":"2008-03-01","y":541584.93},{"x":"2008-04-01","y":536964.14},{"x":"2008-05-01","y":559997.49},{"x":"2008-06-01","y":551712.05},{"x":"2008-07-01","y":574646.28},{"x":"2008-08-01","y":570259.43},{"x":"2008-09-01","y":547750.66},{"x":"2008-10-01","y":558511.39},{"x":"2008-11-01","y":533500.56},{"x":"2008-12-01","y":535582.7},{"x":"2009-01-01","y":532782.71},{"x":"2009-02-01","y":494712.63},{"x":"2009-03-01","y":543018.38},{"x":"2009-04-01","y":502664.46},{"x":"2009-05-01","y":541106.57},{"x":"2009-06-01","y":525446.22},{"x":"2009-07-01","y":541229.68},{"x":"2009-08-01","y":546414},{"x":"2009-09-01","y":522747.73},{"x":"2009-10-01","y":543589.45},{"x":"2009-11-01","y":520727.65},{"x":"2009-12-01","y":532072.35},{"x":"2010-01-01","y":518609.77},{"x":"2010-02-01","y":469841.06},{"x":"2010-03-01","y":506680.38},{"x":"2010-04-01","y":480652.73},{"x":"2010-05-01","y":511513.56},{"x":"2010-06-01","y":506611.83},{"x":"2010-07-01","y":514592.46},{"x":"2010-08-01","y":509319.51},{"x":"2010-09-01","y":485853.94},{"x":"2010-10-01","y":498825.89},{"x":"2010-11-01","y":467672.91},{"x":"2010-12-01","y":481739.85},{"x":"2011-01-01","y":482850.79},{"x":"2011-02-01","y":432241.99},{"x":"2011-03-01","y":473961.47},{"x":"2011-04-01","y":432412.1},{"x":"2011-05-01","y":485713.83},{"x":"2011-06-01","y":475800.86},{"x":"2011-07-01","y":488448.36},{"x":"2011-08-01","y":492846.31},{"x":"2011-09-01","y":479618.37},{"x":"2011-10-01","y":491774.54},{"x":"2011-11-01","y":464426.02},{"x":"2011-12-01","y":485950.99},{"x":"2012-01-01","y":477475.59},{"x":"2012-02-01","y":435069.9},{"x":"2012-03-01","y":463243.74},{"x":"2012-04-01","y":434423.87},{"x":"2012-05-01","y":457519.18},{"x":"2012-06-01","y":422472.2},{"x":"2012-07-01","y":441834.28},{"x":"2012-08-01","y":446418.91},{"x":"2012-09-01","y":429144.1},{"x":"2012-10-01","y":438577.15},{"x":"2012-11-01","y":414450.36},{"x":"2012-12-01","y":414875.58},{"x":"2013-01-01","y":412047.23},{"x":"2013-02-01","y":364445.96},{"x":"2013-03-01","y":413451.69},{"x":"2013-04-01","y":393449.62},{"x":"2013-05-01","y":419051.74},{"x":"2013-06-01","y":389838.19},{"x":"2013-07-01","y":393135.43},{"x":"2013-08-01","y":391605},{"x":"2013-09-01","y":387318.56},{"x":"2013-10-01","y":399846.29},{"x":"2013-11-01","y":386897.05},{"x":"2013-12-01","y":396409.28},{"x":"2014-01-01","y":393118.75},{"x":"2014-02-01","y":359509.93},{"x":"2014-03-01","y":401173.9},{"x":"2014-04-01","y":382390.9},{"x":"2014-05-01","y":395038.04},{"x":"2014-06-01","y":383500.12},{"x":"2014-07-01","y":408445.12},{"x":"2014-08-01","y":413452.41},{"x":"2014-09-01","y":401353.86},{"x":"2014-10-01","y":410269.53},{"x":"2014-11-01","y":391663.32},{"x":"2014-12-01","y":423250.84},{"x":"2015-01-01","y":439391.09},{"x":"2015-02-01","y":402177.37},{"x":"2015-03-01","y":455851.71},{"x":"2015-04-01","y":444191.56},{"x":"2015-05-01","y":464149},{"x":"2015-06-01","y":451719.05},{"x":"2015-07-01","y":467267.81},{"x":"2015-08-01","y":483686.8},{"x":"2015-09-01","y":472061.72},{"x":"2015-10-01","y":484595.32},{"x":"2015-11-01","y":465560.54},{"x":"2015-12-01","y":491219.28},{"x":"2016-01-01","y":482617.51},{"x":"2016-02-01","y":456300.14},{"x":"2016-03-01","y":485885.56},{"x":"2016-04-01","y":476792.63},{"x":"2016-05-01","y":503544.52},{"x":"2016-06-01","y":483912.77},{"x":"2016-07-01","y":498754.36},{"x":"2016-08-01","y":490991.02},{"x":"2016-09-01","y":471675.74},{"x":"2016-10-01","y":476539.48},{"x":"2016-11-01","y":463390.12},{"x":"2016-12-01","y":471565.15},{"x":"2017-01-01","y":468290.13},{"x":"2017-02-01","y":429134.85},{"x":"2017-03-01","y":471440.61},{"x":"2017-04-01","y":456057.33},{"x":"2017-05-01","y":472595.25},{"x":"2017-06-01","y":453937.04},{"x":"2017-07-01","y":464780.5},{"x":"2017-08-01","y":478804.8},{"x":"2017-09-01","y":457877.46},{"x":"2017-10-01","y":460796.33},{"x":"2017-11-01","y":431658.84},{"x":"2017-12-01","y":452374.56},{"x":"2018-01-01","y":450642.21},{"x":"2018-02-01","y":393290.05},{"x":"2018-03-01","y":438297.51},{"x":"2018-04-01","y":428056.39},{"x":"2018-05-01","y":441174.02},{"x":"2018-06-01","y":439764.04},{"x":"2018-07-01","y":472913.12},{"x":"2018-08-01","y":476038.9},{"x":"2018-09-01","y":463579.21},{"x":"2018-10-01","y":463985.14},{"x":"2018-11-01","y":451485.27},{"x":"2018-12-01","y":466936.61},{"x":"2019-01-01","y":453084.64},{"x":"2019-02-01","y":426787.65},{"x":"2019-03-01","y":457028.23},{"x":"2019-04-01","y":437167.84},{"x":"2019-05-01","y":457215.12},{"x":"2019-06-01","y":435356.32},{"x":"2019-07-01","y":458328.53},{"x":"2019-08-01","y":453235.18},{"x":"2019-09-01","y":418225.66},{"x":"2019-10-01","y":436217.77},{"x":"2019-11-01","y":401110.45},{"x":"2019-12-01","y":389651.47},{"x":"2020-01-01","y":410495.36},{"x":"2020-02-01","y":389624.34},{"x":"2020-03-01","y":417638.38},{"x":"2020-04-01","y":392623.83},{"x":"2020-05-01","y":418916.24},{"x":"2020-06-01","y":401730.55},{"x":"2020-07-01","y":401954.49},{"x":"2020-08-01","y":397474.19},{"x":"2020-09-01","y":393509.26},{"x":"2020-10-01","y":397521.7},{"x":"2020-11-01","y":384030.27},{"x":"2020-12-01","y":392353.73},{"x":"2021-01-01","y":389302.93},{"x":"2021-02-01","y":341891.09},{"x":"2021-03-01","y":394486.53},{"x":"2021-04-01","y":398513.36},{"x":"2021-05-01","y":415992.11},{"x":"2021-06-01","y":419239.21},{"x":"2021-07-01","y":422103.63},{"x":"2021-08-01","y":434616.84},{"x":"2021-09-01","y":403328.77},{"x":"2021-10-01","y":417515.35},{"x":"2021-11-01","y":403903.62},{"x":"2021-12-01","y":440170.54},{"x":"2022-01-01","y":455737.51},{"x":"2022-02-01","y":405067.77},{"x":"2022-03-01","y":454145.95},{"x":"2022-04-01","y":433460.58},{"x":"2022-05-01","y":496316.52},{"x":"2022-06-01","y":513153.78},{"x":"2022-07-01","y":539877.49},{"x":"2022-08-01","y":564736.59},{"x":"2022-09-01","y":529467.24},{"x":"2022-10-01","y":526130.48},{"x":"2022-11-01","y":493919.31},{"x":"2022-12-01","y":502549.3}],"color":"rgba(46,120,210,0.2)"},{"label":"Sinopec","data":[{"x":"1999-01-01","y":229970.71},{"x":"1999-02-01","y":202742.08},{"x":"1999-03-01","y":214812.87},{"x":"1999-04-01","y":233041.86},{"x":"1999-05-01","y":272700.46},{"x":"1999-06-01","y":268423.34},{"x":"1999-07-01","y":277057.67},{"x":"1999-08-01","y":278390.21},{"x":"1999-09-01","y":286827.43},{"x":"1999-10-01","y":320134.68},{"x":"1999-11-01","y":306995.26},{"x":"1999-12-01","y":290745.34},{"x":"2000-01-01","y":271259.55},{"x":"2000-02-01","y":279374.33},{"x":"2000-03-01","y":258000.65},{"x":"2000-04-01","y":278592.51},{"x":"2000-05-01","y":344040.61},{"x":"2000-06-01","y":334088.78},{"x":"2000-07-01","y":364268.58},{"x":"2000-08-01","y":380454.13},{"x":"2000-09-01","y":329746.67},{"x":"2000-10-01","y":314372.21},{"x":"2000-11-01","y":296671.5},{"x":"2000-12-01","y":342411.12},{"x":"2001-01-01","y":314161.11},{"x":"2001-02-01","y":294302.49},{"x":"2001-03-01","y":310400.37},{"x":"2001-04-01","y":304061.16},{"x":"2001-05-01","y":353727.08},{"x":"2001-06-01","y":354989.74},{"x":"2001-07-01","y":353067.29},{"x":"2001-08-01","y":345180.13},{"x":"2001-09-01","y":334396.63},{"x":"2001-10-01","y":319148.51},{"x":"2001-11-01","y":318334.9},{"x":"2001-12-01","y":319042.06},{"x":"2002-01-01","y":303695.46},{"x":"2002-02-01","y":254724.36},{"x":"2002-03-01","y":294548.86},{"x":"2002-04-01","y":289657.02},{"x":"2002-05-01","y":305579.46},{"x":"2002-06-01","y":307847.19},{"x":"2002-07-01","y":322861.35},{"x":"2002-08-01","y":291238.65},{"x":"2002-09-01","y":279028.01},{"x":"2002-10-01","y":281186.16},{"x":"2002-11-01","y":263982.41},{"x":"2002-12-01","y":263265.07},{"x":"2003-01-01","y":258340.96},{"x":"2003-02-01","y":228065.58},{"x":"2003-03-01","y":285404.67},{"x":"2003-04-01","y":336472.57},{"x":"2003-05-01","y":326938.37},{"x":"2003-06-01","y":319196.26},{"x":"2003-07-01","y":323600.74},{"x":"2003-08-01","y":322609.88},{"x":"2003-09-01","y":305032.12},{"x":"2003-10-01","y":304711.3},{"x":"2003-11-01","y":283414.72},{"x":"2003-12-01","y":287776.84},{"x":"2004-01-01","y":252768.25},{"x":"2004-02-01","y":234470.2},{"x":"2004-03-01","y":246755.41},{"x":"2004-04-01","y":231081.1},{"x":"2004-05-01","y":245418.43},{"x":"2004-06-01","y":234581.69},{"x":"2004-07-01","y":236049.42},{"x":"2004-08-01","y":230148.66},{"x":"2004-09-01","y":215790.34},{"x":"2004-10-01","y":218801.71},{"x":"2004-11-01","y":212605.04},{"x":"2004-12-01","y":218380.53},{"x":"2005-01-01","y":215001.28},{"x":"2005-02-01","y":188534.92},{"x":"2005-03-01","y":207854.02},{"x":"2005-04-01","y":201953.69},{"x":"2005-05-01","y":210265.96},{"x":"2005-06-01","y":203242.58},{"x":"2005-07-01","y":222067.24},{"x":"2005-08-01","y":219498.18},{"x":"2005-09-01","y":206736.6},{"x":"2005-10-01","y":206570.73},{"x":"2005-11-01","y":195950.46},{"x":"2005-12-01","y":199824.23},{"x":"2006-01-01","y":195138.62},{"x":"2006-02-01","y":163984.15},{"x":"2006-03-01","y":185382.11},{"x":"2006-04-01","y":178781.51},{"x":"2006-05-01","y":187161.48},{"x":"2006-06-01","y":178878.95},{"x":"2006-07-01","y":183959.53},{"x":"2006-08-01","y":177645.49},{"x":"2006-09-01","y":166133.72},{"x":"2006-10-01","y":159217.61},{"x":"2006-11-01","y":150622.01},{"x":"2006-12-01","y":157419.68},{"x":"2007-01-01","y":158027.63},{"x":"2007-02-01","y":140434.7},{"x":"2007-03-01","y":152551.54},{"x":"2007-04-01","y":141950.09},{"x":"2007-05-01","y":142916.03},{"x":"2007-06-01","y":143905.65},{"x":"2007-07-01","y":147364.34},{"x":"2007-08-01","y":148368.6},{"x":"2007-09-01","y":162041.27},{"x":"2007-10-01","y":152697.17},{"x":"2007-11-01","y":141693.37},{"x":"2007-12-01","y":140336.45},{"x":"2008-01-01","y":137006.49},{"x":"2008-02-01","y":131060.34},{"x":"2008-03-01","y":140652.55},{"x":"2008-04-01","y":139511.17},{"x":"2008-05-01","y":151353.51},{"x":"2008-06-01","y":164161.22},{"x":"2008-07-01","y":166458.45},{"x":"2008-08-01","y":164931.57},{"x":"2008-09-01","y":157878.74},{"x":"2008-10-01","y":163001.01},{"x":"2008-11-01","y":152640.79},{"x":"2008-12-01","y":158255.41},{"x":"2009-01-01","y":157604.94},{"x":"2009-02-01","y":150107.33},{"x":"2009-03-01","y":161173.45},{"x":"2009-04-01","y":151049.69},{"x":"2009-05-01","y":155525.87},{"x":"2009-06-01","y":149174.6},{"x":"2009-07-01","y":151058.36},{"x":"2009-08-01","y":148493.33},{"x":"2009-09-01","y":141359.18},{"x":"2009-10-01","y":145797.55},{"x":"2009-11-01","y":135794.99},{"x":"2009-12-01","y":135722.15},{"x":"2010-01-01","y":130486.56},{"x":"2010-02-01","y":116833.83},{"x":"2010-03-01","y":129851.54},{"x":"2010-04-01","y":128003.07},{"x":"2010-05-01","y":130723.16},{"x":"2010-06-01","y":124291.67},{"x":"2010-07-01","y":124852.88},{"x":"2010-08-01","y":122273.01},{"x":"2010-09-01","y":117034.92},{"x":"2010-10-01","y":115876.76},{"x":"2010-11-01","y":113767.11},{"x":"2010-12-01","y":117781.14},{"x":"2011-01-01","y":117656.4},{"x":"2011-02-01","y":110334.89},{"x":"2011-03-01","y":124060.61},{"x":"2011-04-01","y":120054.14},{"x":"2011-05-01","y":129794.27},{"x":"2011-06-01","y":125484.09},{"x":"2011-07-01","y":133477.41},{"x":"2011-08-01","y":136522.11},{"x":"2011-09-01","y":130666.28},{"x":"2011-10-01","y":131967.35},{"x":"2011-11-01","y":125417.84},{"x":"2011-12-01","y":128138.34},{"x":"2012-01-01","y":121402.67},{"x":"2012-02-01","y":117229.8},{"x":"2012-03-01","y":125983.01},{"x":"2012-04-01","y":123725.15},{"x":"2012-05-01","y":127043.89},{"x":"2012-06-01","y":121021.61},{"x":"2012-07-01","y":123161.87},{"x":"2012-08-01","y":120524.41},{"x":"2012-09-01","y":115436.71},{"x":"2012-10-01","y":120449.92},{"x":"2012-11-01","y":117470.69},{"x":"2012-12-01","y":123504.18},{"x":"2013-01-01","y":120142.92},{"x":"2013-02-01","y":106018.14},{"x":"2013-03-01","y":115558.36},{"x":"2013-04-01","y":109991.55},{"x":"2013-05-01","y":110142.7},{"x":"2013-06-01","y":106178.31},{"x":"2013-07-01","y":109033.06},{"x":"2013-08-01","y":111155.91},{"x":"2013-09-01","y":111878},{"x":"2013-10-01","y":114036.56},{"x":"2013-11-01","y":111042.99},{"x":"2013-12-01","y":110866.72},{"x":"2014-01-01","y":108217.9},{"x":"2014-02-01","y":96463.32},{"x":"2014-03-01","y":104753.29},{"x":"2014-04-01","y":100257.61},{"x":"2014-05-01","y":107168.74},{"x":"2014-06-01","y":104063.83},{"x":"2014-07-01","y":101182.8},{"x":"2014-08-01","y":99092.9},{"x":"2014-09-01","y":99229.22},{"x":"2014-10-01","y":105416.79},{"x":"2014-11-01","y":98980.21},{"x":"2014-12-01","y":101226.08},{"x":"2015-01-01","y":101439.01},{"x":"2015-02-01","y":91856.73},{"x":"2015-03-01","y":100519.66},{"x":"2015-04-01","y":103418.8},{"x":"2015-05-01","y":111449.04},{"x":"2015-06-01","y":110483.69},{"x":"2015-07-01","y":108221.1},{"x":"2015-08-01","y":113369.41},{"x":"2015-09-01","y":108180.68},{"x":"2015-10-01","y":115828.92},{"x":"2015-11-01","y":109400.46},{"x":"2015-12-01","y":115550.01},{"x":"2016-01-01","y":111879.64},{"x":"2016-02-01","y":101091.9},{"x":"2016-03-01","y":106263.26},{"x":"2016-04-01","y":101762.53},{"x":"2016-05-01","y":112249.81},{"x":"2016-06-01","y":109507.21},{"x":"2016-07-01","y":109362.4},{"x":"2016-08-01","y":111893},{"x":"2016-09-01","y":104470.65},{"x":"2016-10-01","y":108861.68},{"x":"2016-11-01","y":108231.06},{"x":"2016-12-01","y":109439.17},{"x":"2017-01-01","y":110445.81},{"x":"2017-02-01","y":99417.41},{"x":"2017-03-01","y":119838.91},{"x":"2017-04-01","y":119958.43},{"x":"2017-05-01","y":131437.24},{"x":"2017-06-01","y":129143.06},{"x":"2017-07-01","y":134575.87},{"x":"2017-08-01","y":135759.71},{"x":"2017-09-01","y":134306.92},{"x":"2017-10-01","y":148959.79},{"x":"2017-11-01","y":131374.55},{"x":"2017-12-01","y":142433.21},{"x":"2018-01-01","y":144489.7},{"x":"2018-02-01","y":172608.74},{"x":"2018-03-01","y":232663.54},{"x":"2018-04-01","y":237615.05},{"x":"2018-05-01","y":289176.09},{"x":"2018-06-01","y":313516.9},{"x":"2018-07-01","y":332110.69},{"x":"2018-08-01","y":379240.91},{"x":"2018-09-01","y":404882.09},{"x":"2018-10-01","y":467944.14},{"x":"2018-11-01","y":503683.56},{"x":"2018-12-01","y":525554.34},{"x":"2019-01-01","y":512349.84},{"x":"2019-02-01","y":508810.33},{"x":"2019-03-01","y":555552.54},{"x":"2019-04-01","y":505473.85},{"x":"2019-05-01","y":514228.53},{"x":"2019-06-01","y":548759.16},{"x":"2019-07-01","y":573308.05},{"x":"2019-08-01","y":559010.1},{"x":"2019-09-01","y":469575.64},{"x":"2019-10-01","y":545358.54},{"x":"2019-11-01","y":343891.95},{"x":"2019-12-01","y":391525.1},{"x":"2020-01-01","y":468646.73},{"x":"2020-02-01","y":418021.73},{"x":"2020-03-01","y":395540.44},{"x":"2020-04-01","y":330985.32},{"x":"2020-05-01","y":406849.74},{"x":"2020-06-01","y":448619.43},{"x":"2020-07-01","y":513175.22},{"x":"2020-08-01","y":490429.47},{"x":"2020-09-01","y":400546.07},{"x":"2020-10-01","y":441460.28},{"x":"2020-11-01","y":335483.88},{"x":"2020-12-01","y":347212.55},{"x":"2021-01-01","y":405389.36},{"x":"2021-02-01","y":352572.16},{"x":"2021-03-01","y":406341.3},{"x":"2021-04-01","y":363506.45},{"x":"2021-05-01","y":435278.64},{"x":"2021-06-01","y":491243.63},{"x":"2021-07-01","y":539371.25},{"x":"2021-08-01","y":572476.51},{"x":"2021-09-01","y":527140.79},{"x":"2021-10-01","y":506408.02},{"x":"2021-11-01","y":484124.98},{"x":"2021-12-01","y":486140},{"x":"2022-01-01","y":478710.76},{"x":"2022-02-01","y":386188.18},{"x":"2022-03-01","y":538745.12},{"x":"2022-04-01","y":539567.85},{"x":"2022-05-01","y":623470.17},{"x":"2022-06-01","y":619143.47},{"x":"2022-07-01","y":643658.27},{"x":"2022-08-01","y":636173.78},{"x":"2022-09-01","y":585564.42},{"x":"2022-10-01","y":513399.12},{"x":"2022-11-01","y":379443.34},{"x":"2022-12-01","y":508650.15}],"color":"rgba(46,120,210,0.2)"},{"label":"Tecpetrol","data":[{"x":"1999-01-01","y":0},{"x":"1999-02-01","y":0},{"x":"1999-03-01","y":0},{"x":"1999-04-01","y":0},{"x":"1999-05-01","y":0},{"x":"1999-06-01","y":0},{"x":"1999-07-01","y":0},{"x":"1999-08-01","y":0},{"x":"1999-09-01","y":0},{"x":"1999-10-01","y":0},{"x":"1999-11-01","y":0},{"x":"1999-12-01","y":0},{"x":"2000-01-01","y":0},{"x":"2000-02-01","y":0},{"x":"2000-03-01","y":0},{"x":"2000-04-01","y":0},{"x":"2000-05-01","y":0},{"x":"2000-06-01","y":0},{"x":"2000-07-01","y":0},{"x":"2000-08-01","y":0},{"x":"2000-09-01","y":0},{"x":"2000-10-01","y":0},{"x":"2000-11-01","y":0},{"x":"2000-12-01","y":0},{"x":"2001-01-01","y":0},{"x":"2001-02-01","y":0},{"x":"2001-03-01","y":0},{"x":"2001-04-01","y":0},{"x":"2001-05-01","y":0},{"x":"2001-06-01","y":0},{"x":"2001-07-01","y":0},{"x":"2001-08-01","y":0},{"x":"2001-09-01","y":0},{"x":"2001-10-01","y":0},{"x":"2001-11-01","y":0},{"x":"2001-12-01","y":0},{"x":"2002-01-01","y":0},{"x":"2002-02-01","y":0},{"x":"2002-03-01","y":0},{"x":"2002-04-01","y":0},{"x":"2002-05-01","y":0},{"x":"2002-06-01","y":0},{"x":"2002-07-01","y":0},{"x":"2002-08-01","y":0},{"x":"2002-09-01","y":0},{"x":"2002-10-01","y":0},{"x":"2002-11-01","y":0},{"x":"2002-12-01","y":0},{"x":"2003-01-01","y":0},{"x":"2003-02-01","y":0},{"x":"2003-03-01","y":0},{"x":"2003-04-01","y":0},{"x":"2003-05-01","y":207364.98},{"x":"2003-06-01","y":204547.78},{"x":"2003-07-01","y":287466.88},{"x":"2003-08-01","y":301585.49},{"x":"2003-09-01","y":293591.19},{"x":"2003-10-01","y":310403.61},{"x":"2003-11-01","y":275378.78},{"x":"2003-12-01","y":301674.66},{"x":"2004-01-01","y":308791.14},{"x":"2004-02-01","y":290862.98},{"x":"2004-03-01","y":311241.18},{"x":"2004-04-01","y":300688.84},{"x":"2004-05-01","y":314084.53},{"x":"2004-06-01","y":305742.26},{"x":"2004-07-01","y":305994.8},{"x":"2004-08-01","y":300302.49},{"x":"2004-09-01","y":292966.09},{"x":"2004-10-01","y":319573.98},{"x":"2004-11-01","y":264804.39},{"x":"2004-12-01","y":295642.31},{"x":"2005-01-01","y":419981.92},{"x":"2005-02-01","y":364268.9},{"x":"2005-03-01","y":405986.6},{"x":"2005-04-01","y":395129.42},{"x":"2005-05-01","y":418527.28},{"x":"2005-06-01","y":409258.14},{"x":"2005-07-01","y":395721.84},{"x":"2005-08-01","y":388112.53},{"x":"2005-09-01","y":362567.08},{"x":"2005-10-01","y":321328.37},{"x":"2005-11-01","y":337167.31},{"x":"2005-12-01","y":401187.36},{"x":"2006-01-01","y":420367.6},{"x":"2006-02-01","y":376337.65},{"x":"2006-03-01","y":421787.98},{"x":"2006-04-01","y":413591.46},{"x":"2006-05-01","y":418227.62},{"x":"2006-06-01","y":405016.37},{"x":"2006-07-01","y":428850.57},{"x":"2006-08-01","y":407578.78},{"x":"2006-09-01","y":397533.87},{"x":"2006-10-01","y":392910.74},{"x":"2006-11-01","y":348453.67},{"x":"2006-12-01","y":373410.01},{"x":"2007-01-01","y":414098.54},{"x":"2007-02-01","y":374717.22},{"x":"2007-03-01","y":420121.87},{"x":"2007-04-01","y":378013.37},{"x":"2007-05-01","y":425814.81},{"x":"2007-06-01","y":403450.31},{"x":"2007-07-01","y":410596.02},{"x":"2007-08-01","y":421802.89},{"x":"2007-09-01","y":414876.19},{"x":"2007-10-01","y":433865.98},{"x":"2007-11-01","y":333265},{"x":"2007-12-01","y":373773.8},{"x":"2008-01-01","y":400888.72},{"x":"2008-02-01","y":385559.89},{"x":"2008-03-01","y":406297.15},{"x":"2008-04-01","y":390019.34},{"x":"2008-05-01","y":293538.37},{"x":"2008-06-01","y":366632.59},{"x":"2008-07-01","y":410967.07},{"x":"2008-08-01","y":407484.54},{"x":"2008-09-01","y":375977.1},{"x":"2008-10-01","y":422025.3},{"x":"2008-11-01","y":386633.55},{"x":"2008-12-01","y":376956.31},{"x":"2009-01-01","y":408712.41},{"x":"2009-02-01","y":384903.95},{"x":"2009-03-01","y":426272.04},{"x":"2009-04-01","y":416112.56},{"x":"2009-05-01","y":388889.7},{"x":"2009-06-01","y":400196.32},{"x":"2009-07-01","y":393130.88},{"x":"2009-08-01","y":312154.89},{"x":"2009-09-01","y":379707.54},{"x":"2009-10-01","y":403959.8},{"x":"2009-11-01","y":383084.47},{"x":"2009-12-01","y":378641},{"x":"2010-01-01","y":387474.54},{"x":"2010-02-01","y":354919.6},{"x":"2010-03-01","y":389319.99},{"x":"2010-04-01","y":340224.79},{"x":"2010-05-01","y":360124.62},{"x":"2010-06-01","y":335627.47},{"x":"2010-07-01","y":356948.31},{"x":"2010-08-01","y":357330.58},{"x":"2010-09-01","y":345082.25},{"x":"2010-10-01","y":360611.48},{"x":"2010-11-01","y":336343.08},{"x":"2010-12-01","y":348590.42},{"x":"2011-01-01","y":355343.99},{"x":"2011-02-01","y":309955.93},{"x":"2011-03-01","y":346530.42},{"x":"2011-04-01","y":326203.29},{"x":"2011-05-01","y":347004.33},{"x":"2011-06-01","y":349677.98},{"x":"2011-07-01","y":366517.3},{"x":"2011-08-01","y":358830.7},{"x":"2011-09-01","y":336772.04},{"x":"2011-10-01","y":371037.38},{"x":"2011-11-01","y":358139.5},{"x":"2011-12-01","y":361686.06},{"x":"2012-01-01","y":360791.54},{"x":"2012-02-01","y":323269.09},{"x":"2012-03-01","y":348151.13},{"x":"2012-04-01","y":331024.98},{"x":"2012-05-01","y":338512.36},{"x":"2012-06-01","y":332724.02},{"x":"2012-07-01","y":334262.65},{"x":"2012-08-01","y":335932.52},{"x":"2012-09-01","y":332166.04},{"x":"2012-10-01","y":326230.09},{"x":"2012-11-01","y":307310.7},{"x":"2012-12-01","y":317760.93},{"x":"2013-01-01","y":304576.58},{"x":"2013-02-01","y":270223.18},{"x":"2013-03-01","y":297149.4},{"x":"2013-04-01","y":294257.7},{"x":"2013-05-01","y":301033.13},{"x":"2013-06-01","y":287849.6},{"x":"2013-07-01","y":305452.26},{"x":"2013-08-01","y":309521.77},{"x":"2013-09-01","y":290533.91},{"x":"2013-10-01","y":302135.53},{"x":"2013-11-01","y":294955.54},{"x":"2013-12-01","y":290153.18},{"x":"2014-01-01","y":293626.92},{"x":"2014-02-01","y":263189.66},{"x":"2014-03-01","y":286630.12},{"x":"2014-04-01","y":268244.45},{"x":"2014-05-01","y":280122.73},{"x":"2014-06-01","y":270638.91},{"x":"2014-07-01","y":276163.06},{"x":"2014-08-01","y":282902.37},{"x":"2014-09-01","y":272444.31},{"x":"2014-10-01","y":283010.58},{"x":"2014-11-01","y":262589.91},{"x":"2014-12-01","y":272193.35},{"x":"2015-01-01","y":282218.03},{"x":"2015-02-01","y":253742.38},{"x":"2015-03-01","y":278928.35},{"x":"2015-04-01","y":190252.24},{"x":"2015-05-01","y":197165.25},{"x":"2015-06-01","y":191970.64},{"x":"2015-07-01","y":199530.39},{"x":"2015-08-01","y":203677.84},{"x":"2015-09-01","y":198847.41},{"x":"2015-10-01","y":222156.91},{"x":"2015-11-01","y":213099.79},{"x":"2015-12-01","y":227040.17},{"x":"2016-01-01","y":227996.25},{"x":"2016-02-01","y":217891.65},{"x":"2016-03-01","y":235297.18},{"x":"2016-04-01","y":225883.48},{"x":"2016-05-01","y":234918.43},{"x":"2016-06-01","y":226970.5},{"x":"2016-07-01","y":232241.44},{"x":"2016-08-01","y":231819.26},{"x":"2016-09-01","y":225905.19},{"x":"2016-10-01","y":246060.23},{"x":"2016-11-01","y":122960.58},{"x":"2016-12-01","y":131699.59},{"x":"2017-01-01","y":131679.97},{"x":"2017-02-01","y":123125.22},{"x":"2017-03-01","y":139053.05},{"x":"2017-04-01","y":136207.04},{"x":"2017-05-01","y":140537.99},{"x":"2017-06-01","y":137011.18},{"x":"2017-07-01","y":142551.93},{"x":"2017-08-01","y":144645.36},{"x":"2017-09-01","y":140980.79},{"x":"2017-10-01","y":138359.18},{"x":"2017-11-01","y":140597.73},{"x":"2017-12-01","y":152488.99},{"x":"2018-01-01","y":153676.41},{"x":"2018-02-01","y":139418.46},{"x":"2018-03-01","y":148654.21},{"x":"2018-04-01","y":140696.8},{"x":"2018-05-01","y":0},{"x":"2018-06-01","y":0},{"x":"2018-07-01","y":0},{"x":"2018-08-01","y":0},{"x":"2018-09-01","y":0},{"x":"2018-10-01","y":0},{"x":"2018-11-01","y":0},{"x":"2018-12-01","y":0},{"x":"2019-01-01","y":0},{"x":"2019-02-01","y":0},{"x":"2019-03-01","y":0},{"x":"2019-04-01","y":0},{"x":"2019-05-01","y":0},{"x":"2019-06-01","y":0},{"x":"2019-07-01","y":0},{"x":"2019-08-01","y":0},{"x":"2019-09-01","y":0},{"x":"2019-10-01","y":0},{"x":"2019-11-01","y":0},{"x":"2019-12-01","y":0},{"x":"2020-01-01","y":0},{"x":"2020-02-01","y":0},{"x":"2020-03-01","y":0},{"x":"2020-04-01","y":0},{"x":"2020-05-01","y":0},{"x":"2020-06-01","y":0},{"x":"2020-07-01","y":0},{"x":"2020-08-01","y":0},{"x":"2020-09-01","y":0},{"x":"2020-10-01","y":0},{"x":"2020-11-01","y":0},{"x":"2020-12-01","y":0},{"x":"2021-01-01","y":0},{"x":"2021-02-01","y":0},{"x":"2021-03-01","y":0},{"x":"2021-04-01","y":0},{"x":"2021-05-01","y":0},{"x":"2021-06-01","y":0},{"x":"2021-07-01","y":0},{"x":"2021-08-01","y":0},{"x":"2021-09-01","y":0},{"x":"2021-10-01","y":0},{"x":"2021-11-01","y":0},{"x":"2021-12-01","y":0},{"x":"2022-01-01","y":0},{"x":"2022-02-01","y":0},{"x":"2022-03-01","y":0},{"x":"2022-04-01","y":0},{"x":"2022-05-01","y":0},{"x":"2022-06-01","y":0},{"x":"2022-07-01","y":0},{"x":"2022-08-01","y":0},{"x":"2022-09-01","y":0},{"x":"2022-10-01","y":0},{"x":"2022-11-01","y":0},{"x":"2022-12-01","y":0}],"color":"rgba(46,120,210,0.2)"},{"label":"Total","data":[{"x":"1999-01-01","y":326415},{"x":"1999-02-01","y":272673},{"x":"1999-03-01","y":300931},{"x":"1999-04-01","y":331279},{"x":"1999-05-01","y":366900},{"x":"1999-06-01","y":364930},{"x":"1999-07-01","y":402713.6},{"x":"1999-08-01","y":411428.2},{"x":"1999-09-01","y":384044.1},{"x":"1999-10-01","y":402876.6},{"x":"1999-11-01","y":366291.08},{"x":"1999-12-01","y":371743.58},{"x":"2000-01-01","y":394153.23},{"x":"2000-02-01","y":379208.14},{"x":"2000-03-01","y":368135.5},{"x":"2000-04-01","y":384212.28},{"x":"2000-05-01","y":428470.15},{"x":"2000-06-01","y":412981.71},{"x":"2000-07-01","y":447892.68},{"x":"2000-08-01","y":460211.83},{"x":"2000-09-01","y":444267.06},{"x":"2000-10-01","y":441211.67},{"x":"2000-11-01","y":404150.56},{"x":"2000-12-01","y":434381.6},{"x":"2001-01-01","y":429438.3},{"x":"2001-02-01","y":374248.9},{"x":"2001-03-01","y":470183.4},{"x":"2001-04-01","y":467199.56},{"x":"2001-05-01","y":478104.8},{"x":"2001-06-01","y":467611.28},{"x":"2001-07-01","y":479462.91},{"x":"2001-08-01","y":461651.24},{"x":"2001-09-01","y":449097.89},{"x":"2001-10-01","y":410878.04},{"x":"2001-11-01","y":427284.81},{"x":"2001-12-01","y":475388.84},{"x":"2002-01-01","y":468895.02},{"x":"2002-02-01","y":406167.22},{"x":"2002-03-01","y":454820.84},{"x":"2002-04-01","y":423512.54},{"x":"2002-05-01","y":454540.98},{"x":"2002-06-01","y":443450.53},{"x":"2002-07-01","y":475462.71},{"x":"2002-08-01","y":480983.84},{"x":"2002-09-01","y":440825.97},{"x":"2002-10-01","y":437690.91},{"x":"2002-11-01","y":397425.99},{"x":"2002-12-01","y":413862.52},{"x":"2003-01-01","y":423022.84},{"x":"2003-02-01","y":381681.14},{"x":"2003-03-01","y":423820.54},{"x":"2003-04-01","y":435432.5},{"x":"2003-05-01","y":444390.6},{"x":"2003-06-01","y":437858.79},{"x":"2003-07-01","y":447140.71},{"x":"2003-08-01","y":441365.03},{"x":"2003-09-01","y":418669.57},{"x":"2003-10-01","y":429433.19},{"x":"2003-11-01","y":401342.8},{"x":"2003-12-01","y":404490.88},{"x":"2004-01-01","y":404688.16},{"x":"2004-02-01","y":373745.31},{"x":"2004-03-01","y":389918.96},{"x":"2004-04-01","y":385179.17},{"x":"2004-05-01","y":380513.85},{"x":"2004-06-01","y":373935.88},{"x":"2004-07-01","y":391576.36},{"x":"2004-08-01","y":394054.13},{"x":"2004-09-01","y":372385.46},{"x":"2004-10-01","y":384730.67},{"x":"2004-11-01","y":348990.12},{"x":"2004-12-01","y":348816.81},{"x":"2005-01-01","y":371155.57},{"x":"2005-02-01","y":333261.88},{"x":"2005-03-01","y":369635.41},{"x":"2005-04-01","y":352992.71},{"x":"2005-05-01","y":400009.55},{"x":"2005-06-01","y":408334.45},{"x":"2005-07-01","y":420835.37},{"x":"2005-08-01","y":429179.77},{"x":"2005-09-01","y":409522.76},{"x":"2005-10-01","y":150291.71},{"x":"2005-11-01","y":136529.31},{"x":"2005-12-01","y":142509.02},{"x":"2006-01-01","y":142919.27},{"x":"2006-02-01","y":130736.83},{"x":"2006-03-01","y":142933.51},{"x":"2006-04-01","y":141539.73},{"x":"2006-05-01","y":150383.8},{"x":"2006-06-01","y":141692.84},{"x":"2006-07-01","y":137185.58},{"x":"2006-08-01","y":146624.07},{"x":"2006-09-01","y":142723.18},{"x":"2006-10-01","y":148408.58},{"x":"2006-11-01","y":142877.36},{"x":"2006-12-01","y":147517.46},{"x":"2007-01-01","y":140076.64},{"x":"2007-02-01","y":129926.48},{"x":"2007-03-01","y":137355.46},{"x":"2007-04-01","y":134866.04},{"x":"2007-05-01","y":151506.85},{"x":"2007-06-01","y":143591.21},{"x":"2007-07-01","y":143464.42},{"x":"2007-08-01","y":145468.69},{"x":"2007-09-01","y":142191.68},{"x":"2007-10-01","y":140041.7},{"x":"2007-11-01","y":128205.33},{"x":"2007-12-01","y":136206.47},{"x":"2008-01-01","y":138719.94},{"x":"2008-02-01","y":133288.98},{"x":"2008-03-01","y":143299.6},{"x":"2008-04-01","y":138539.54},{"x":"2008-05-01","y":140334.74},{"x":"2008-06-01","y":135295.27},{"x":"2008-07-01","y":142765.49},{"x":"2008-08-01","y":141666.5},{"x":"2008-09-01","y":139802.99},{"x":"2008-10-01","y":138049.4},{"x":"2008-11-01","y":119024.83},{"x":"2008-12-01","y":131871.91},{"x":"2009-01-01","y":129521.92},{"x":"2009-02-01","y":108577.37},{"x":"2009-03-01","y":129085.87},{"x":"2009-04-01","y":124246.75},{"x":"2009-05-01","y":133036.19},{"x":"2009-06-01","y":125872.17},{"x":"2009-07-01","y":138037.69},{"x":"2009-08-01","y":132594.47},{"x":"2009-09-01","y":124789.83},{"x":"2009-10-01","y":138908.65},{"x":"2009-11-01","y":131614.09},{"x":"2009-12-01","y":131060.48},{"x":"2010-01-01","y":128375.99},{"x":"2010-02-01","y":120431.62},{"x":"2010-03-01","y":133841.27},{"x":"2010-04-01","y":116488.76},{"x":"2010-05-01","y":126709.27},{"x":"2010-06-01","y":122554.17},{"x":"2010-07-01","y":126868.26},{"x":"2010-08-01","y":131879.69},{"x":"2010-09-01","y":129190.44},{"x":"2010-10-01","y":131964.08},{"x":"2010-11-01","y":120529.91},{"x":"2010-12-01","y":130778.56},{"x":"2011-01-01","y":126269.54},{"x":"2011-02-01","y":110437.72},{"x":"2011-03-01","y":122767.57},{"x":"2011-04-01","y":123755.57},{"x":"2011-05-01","y":127584.45},{"x":"2011-06-01","y":117708.52},{"x":"2011-07-01","y":126919.44},{"x":"2011-08-01","y":124439.32},{"x":"2011-09-01","y":120155.9},{"x":"2011-10-01","y":119431.01},{"x":"2011-11-01","y":115818.7},{"x":"2011-12-01","y":115706.5},{"x":"2012-01-01","y":110258.76},{"x":"2012-02-01","y":99688},{"x":"2012-03-01","y":97156.07},{"x":"2012-04-01","y":105328.13},{"x":"2012-05-01","y":107740.92},{"x":"2012-06-01","y":104160.26},{"x":"2012-07-01","y":106030.56},{"x":"2012-08-01","y":103611.09},{"x":"2012-09-01","y":104042.33},{"x":"2012-10-01","y":106987.25},{"x":"2012-11-01","y":109286.34},{"x":"2012-12-01","y":114106.51},{"x":"2013-01-01","y":109006.57},{"x":"2013-02-01","y":98737.52},{"x":"2013-03-01","y":109438.78},{"x":"2013-04-01","y":103977.93},{"x":"2013-05-01","y":108796.69},{"x":"2013-06-01","y":102383.73},{"x":"2013-07-01","y":104332.41},{"x":"2013-08-01","y":105232.12},{"x":"2013-09-01","y":105742.59},{"x":"2013-10-01","y":105822.11},{"x":"2013-11-01","y":99402.4},{"x":"2013-12-01","y":96273.51},{"x":"2014-01-01","y":100236.87},{"x":"2014-02-01","y":85542.81},{"x":"2014-03-01","y":95731.26},{"x":"2014-04-01","y":85682.82},{"x":"2014-05-01","y":92242.43},{"x":"2014-06-01","y":87332.97},{"x":"2014-07-01","y":90619.31},{"x":"2014-08-01","y":91034.68},{"x":"2014-09-01","y":87350.2},{"x":"2014-10-01","y":91790.08},{"x":"2014-11-01","y":94705.77},{"x":"2014-12-01","y":96213.2},{"x":"2015-01-01","y":97835.25},{"x":"2015-02-01","y":91814.24},{"x":"2015-03-01","y":100887.56},{"x":"2015-04-01","y":91610.36},{"x":"2015-05-01","y":93943.69},{"x":"2015-06-01","y":92847.64},{"x":"2015-07-01","y":94269.72},{"x":"2015-08-01","y":97967.92},{"x":"2015-09-01","y":97516.2},{"x":"2015-10-01","y":101525.23},{"x":"2015-11-01","y":94491.69},{"x":"2015-12-01","y":95841.24},{"x":"2016-01-01","y":96115.98},{"x":"2016-02-01","y":92314.35},{"x":"2016-03-01","y":98492.54},{"x":"2016-04-01","y":94882.78},{"x":"2016-05-01","y":96436.86},{"x":"2016-06-01","y":94009.38},{"x":"2016-07-01","y":98671.26},{"x":"2016-08-01","y":100172.01},{"x":"2016-09-01","y":95641.02},{"x":"2016-10-01","y":97128.74},{"x":"2016-11-01","y":93166.42},{"x":"2016-12-01","y":95362.73},{"x":"2017-01-01","y":94061.5},{"x":"2017-02-01","y":86436.36},{"x":"2017-03-01","y":92427.82},{"x":"2017-04-01","y":90527.58},{"x":"2017-05-01","y":92643.02},{"x":"2017-06-01","y":90359.82},{"x":"2017-07-01","y":92343.59},{"x":"2017-08-01","y":93501.58},{"x":"2017-09-01","y":91199.35},{"x":"2017-10-01","y":94193.11},{"x":"2017-11-01","y":90511.51},{"x":"2017-12-01","y":91069.58},{"x":"2018-01-01","y":89259.36},{"x":"2018-02-01","y":86601.69},{"x":"2018-03-01","y":93333.98},{"x":"2018-04-01","y":87658.04},{"x":"2018-05-01","y":90694.01},{"x":"2018-06-01","y":91196.93},{"x":"2018-07-01","y":92208.63},{"x":"2018-08-01","y":91165.8},{"x":"2018-09-01","y":82658.43},{"x":"2018-10-01","y":88331.48},{"x":"2018-11-01","y":84246.91},{"x":"2018-12-01","y":87811.15},{"x":"2019-01-01","y":85874.17},{"x":"2019-02-01","y":77992.96},{"x":"2019-03-01","y":88213.28},{"x":"2019-04-01","y":83544.62},{"x":"2019-05-01","y":85770.96},{"x":"2019-06-01","y":77847.44},{"x":"2019-07-01","y":78079.75},{"x":"2019-08-01","y":79471.62},{"x":"2019-09-01","y":90417.53},{"x":"2019-10-01","y":110400.75},{"x":"2019-11-01","y":116836.54},{"x":"2019-12-01","y":137756.2},{"x":"2020-01-01","y":141479.86},{"x":"2020-02-01","y":123027.73},{"x":"2020-03-01","y":152391.86},{"x":"2020-04-01","y":143642.22},{"x":"2020-05-01","y":141103.26},{"x":"2020-06-01","y":139346.9},{"x":"2020-07-01","y":141717.67},{"x":"2020-08-01","y":142147.31},{"x":"2020-09-01","y":135506.86},{"x":"2020-10-01","y":136343.82},{"x":"2020-11-01","y":124346.4},{"x":"2020-12-01","y":123118.63},{"x":"2021-01-01","y":119023.2},{"x":"2021-02-01","y":113814.33},{"x":"2021-03-01","y":123097.32},{"x":"2021-04-01","y":111828.36},{"x":"2021-05-01","y":125898.08},{"x":"2021-06-01","y":151268.05},{"x":"2021-07-01","y":165345.2},{"x":"2021-08-01","y":176023.63},{"x":"2021-09-01","y":170877.84},{"x":"2021-10-01","y":183244.08},{"x":"2021-11-01","y":182986.89},{"x":"2021-12-01","y":180695.13},{"x":"2022-01-01","y":182030.27},{"x":"2022-02-01","y":156247.19},{"x":"2022-03-01","y":160413.48},{"x":"2022-04-01","y":156750.93},{"x":"2022-05-01","y":182428.66},{"x":"2022-06-01","y":170763.54},{"x":"2022-07-01","y":177621.14},{"x":"2022-08-01","y":183853.14},{"x":"2022-09-01","y":173536.77},{"x":"2022-10-01","y":176208.55},{"x":"2022-11-01","y":161148.12},{"x":"2022-12-01","y":171407.36}],"color":"rgba(46,120,210,0.2)"},{"label":"Chevron","data":[{"x":"1999-01-01","y":0},{"x":"1999-02-01","y":0},{"x":"1999-03-01","y":0},{"x":"1999-04-01","y":0},{"x":"1999-05-01","y":0},{"x":"1999-06-01","y":0},{"x":"1999-07-01","y":0},{"x":"1999-08-01","y":0},{"x":"1999-09-01","y":0},{"x":"1999-10-01","y":0},{"x":"1999-11-01","y":0},{"x":"1999-12-01","y":0},{"x":"2000-01-01","y":0},{"x":"2000-02-01","y":0},{"x":"2000-03-01","y":0},{"x":"2000-04-01","y":0},{"x":"2000-05-01","y":0},{"x":"2000-06-01","y":0},{"x":"2000-07-01","y":0},{"x":"2000-08-01","y":0},{"x":"2000-09-01","y":0},{"x":"2000-10-01","y":0},{"x":"2000-11-01","y":0},{"x":"2000-12-01","y":0},{"x":"2001-01-01","y":0},{"x":"2001-02-01","y":0},{"x":"2001-03-01","y":0},{"x":"2001-04-01","y":0},{"x":"2001-05-01","y":0},{"x":"2001-06-01","y":0},{"x":"2001-07-01","y":0},{"x":"2001-08-01","y":0},{"x":"2001-09-01","y":0},{"x":"2001-10-01","y":0},{"x":"2001-11-01","y":0},{"x":"2001-12-01","y":0},{"x":"2002-01-01","y":0},{"x":"2002-02-01","y":0},{"x":"2002-03-01","y":0},{"x":"2002-04-01","y":0},{"x":"2002-05-01","y":0},{"x":"2002-06-01","y":0},{"x":"2002-07-01","y":0},{"x":"2002-08-01","y":0},{"x":"2002-09-01","y":0},{"x":"2002-10-01","y":0},{"x":"2002-11-01","y":0},{"x":"2002-12-01","y":0},{"x":"2003-01-01","y":0},{"x":"2003-02-01","y":0},{"x":"2003-03-01","y":0},{"x":"2003-04-01","y":0},{"x":"2003-05-01","y":0},{"x":"2003-06-01","y":0},{"x":"2003-07-01","y":0},{"x":"2003-08-01","y":0},{"x":"2003-09-01","y":0},{"x":"2003-10-01","y":0},{"x":"2003-11-01","y":0},{"x":"2003-12-01","y":0},{"x":"2004-01-01","y":0},{"x":"2004-02-01","y":0},{"x":"2004-03-01","y":0},{"x":"2004-04-01","y":0},{"x":"2004-05-01","y":0},{"x":"2004-06-01","y":0},{"x":"2004-07-01","y":0},{"x":"2004-08-01","y":0},{"x":"2004-09-01","y":0},{"x":"2004-10-01","y":0},{"x":"2004-11-01","y":0},{"x":"2004-12-01","y":0},{"x":"2005-01-01","y":0},{"x":"2005-02-01","y":0},{"x":"2005-03-01","y":0},{"x":"2005-04-01","y":0},{"x":"2005-05-01","y":0},{"x":"2005-06-01","y":0},{"x":"2005-07-01","y":0},{"x":"2005-08-01","y":0},{"x":"2005-09-01","y":0},{"x":"2005-10-01","y":0},{"x":"2005-11-01","y":0},{"x":"2005-12-01","y":0},{"x":"2006-01-01","y":0},{"x":"2006-02-01","y":0},{"x":"2006-03-01","y":0},{"x":"2006-04-01","y":0},{"x":"2006-05-01","y":0},{"x":"2006-06-01","y":0},{"x":"2006-07-01","y":0},{"x":"2006-08-01","y":0},{"x":"2006-09-01","y":40187.78},{"x":"2006-10-01","y":41086.16},{"x":"2006-11-01","y":31331.01},{"x":"2006-12-01","y":46676.27},{"x":"2007-01-01","y":39997.41},{"x":"2007-02-01","y":40301.02},{"x":"2007-03-01","y":44745.38},{"x":"2007-04-01","y":48575.54},{"x":"2007-05-01","y":50024.2},{"x":"2007-06-01","y":45870.6},{"x":"2007-07-01","y":40180.29},{"x":"2007-08-01","y":46099.67},{"x":"2007-09-01","y":46017.34},{"x":"2007-10-01","y":47080.68},{"x":"2007-11-01","y":39130.33},{"x":"2007-12-01","y":49515.81},{"x":"2008-01-01","y":50455.68},{"x":"2008-02-01","y":46184.61},{"x":"2008-03-01","y":56818.47},{"x":"2008-04-01","y":52908.99},{"x":"2008-05-01","y":9122.67},{"x":"2008-06-01","y":33993.85},{"x":"2008-07-01","y":46372.67},{"x":"2008-08-01","y":53000.97},{"x":"2008-09-01","y":49696.8},{"x":"2008-10-01","y":52229.44},{"x":"2008-11-01","y":49888.12},{"x":"2008-12-01","y":52693.1},{"x":"2009-01-01","y":52540.53},{"x":"2009-02-01","y":50024.28},{"x":"2009-03-01","y":62750.28},{"x":"2009-04-01","y":61438.91},{"x":"2009-05-01","y":62284.86},{"x":"2009-06-01","y":52060.2},{"x":"2009-07-01","y":60493.27},{"x":"2009-08-01","y":22374.37},{"x":"2009-09-01","y":55848.24},{"x":"2009-10-01","y":60926.15},{"x":"2009-11-01","y":56256.43},{"x":"2009-12-01","y":55332.16},{"x":"2010-01-01","y":59450.67},{"x":"2010-02-01","y":52472.97},{"x":"2010-03-01","y":58833.96},{"x":"2010-04-01","y":54879.33},{"x":"2010-05-01","y":61516.84},{"x":"2010-06-01","y":60736.91},{"x":"2010-07-01","y":61791.3},{"x":"2010-08-01","y":60286.71},{"x":"2010-09-01","y":63184.73},{"x":"2010-10-01","y":67790.19},{"x":"2010-11-01","y":67442.07},{"x":"2010-12-01","y":50373.35},{"x":"2011-01-01","y":61912.5},{"x":"2011-02-01","y":55938.09},{"x":"2011-03-01","y":61434.92},{"x":"2011-04-01","y":7788.9},{"x":"2011-05-01","y":38278.79},{"x":"2011-06-01","y":38769.92},{"x":"2011-07-01","y":52030.06},{"x":"2011-08-01","y":54227.81},{"x":"2011-09-01","y":51722.59},{"x":"2011-10-01","y":59578.91},{"x":"2011-11-01","y":62109.39},{"x":"2011-12-01","y":64489.87},{"x":"2012-01-01","y":64575.2},{"x":"2012-02-01","y":60720.99},{"x":"2012-03-01","y":63534.65},{"x":"2012-04-01","y":62936.14},{"x":"2012-05-01","y":62575.98},{"x":"2012-06-01","y":57736.33},{"x":"2012-07-01","y":59261.48},{"x":"2012-08-01","y":63958.65},{"x":"2012-09-01","y":61419.88},{"x":"2012-10-01","y":64026.9},{"x":"2012-11-01","y":61975.89},{"x":"2012-12-01","y":63973.77},{"x":"2013-01-01","y":63097.73},{"x":"2013-02-01","y":59625.19},{"x":"2013-03-01","y":63396.48},{"x":"2013-04-01","y":60495.99},{"x":"2013-05-01","y":66597.78},{"x":"2013-06-01","y":65791.45},{"x":"2013-07-01","y":68070.84},{"x":"2013-08-01","y":67755.99},{"x":"2013-09-01","y":65261.48},{"x":"2013-10-01","y":66375.02},{"x":"2013-11-01","y":63545.79},{"x":"2013-12-01","y":63970.71},{"x":"2014-01-01","y":60899.01},{"x":"2014-02-01","y":55852.8},{"x":"2014-03-01","y":64331.03},{"x":"2014-04-01","y":62039.4},{"x":"2014-05-01","y":61373.72},{"x":"2014-06-01","y":63516.5},{"x":"2014-07-01","y":63323.73},{"x":"2014-08-01","y":49599.18},{"x":"2014-09-01","y":56436},{"x":"2014-10-01","y":58115.49},{"x":"2014-11-01","y":59626.91},{"x":"2014-12-01","y":61659.58},{"x":"2015-01-01","y":62167.66},{"x":"2015-02-01","y":53783.44},{"x":"2015-03-01","y":59221.82},{"x":"2015-04-01","y":58836.04},{"x":"2015-05-01","y":61051.43},{"x":"2015-06-01","y":64619.76},{"x":"2015-07-01","y":66135.3},{"x":"2015-08-01","y":68632.07},{"x":"2015-09-01","y":65624.29},{"x":"2015-10-01","y":67133.83},{"x":"2015-11-01","y":66648.91},{"x":"2015-12-01","y":66320.07},{"x":"2016-01-01","y":67172.85},{"x":"2016-02-01","y":59749.76},{"x":"2016-03-01","y":65665.88},{"x":"2016-04-01","y":63576.85},{"x":"2016-05-01","y":69412.07},{"x":"2016-06-01","y":65530.88},{"x":"2016-07-01","y":70682.66},{"x":"2016-08-01","y":68787.64},{"x":"2016-09-01","y":64865.04},{"x":"2016-10-01","y":69800.53},{"x":"2016-11-01","y":67668.87},{"x":"2016-12-01","y":67669.56},{"x":"2017-01-01","y":67579.55},{"x":"2017-02-01","y":59875.45},{"x":"2017-03-01","y":61271.62},{"x":"2017-04-01","y":59586.17},{"x":"2017-05-01","y":65493.59},{"x":"2017-06-01","y":60761.93},{"x":"2017-07-01","y":62307.62},{"x":"2017-08-01","y":64844.32},{"x":"2017-09-01","y":64169.25},{"x":"2017-10-01","y":65600.42},{"x":"2017-11-01","y":63125.8},{"x":"2017-12-01","y":58974.84},{"x":"2018-01-01","y":59558.62},{"x":"2018-02-01","y":52627.09},{"x":"2018-03-01","y":56668.04},{"x":"2018-04-01","y":52482.66},{"x":"2018-05-01","y":52410.17},{"x":"2018-06-01","y":48918.61},{"x":"2018-07-01","y":49934.93},{"x":"2018-08-01","y":48649.61},{"x":"2018-09-01","y":45988.8},{"x":"2018-10-01","y":46890.74},{"x":"2018-11-01","y":44759.74},{"x":"2018-12-01","y":45918.74},{"x":"2019-01-01","y":45414.2},{"x":"2019-02-01","y":41397.65},{"x":"2019-03-01","y":45780.57},{"x":"2019-04-01","y":44948.3},{"x":"2019-05-01","y":44631.1},{"x":"2019-06-01","y":42422.99},{"x":"2019-07-01","y":44835.75},{"x":"2019-08-01","y":45286.19},{"x":"2019-09-01","y":42649.89},{"x":"2019-10-01","y":41142.6},{"x":"2019-11-01","y":38257.27},{"x":"2019-12-01","y":38499.03},{"x":"2020-01-01","y":38237.69},{"x":"2020-02-01","y":33892.82},{"x":"2020-03-01","y":37031.77},{"x":"2020-04-01","y":34079.44},{"x":"2020-05-01","y":31804.69},{"x":"2020-06-01","y":29818.09},{"x":"2020-07-01","y":28991.18},{"x":"2020-08-01","y":25883.94},{"x":"2020-09-01","y":28038.54},{"x":"2020-10-01","y":29211.79},{"x":"2020-11-01","y":27876.41},{"x":"2020-12-01","y":28403.91},{"x":"2021-01-01","y":28939.42},{"x":"2021-02-01","y":25647.52},{"x":"2021-03-01","y":26918.47},{"x":"2021-04-01","y":25756.25},{"x":"2021-05-01","y":28450.87},{"x":"2021-06-01","y":26777.57},{"x":"2021-07-01","y":28495.12},{"x":"2021-08-01","y":28233.24},{"x":"2021-09-01","y":26773.01},{"x":"2021-10-01","y":28166.39},{"x":"2021-11-01","y":27364.69},{"x":"2021-12-01","y":28045.77},{"x":"2022-01-01","y":27236.08},{"x":"2022-02-01","y":25818.78},{"x":"2022-03-01","y":30817.66},{"x":"2022-04-01","y":30545.99},{"x":"2022-05-01","y":34355.68},{"x":"2022-06-01","y":32083.99},{"x":"2022-07-01","y":33958.86},{"x":"2022-08-01","y":38703.64},{"x":"2022-09-01","y":40758.7},{"x":"2022-10-01","y":0},{"x":"2022-11-01","y":0},{"x":"2022-12-01","y":0}],"color":"rgba(46,120,210,0.2)"},{"label":"ENAP","data":[{"x":"1999-01-01","y":0},{"x":"1999-02-01","y":0},{"x":"1999-03-01","y":0},{"x":"1999-04-01","y":0},{"x":"1999-05-01","y":0},{"x":"1999-06-01","y":0},{"x":"1999-07-01","y":0},{"x":"1999-08-01","y":0},{"x":"1999-09-01","y":0},{"x":"1999-10-01","y":0},{"x":"1999-11-01","y":0},{"x":"1999-12-01","y":0},{"x":"2000-01-01","y":0},{"x":"2000-02-01","y":0},{"x":"2000-03-01","y":0},{"x":"2000-04-01","y":0},{"x":"2000-05-01","y":0},{"x":"2000-06-01","y":0},{"x":"2000-07-01","y":0},{"x":"2000-08-01","y":0},{"x":"2000-09-01","y":0},{"x":"2000-10-01","y":0},{"x":"2000-11-01","y":0},{"x":"2000-12-01","y":0},{"x":"2001-01-01","y":0},{"x":"2001-02-01","y":0},{"x":"2001-03-01","y":0},{"x":"2001-04-01","y":0},{"x":"2001-05-01","y":0},{"x":"2001-06-01","y":0},{"x":"2001-07-01","y":0},{"x":"2001-08-01","y":0},{"x":"2001-09-01","y":0},{"x":"2001-10-01","y":0},{"x":"2001-11-01","y":0},{"x":"2001-12-01","y":0},{"x":"2002-01-01","y":0},{"x":"2002-02-01","y":0},{"x":"2002-03-01","y":0},{"x":"2002-04-01","y":0},{"x":"2002-05-01","y":0},{"x":"2002-06-01","y":0},{"x":"2002-07-01","y":0},{"x":"2002-08-01","y":0},{"x":"2002-09-01","y":0},{"x":"2002-10-01","y":0},{"x":"2002-11-01","y":0},{"x":"2002-12-01","y":0},{"x":"2003-01-01","y":0},{"x":"2003-02-01","y":0},{"x":"2003-03-01","y":0},{"x":"2003-04-01","y":0},{"x":"2003-05-01","y":0},{"x":"2003-06-01","y":0},{"x":"2003-07-01","y":0},{"x":"2003-08-01","y":0},{"x":"2003-09-01","y":0},{"x":"2003-10-01","y":0},{"x":"2003-11-01","y":0},{"x":"2003-12-01","y":0},{"x":"2004-01-01","y":0},{"x":"2004-02-01","y":0},{"x":"2004-03-01","y":0},{"x":"2004-04-01","y":0},{"x":"2004-05-01","y":0},{"x":"2004-06-01","y":0},{"x":"2004-07-01","y":0},{"x":"2004-08-01","y":0},{"x":"2004-09-01","y":0},{"x":"2004-10-01","y":0},{"x":"2004-11-01","y":0},{"x":"2004-12-01","y":0},{"x":"2005-01-01","y":0},{"x":"2005-02-01","y":0},{"x":"2005-03-01","y":0},{"x":"2005-04-01","y":0},{"x":"2005-05-01","y":0},{"x":"2005-06-01","y":0},{"x":"2005-07-01","y":0},{"x":"2005-08-01","y":0},{"x":"2005-09-01","y":0},{"x":"2005-10-01","y":0},{"x":"2005-11-01","y":0},{"x":"2005-12-01","y":0},{"x":"2006-01-01","y":0},{"x":"2006-02-01","y":0},{"x":"2006-03-01","y":0},{"x":"2006-04-01","y":0},{"x":"2006-05-01","y":0},{"x":"2006-06-01","y":0},{"x":"2006-07-01","y":72218.47},{"x":"2006-08-01","y":92151.89},{"x":"2006-09-01","y":80971.81},{"x":"2006-10-01","y":84924.5},{"x":"2006-11-01","y":80742.94},{"x":"2006-12-01","y":41170.24},{"x":"2007-01-01","y":18459.52},{"x":"2007-02-01","y":13416.68},{"x":"2007-03-01","y":14291.26},{"x":"2007-04-01","y":11214.23},{"x":"2007-05-01","y":10087.1},{"x":"2007-06-01","y":10269.69},{"x":"2007-07-01","y":17193.62},{"x":"2007-08-01","y":10406.11},{"x":"2007-09-01","y":10262.43},{"x":"2007-10-01","y":10998.3},{"x":"2007-11-01","y":10439.23},{"x":"2007-12-01","y":10977.35},{"x":"2008-01-01","y":10020.56},{"x":"2008-02-01","y":9337.59},{"x":"2008-03-01","y":43627.61},{"x":"2008-04-01","y":54938.08},{"x":"2008-05-01","y":24474.4},{"x":"2008-06-01","y":36690.12},{"x":"2008-07-01","y":61307.35},{"x":"2008-08-01","y":73853.47},{"x":"2008-09-01","y":70438.46},{"x":"2008-10-01","y":72812.52},{"x":"2008-11-01","y":74343.91},{"x":"2008-12-01","y":81145.34},{"x":"2009-01-01","y":68397.59},{"x":"2009-02-01","y":61338.33},{"x":"2009-03-01","y":49588.49},{"x":"2009-04-01","y":62095.6},{"x":"2009-05-01","y":59119.08},{"x":"2009-06-01","y":63225.27},{"x":"2009-07-01","y":67091.72},{"x":"2009-08-01","y":24713.79},{"x":"2009-09-01","y":84126.5},{"x":"2009-10-01","y":76948.59},{"x":"2009-11-01","y":68472.54},{"x":"2009-12-01","y":69275.22},{"x":"2010-01-01","y":73716.37},{"x":"2010-02-01","y":73272.07},{"x":"2010-03-01","y":59427.44},{"x":"2010-04-01","y":63253.14},{"x":"2010-05-01","y":72411.85},{"x":"2010-06-01","y":73580.33},{"x":"2010-07-01","y":82581.29},{"x":"2010-08-01","y":67692.17},{"x":"2010-09-01","y":23384.79},{"x":"2010-10-01","y":4544.28},{"x":"2010-11-01","y":4494.81},{"x":"2010-12-01","y":5783.67},{"x":"2011-01-01","y":24834.29},{"x":"2011-02-01","y":24199.96},{"x":"2011-03-01","y":25386.2},{"x":"2011-04-01","y":24786.1},{"x":"2011-05-01","y":27365.01},{"x":"2011-06-01","y":26080.62},{"x":"2011-07-01","y":12763.54},{"x":"2011-08-01","y":27469.27},{"x":"2011-09-01","y":27283.15},{"x":"2011-10-01","y":27665.71},{"x":"2011-11-01","y":25546.05},{"x":"2011-12-01","y":41349.01},{"x":"2012-01-01","y":59022.42},{"x":"2012-02-01","y":57077.82},{"x":"2012-03-01","y":45783.47},{"x":"2012-04-01","y":55187.4},{"x":"2012-05-01","y":61116.77},{"x":"2012-06-01","y":59937.57},{"x":"2012-07-01","y":67729.71},{"x":"2012-08-01","y":66917.76},{"x":"2012-09-01","y":66815.98},{"x":"2012-10-01","y":67513.69},{"x":"2012-11-01","y":64124.81},{"x":"2012-12-01","y":65162.44},{"x":"2013-01-01","y":66131.35},{"x":"2013-02-01","y":63279.05},{"x":"2013-03-01","y":63435},{"x":"2013-04-01","y":54734.14},{"x":"2013-05-01","y":55551.47},{"x":"2013-06-01","y":69544.11},{"x":"2013-07-01","y":74218.26},{"x":"2013-08-01","y":73772.89},{"x":"2013-09-01","y":74905.39},{"x":"2013-10-01","y":71655.41},{"x":"2013-11-01","y":71240.15},{"x":"2013-12-01","y":72250.96},{"x":"2014-01-01","y":69636.72},{"x":"2014-02-01","y":63143.87},{"x":"2014-03-01","y":71976.48},{"x":"2014-04-01","y":68981.48},{"x":"2014-05-01","y":71741.86},{"x":"2014-06-01","y":71809.34},{"x":"2014-07-01","y":73575.59},{"x":"2014-08-01","y":70182.68},{"x":"2014-09-01","y":69734.79},{"x":"2014-10-01","y":72873.3},{"x":"2014-11-01","y":64099.61},{"x":"2014-12-01","y":56355.68},{"x":"2015-01-01","y":77413.37},{"x":"2015-02-01","y":69391.36},{"x":"2015-03-01","y":76279.35},{"x":"2015-04-01","y":74176.47},{"x":"2015-05-01","y":75578.25},{"x":"2015-06-01","y":67869.02},{"x":"2015-07-01","y":70503.73},{"x":"2015-08-01","y":55445.22},{"x":"2015-09-01","y":39077},{"x":"2015-10-01","y":75386.55},{"x":"2015-11-01","y":53431.54},{"x":"2015-12-01","y":68904.47},{"x":"2016-01-01","y":71779.74},{"x":"2016-02-01","y":61484.34},{"x":"2016-03-01","y":69828.03},{"x":"2016-04-01","y":70656.66},{"x":"2016-05-01","y":63814.28},{"x":"2016-06-01","y":55858.3},{"x":"2016-07-01","y":76502.35},{"x":"2016-08-01","y":74848.5},{"x":"2016-09-01","y":66791.9},{"x":"2016-10-01","y":71566.91},{"x":"2016-11-01","y":62817.3},{"x":"2016-12-01","y":50278.47},{"x":"2017-01-01","y":72410.14},{"x":"2017-02-01","y":64029.52},{"x":"2017-03-01","y":68988.23},{"x":"2017-04-01","y":66915.57},{"x":"2017-05-01","y":62879.07},{"x":"2017-06-01","y":59008.22},{"x":"2017-07-01","y":59492.45},{"x":"2017-08-01","y":74068.47},{"x":"2017-09-01","y":35208.22},{"x":"2017-10-01","y":67647.83},{"x":"2017-11-01","y":68339.75},{"x":"2017-12-01","y":104883.89},{"x":"2018-01-01","y":100708.92},{"x":"2018-02-01","y":70292.43},{"x":"2018-03-01","y":89316.32},{"x":"2018-04-01","y":82546.24},{"x":"2018-05-01","y":94104.51},{"x":"2018-06-01","y":106147.67},{"x":"2018-07-01","y":123093.35},{"x":"2018-08-01","y":122277.58},{"x":"2018-09-01","y":115686.12},{"x":"2018-10-01","y":120174.26},{"x":"2018-11-01","y":92430.64},{"x":"2018-12-01","y":122975.46},{"x":"2019-01-01","y":114596.86},{"x":"2019-02-01","y":108024.15},{"x":"2019-03-01","y":124667.26},{"x":"2019-04-01","y":121822.97},{"x":"2019-05-01","y":127149.04},{"x":"2019-06-01","y":125270.06},{"x":"2019-07-01","y":126724.78},{"x":"2019-08-01","y":128395.12},{"x":"2019-09-01","y":123400.99},{"x":"2019-10-01","y":124813.63},{"x":"2019-11-01","y":120674.53},{"x":"2019-12-01","y":122946.85},{"x":"2020-01-01","y":122559.34},{"x":"2020-02-01","y":113056.37},{"x":"2020-03-01","y":100942.44},{"x":"2020-04-01","y":118740.59},{"x":"2020-05-01","y":121798.66},{"x":"2020-06-01","y":120811.08},{"x":"2020-07-01","y":124467.48},{"x":"2020-08-01","y":119201.88},{"x":"2020-09-01","y":117637.71},{"x":"2020-10-01","y":118073.06},{"x":"2020-11-01","y":91597.76},{"x":"2020-12-01","y":115651.5},{"x":"2021-01-01","y":106893.43},{"x":"2021-02-01","y":97848.74},{"x":"2021-03-01","y":99650.65},{"x":"2021-04-01","y":103724.75},{"x":"2021-05-01","y":101933.79},{"x":"2021-06-01","y":98121.81},{"x":"2021-07-01","y":99059.87},{"x":"2021-08-01","y":104882.57},{"x":"2021-09-01","y":100110.55},{"x":"2021-10-01","y":99761.04},{"x":"2021-11-01","y":96785.75},{"x":"2021-12-01","y":80490.95},{"x":"2022-01-01","y":90913.05},{"x":"2022-02-01","y":86594.65},{"x":"2022-03-01","y":88352.37},{"x":"2022-04-01","y":84479.25},{"x":"2022-05-01","y":89045.15},{"x":"2022-06-01","y":88303.08},{"x":"2022-07-01","y":89874.3},{"x":"2022-08-01","y":88714.88},{"x":"2022-09-01","y":88701.26},{"x":"2022-10-01","y":90409.12},{"x":"2022-11-01","y":76930.45},{"x":"2022-12-01","y":85929.86}],"color":"rgba(46,120,210,0.2)"}]}