{"kpi":"gastos","t":"Gastos de Capital","st":"En Millones de Pesos","sd":"Este indicador <em>refleja la evolución mensual de la actividad económica</em> de 16 sectores productivos. Permite anticipar las tasas de variación del producto interno bruto (PIB) trimestral.","c":"<p>El gasto público es el total de gastos realizados por el sector público del Estado, en la adquisición de bienes y servicios. En una economía de mercado, el destino primordial del gasto público es la satisfacción de las necesidades colectivas, mientras que los gastos públicos destinados a satisfacer el consumo público solo se producen para remediar las deficiencias del mercado.</p>","fd":"datos.gob.ar","fdr":"https://datos.gob.ar/dataset/sspm-informe-mensual-ingresos-gastos-sector-publico-nacional-no-financiero-imig/archivo/sspm_452.3","fu":"MECON","fur":"https://www.argentina.gob.ar/economia/politicaeconomica/macroeconomica","frec":"Mensual","d":"El Estimador mensual de actividad económica (EMAE) refleja la evolución mensual de la actividad económica del conjunto de los sectores productivos a nivel nacional. Este indicador permite anticipar las tasas de variación del producto interno bruto (PIB) trimestral.","chart":{"dates":[{"x":"2016-01-01","y":1704.4},{"x":"2016-02-01","y":2312.4},{"x":"2016-03-01","y":2364.7},{"x":"2016-04-01","y":1842.7},{"x":"2016-05-01","y":3516.2},{"x":"2016-06-01","y":2969.5},{"x":"2016-07-01","y":2333.8},{"x":"2016-08-01","y":2958},{"x":"2016-09-01","y":2925.1},{"x":"2016-10-01","y":4020.8},{"x":"2016-11-01","y":2944.6},{"x":"2016-12-01","y":4913.7},{"x":"2017-01-01","y":2437},{"x":"2017-02-01","y":3821.5},{"x":"2017-03-01","y":4660.5},{"x":"2017-04-01","y":2765.3},{"x":"2017-05-01","y":4187.5},{"x":"2017-06-01","y":4477.8},{"x":"2017-07-01","y":4299.9},{"x":"2017-08-01","y":4084.8},{"x":"2017-09-01","y":5188.2},{"x":"2017-10-01","y":3116.4},{"x":"2017-11-01","y":2266.8},{"x":"2017-12-01","y":4926.1},{"x":"2018-01-01","y":2447.5},{"x":"2018-02-01","y":3935.6},{"x":"2018-03-01","y":3305.4},{"x":"2018-04-01","y":2865.9},{"x":"2018-05-01","y":4575.1},{"x":"2018-06-01","y":1605.6},{"x":"2018-07-01","y":3964.6},{"x":"2018-08-01","y":5893.9},{"x":"2018-09-01","y":3533.8},{"x":"2018-10-01","y":7856.3},{"x":"2018-11-01","y":5250.2},{"x":"2018-12-01","y":9899.9},{"x":"2019-01-01","y":7356},{"x":"2019-02-01","y":3486.9},{"x":"2019-03-01","y":6860.5},{"x":"2019-04-01","y":7097.2},{"x":"2019-05-01","y":9186},{"x":"2019-06-01","y":8507.7},{"x":"2019-07-01","y":10121.4},{"x":"2019-08-01","y":8575.3},{"x":"2019-09-01","y":9833.6},{"x":"2019-10-01","y":4954.7},{"x":"2019-11-01","y":9703.3},{"x":"2019-12-01","y":7727.6},{"x":"2020-01-01","y":2785},{"x":"2020-02-01","y":4290.6},{"x":"2020-03-01","y":7083.4},{"x":"2020-04-01","y":7324.5},{"x":"2020-05-01","y":7410.7},{"x":"2020-06-01","y":5949.8},{"x":"2020-07-01","y":6766.9},{"x":"2020-08-01","y":5857.7},{"x":"2020-09-01","y":6937.4},{"x":"2020-10-01","y":7952.3},{"x":"2020-11-01","y":6116},{"x":"2020-12-01","y":18833.4},{"x":"2021-01-01","y":5900.3},{"x":"2021-02-01","y":8932.3},{"x":"2021-03-01","y":8143.9},{"x":"2021-04-01","y":14401.1},{"x":"2021-05-01","y":13753},{"x":"2021-06-01","y":14760},{"x":"2021-07-01","y":17574.7},{"x":"2021-08-01","y":14628.2},{"x":"2021-09-01","y":18780.4},{"x":"2021-10-01","y":11984.4},{"x":"2021-11-01","y":31096.8},{"x":"2021-12-01","y":35320.4},{"x":"2022-01-01","y":12197.4},{"x":"2022-02-01","y":17722.3},{"x":"2022-03-01","y":18823.9},{"x":"2022-04-01","y":23420.9},{"x":"2022-05-01","y":19020.9},{"x":"2022-06-01","y":19068.1},{"x":"2022-07-01","y":17019.1},{"x":"2022-08-01","y":20883.4},{"x":"2022-09-01","y":43047.6},{"x":"2022-10-01","y":17178.1},{"x":"2022-11-01","y":43910.4},{"x":"2022-12-01","y":48866.7}],"dimensions":[{"label":"Transporte","data":[{"x":"2016-01-01","y":1704.4},{"x":"2016-02-01","y":2312.4},{"x":"2016-03-01","y":2364.7},{"x":"2016-04-01","y":1842.7},{"x":"2016-05-01","y":3516.2},{"x":"2016-06-01","y":2969.5},{"x":"2016-07-01","y":2333.8},{"x":"2016-08-01","y":2958},{"x":"2016-09-01","y":2925.1},{"x":"2016-10-01","y":4020.8},{"x":"2016-11-01","y":2944.6},{"x":"2016-12-01","y":4913.7},{"x":"2017-01-01","y":2437},{"x":"2017-02-01","y":3821.5},{"x":"2017-03-01","y":4660.5},{"x":"2017-04-01","y":2765.3},{"x":"2017-05-01","y":4187.5},{"x":"2017-06-01","y":4477.8},{"x":"2017-07-01","y":4299.9},{"x":"2017-08-01","y":4084.8},{"x":"2017-09-01","y":5188.2},{"x":"2017-10-01","y":3116.4},{"x":"2017-11-01","y":2266.8},{"x":"2017-12-01","y":4926.1},{"x":"2018-01-01","y":2447.5},{"x":"2018-02-01","y":3935.6},{"x":"2018-03-01","y":3305.4},{"x":"2018-04-01","y":2865.9},{"x":"2018-05-01","y":4575.1},{"x":"2018-06-01","y":1605.6},{"x":"2018-07-01","y":3964.6},{"x":"2018-08-01","y":5893.9},{"x":"2018-09-01","y":3533.8},{"x":"2018-10-01","y":7856.3},{"x":"2018-11-01","y":5250.2},{"x":"2018-12-01","y":9899.9},{"x":"2019-01-01","y":7356},{"x":"2019-02-01","y":3486.9},{"x":"2019-03-01","y":6860.5},{"x":"2019-04-01","y":7097.2},{"x":"2019-05-01","y":9186},{"x":"2019-06-01","y":8507.7},{"x":"2019-07-01","y":10121.4},{"x":"2019-08-01","y":8575.3},{"x":"2019-09-01","y":9833.6},{"x":"2019-10-01","y":4954.7},{"x":"2019-11-01","y":9703.3},{"x":"2019-12-01","y":7727.6},{"x":"2020-01-01","y":2785},{"x":"2020-02-01","y":4290.6},{"x":"2020-03-01","y":7083.4},{"x":"2020-04-01","y":7324.5},{"x":"2020-05-01","y":7410.7},{"x":"2020-06-01","y":5949.8},{"x":"2020-07-01","y":6766.9},{"x":"2020-08-01","y":5857.7},{"x":"2020-09-01","y":6937.4},{"x":"2020-10-01","y":7952.3},{"x":"2020-11-01","y":6116},{"x":"2020-12-01","y":18833.4},{"x":"2021-01-01","y":5900.3},{"x":"2021-02-01","y":8932.3},{"x":"2021-03-01","y":8143.9},{"x":"2021-04-01","y":14401.1},{"x":"2021-05-01","y":13753},{"x":"2021-06-01","y":14760},{"x":"2021-07-01","y":17574.7},{"x":"2021-08-01","y":14628.2},{"x":"2021-09-01","y":18780.4},{"x":"2021-10-01","y":11984.4},{"x":"2021-11-01","y":31096.8},{"x":"2021-12-01","y":35320.4},{"x":"2022-01-01","y":12197.4},{"x":"2022-02-01","y":17722.3},{"x":"2022-03-01","y":18823.9},{"x":"2022-04-01","y":23420.9},{"x":"2022-05-01","y":19020.9},{"x":"2022-06-01","y":19068.1},{"x":"2022-07-01","y":17019.1},{"x":"2022-08-01","y":20883.4},{"x":"2022-09-01","y":43047.6},{"x":"2022-10-01","y":17178.1},{"x":"2022-11-01","y":43910.4},{"x":"2022-12-01","y":48866.7}],"color":"rgba(46,120,210,1)"},{"label":"Agua","data":[{"x":"2016-01-01","y":707.8},{"x":"2016-02-01","y":633.5},{"x":"2016-03-01","y":659.9},{"x":"2016-04-01","y":724.3},{"x":"2016-05-01","y":768.7},{"x":"2016-06-01","y":1250.1},{"x":"2016-07-01","y":863.3},{"x":"2016-08-01","y":798},{"x":"2016-09-01","y":1276},{"x":"2016-10-01","y":1105.6},{"x":"2016-11-01","y":1298.1},{"x":"2016-12-01","y":1343.4},{"x":"2017-01-01","y":972.6},{"x":"2017-02-01","y":1196.6},{"x":"2017-03-01","y":1572.3},{"x":"2017-04-01","y":994.5},{"x":"2017-05-01","y":1017.8},{"x":"2017-06-01","y":1236.1},{"x":"2017-07-01","y":1850.6},{"x":"2017-08-01","y":1377.8},{"x":"2017-09-01","y":1339.7},{"x":"2017-10-01","y":963.9},{"x":"2017-11-01","y":1021.1},{"x":"2017-12-01","y":940.4},{"x":"2018-01-01","y":135.4},{"x":"2018-02-01","y":2309.3},{"x":"2018-03-01","y":401.5},{"x":"2018-04-01","y":1333.3},{"x":"2018-05-01","y":1169.9},{"x":"2018-06-01","y":439.7},{"x":"2018-07-01","y":1083.9},{"x":"2018-08-01","y":917.9},{"x":"2018-09-01","y":1429.2},{"x":"2018-10-01","y":1521.5},{"x":"2018-11-01","y":996.9},{"x":"2018-12-01","y":864.6},{"x":"2019-01-01","y":848.1},{"x":"2019-02-01","y":1291.1},{"x":"2019-03-01","y":1624.2},{"x":"2019-04-01","y":1070.5},{"x":"2019-05-01","y":1400.4},{"x":"2019-06-01","y":950.9},{"x":"2019-07-01","y":1532.1},{"x":"2019-08-01","y":2954.6},{"x":"2019-09-01","y":1111.5},{"x":"2019-10-01","y":1444.8},{"x":"2019-11-01","y":1051.2},{"x":"2019-12-01","y":2177.6},{"x":"2020-01-01","y":114},{"x":"2020-02-01","y":2296.7},{"x":"2020-03-01","y":1379.4},{"x":"2020-04-01","y":7978.1},{"x":"2020-05-01","y":6144.3},{"x":"2020-06-01","y":1063.6},{"x":"2020-07-01","y":7484.9},{"x":"2020-08-01","y":372.8},{"x":"2020-09-01","y":9218.4},{"x":"2020-10-01","y":139.2},{"x":"2020-11-01","y":5559.3},{"x":"2020-12-01","y":5593.3},{"x":"2021-01-01","y":4154.9},{"x":"2021-02-01","y":6403.6},{"x":"2021-03-01","y":1891.3},{"x":"2021-04-01","y":3376.7},{"x":"2021-05-01","y":3314.5},{"x":"2021-06-01","y":2930.8},{"x":"2021-07-01","y":3425.3},{"x":"2021-08-01","y":5051.5},{"x":"2021-09-01","y":7677.2},{"x":"2021-10-01","y":4626.8},{"x":"2021-11-01","y":2159.2},{"x":"2021-12-01","y":6553.3},{"x":"2022-01-01","y":5178.3},{"x":"2022-02-01","y":2449.8},{"x":"2022-03-01","y":8382.8},{"x":"2022-04-01","y":8656.2},{"x":"2022-05-01","y":10616},{"x":"2022-06-01","y":2046.7},{"x":"2022-07-01","y":6381.1},{"x":"2022-08-01","y":3955.8},{"x":"2022-09-01","y":6836.1},{"x":"2022-10-01","y":17338.9},{"x":"2022-11-01","y":10118.1},{"x":"2022-12-01","y":24131.6}],"color":"rgba(46,120,210,0.25)"},{"label":"Vivienda","data":[{"x":"2016-01-01","y":12.2},{"x":"2016-02-01","y":4},{"x":"2016-03-01","y":3},{"x":"2016-04-01","y":12.9},{"x":"2016-05-01","y":1042.3},{"x":"2016-06-01","y":2001.6},{"x":"2016-07-01","y":77.4},{"x":"2016-08-01","y":496.6},{"x":"2016-09-01","y":4.3},{"x":"2016-10-01","y":6578.4},{"x":"2016-11-01","y":0.7},{"x":"2016-12-01","y":2.8},{"x":"2017-01-01","y":9.9},{"x":"2017-02-01","y":831.9},{"x":"2017-03-01","y":1091.1},{"x":"2017-04-01","y":1792.4},{"x":"2017-05-01","y":908.9},{"x":"2017-06-01","y":0.5},{"x":"2017-07-01","y":882.3},{"x":"2017-08-01","y":1504.6},{"x":"2017-09-01","y":1030.1},{"x":"2017-10-01","y":1207},{"x":"2017-11-01","y":0.4},{"x":"2017-12-01","y":4},{"x":"2018-01-01","y":8.8},{"x":"2018-02-01","y":5.7},{"x":"2018-03-01","y":10.1},{"x":"2018-04-01","y":0},{"x":"2018-05-01","y":50},{"x":"2018-06-01","y":0},{"x":"2018-07-01","y":0.1},{"x":"2018-08-01","y":63.8},{"x":"2018-09-01","y":2.2},{"x":"2018-10-01","y":523.2},{"x":"2018-11-01","y":269.3},{"x":"2018-12-01","y":0.9},{"x":"2019-01-01","y":111.9},{"x":"2019-02-01","y":0},{"x":"2019-03-01","y":683.4},{"x":"2019-04-01","y":748.7},{"x":"2019-05-01","y":1000},{"x":"2019-06-01","y":524.4},{"x":"2019-07-01","y":419.1},{"x":"2019-08-01","y":257.9},{"x":"2019-09-01","y":959.7},{"x":"2019-10-01","y":762.7},{"x":"2019-11-01","y":886.3},{"x":"2019-12-01","y":281.4},{"x":"2020-01-01","y":206},{"x":"2020-02-01","y":205.7},{"x":"2020-03-01","y":253},{"x":"2020-04-01","y":197.7},{"x":"2020-05-01","y":174.5},{"x":"2020-06-01","y":138.5},{"x":"2020-07-01","y":148},{"x":"2020-08-01","y":142.3},{"x":"2020-09-01","y":135.2},{"x":"2020-10-01","y":133.1},{"x":"2020-11-01","y":250},{"x":"2020-12-01","y":227.2},{"x":"2021-01-01","y":310.4},{"x":"2021-02-01","y":174.6},{"x":"2021-03-01","y":288.6},{"x":"2021-04-01","y":250},{"x":"2021-05-01","y":341.3},{"x":"2021-06-01","y":264.5},{"x":"2021-07-01","y":472.8},{"x":"2021-08-01","y":526.6},{"x":"2021-09-01","y":1097.5},{"x":"2021-10-01","y":1074.7},{"x":"2021-11-01","y":707.3},{"x":"2021-12-01","y":3176.6},{"x":"2022-01-01","y":873.8},{"x":"2022-02-01","y":1659.6},{"x":"2022-03-01","y":1388.6},{"x":"2022-04-01","y":10182.9},{"x":"2022-05-01","y":15416.8},{"x":"2022-06-01","y":9948.1},{"x":"2022-07-01","y":22252},{"x":"2022-08-01","y":12794},{"x":"2022-09-01","y":23173.7},{"x":"2022-10-01","y":17788},{"x":"2022-11-01","y":17301.3},{"x":"2022-12-01","y":3778.4}],"color":"rgba(46,120,210,0.25)"},{"label":"Energia","data":[{"x":"2016-01-01","y":7749.8},{"x":"2016-02-01","y":1573.9},{"x":"2016-03-01","y":1661.9},{"x":"2016-04-01","y":1593.9},{"x":"2016-05-01","y":1911.6},{"x":"2016-06-01","y":1559.6},{"x":"2016-07-01","y":1096.4},{"x":"2016-08-01","y":2883.1},{"x":"2016-09-01","y":1547.2},{"x":"2016-10-01","y":2914.5},{"x":"2016-11-01","y":1151.7},{"x":"2016-12-01","y":3293.2},{"x":"2017-01-01","y":1361.3},{"x":"2017-02-01","y":1077.8},{"x":"2017-03-01","y":1681},{"x":"2017-04-01","y":2141.4},{"x":"2017-05-01","y":1572.8},{"x":"2017-06-01","y":1705.5},{"x":"2017-07-01","y":1560.9},{"x":"2017-08-01","y":2102.2},{"x":"2017-09-01","y":1599.5},{"x":"2017-10-01","y":2185.5},{"x":"2017-11-01","y":1735.2},{"x":"2017-12-01","y":1813.2},{"x":"2018-01-01","y":1051.2},{"x":"2018-02-01","y":1338.9},{"x":"2018-03-01","y":1496.9},{"x":"2018-04-01","y":1076},{"x":"2018-05-01","y":1040.6},{"x":"2018-06-01","y":2622.8},{"x":"2018-07-01","y":1616.3},{"x":"2018-08-01","y":1842.2},{"x":"2018-09-01","y":1927.1},{"x":"2018-10-01","y":3357.1},{"x":"2018-11-01","y":1797.1},{"x":"2018-12-01","y":1391.8},{"x":"2019-01-01","y":1629.6},{"x":"2019-02-01","y":1903.3},{"x":"2019-03-01","y":1241.2},{"x":"2019-04-01","y":1572},{"x":"2019-05-01","y":722.7},{"x":"2019-06-01","y":2556.7},{"x":"2019-07-01","y":692.5},{"x":"2019-08-01","y":1761.7},{"x":"2019-09-01","y":775.8},{"x":"2019-10-01","y":1690.1},{"x":"2019-11-01","y":1465.2},{"x":"2019-12-01","y":897.8},{"x":"2020-01-01","y":830},{"x":"2020-02-01","y":639.5},{"x":"2020-03-01","y":1152.1},{"x":"2020-04-01","y":91.1},{"x":"2020-05-01","y":1324},{"x":"2020-06-01","y":603.5},{"x":"2020-07-01","y":4389.3},{"x":"2020-08-01","y":1470.9},{"x":"2020-09-01","y":1927.9},{"x":"2020-10-01","y":1299.5},{"x":"2020-11-01","y":2404.9},{"x":"2020-12-01","y":2343.7},{"x":"2021-01-01","y":6152},{"x":"2021-02-01","y":3969.1},{"x":"2021-03-01","y":5318},{"x":"2021-04-01","y":2738},{"x":"2021-05-01","y":5153.3},{"x":"2021-06-01","y":3418.8},{"x":"2021-07-01","y":2068.8},{"x":"2021-08-01","y":1325.7},{"x":"2021-09-01","y":1595.4},{"x":"2021-10-01","y":1424.5},{"x":"2021-11-01","y":1459.8},{"x":"2021-12-01","y":3740.6},{"x":"2022-01-01","y":779},{"x":"2022-02-01","y":1149.1},{"x":"2022-03-01","y":1482.2},{"x":"2022-04-01","y":1836.8},{"x":"2022-05-01","y":5176.5},{"x":"2022-06-01","y":37163.1},{"x":"2022-07-01","y":3081.6},{"x":"2022-08-01","y":82854.5},{"x":"2022-09-01","y":14614.5},{"x":"2022-10-01","y":6468.6},{"x":"2022-11-01","y":8601.9},{"x":"2022-12-01","y":2208.1}],"color":"rgba(46,120,210,0.25)"},{"label":"Educacion","data":[{"x":"2016-01-01","y":0},{"x":"2016-02-01","y":13.8},{"x":"2016-03-01","y":8.9},{"x":"2016-04-01","y":11.5},{"x":"2016-05-01","y":58.2},{"x":"2016-06-01","y":33.1},{"x":"2016-07-01","y":401.5},{"x":"2016-08-01","y":45.8},{"x":"2016-09-01","y":37.7},{"x":"2016-10-01","y":280.1},{"x":"2016-11-01","y":300.7},{"x":"2016-12-01","y":723},{"x":"2017-01-01","y":503.7},{"x":"2017-02-01","y":585.7},{"x":"2017-03-01","y":301.6},{"x":"2017-04-01","y":356.5},{"x":"2017-05-01","y":176.2},{"x":"2017-06-01","y":461.9},{"x":"2017-07-01","y":434},{"x":"2017-08-01","y":376.1},{"x":"2017-09-01","y":360},{"x":"2017-10-01","y":232.8},{"x":"2017-11-01","y":216.2},{"x":"2017-12-01","y":463},{"x":"2018-01-01","y":419.5},{"x":"2018-02-01","y":527.5},{"x":"2018-03-01","y":604.6},{"x":"2018-04-01","y":557.1},{"x":"2018-05-01","y":494},{"x":"2018-06-01","y":525.6},{"x":"2018-07-01","y":531.5},{"x":"2018-08-01","y":306.1},{"x":"2018-09-01","y":980.1},{"x":"2018-10-01","y":803.7},{"x":"2018-11-01","y":1147.7},{"x":"2018-12-01","y":1844.3},{"x":"2019-01-01","y":134.6},{"x":"2019-02-01","y":199.4},{"x":"2019-03-01","y":269},{"x":"2019-04-01","y":840.3},{"x":"2019-05-01","y":278.9},{"x":"2019-06-01","y":233.7},{"x":"2019-07-01","y":717.3},{"x":"2019-08-01","y":371.2},{"x":"2019-09-01","y":550.4},{"x":"2019-10-01","y":281.8},{"x":"2019-11-01","y":169.8},{"x":"2019-12-01","y":187.6},{"x":"2020-01-01","y":120},{"x":"2020-02-01","y":116.4},{"x":"2020-03-01","y":87.2},{"x":"2020-04-01","y":172.1},{"x":"2020-05-01","y":109.3},{"x":"2020-06-01","y":310.3},{"x":"2020-07-01","y":301.8},{"x":"2020-08-01","y":319.8},{"x":"2020-09-01","y":307.1},{"x":"2020-10-01","y":890.5},{"x":"2020-11-01","y":109.1},{"x":"2020-12-01","y":249.3},{"x":"2021-01-01","y":223.9},{"x":"2021-02-01","y":117.9},{"x":"2021-03-01","y":44.4},{"x":"2021-04-01","y":4150.5},{"x":"2021-05-01","y":671.2},{"x":"2021-06-01","y":972.9},{"x":"2021-07-01","y":972.1},{"x":"2021-08-01","y":1057.5},{"x":"2021-09-01","y":2674.9},{"x":"2021-10-01","y":3551.8},{"x":"2021-11-01","y":5969.7},{"x":"2021-12-01","y":5228.1},{"x":"2022-01-01","y":2778.1},{"x":"2022-02-01","y":3357.6},{"x":"2022-03-01","y":4676.2},{"x":"2022-04-01","y":9892.1},{"x":"2022-05-01","y":3028.7},{"x":"2022-06-01","y":3124.2},{"x":"2022-07-01","y":3178.3},{"x":"2022-08-01","y":3279},{"x":"2022-09-01","y":6953.6},{"x":"2022-10-01","y":4009.5},{"x":"2022-11-01","y":2773.6},{"x":"2022-12-01","y":4119.8}],"color":"rgba(46,120,210,0.25)"}]}}