{"kpi":"ice","t":"ICE","st":"Índice de Condiciones Externas","sd":"Este indicador busca reflejar el contexto económico internacional que enfrenta el país, a partir de los niveles de liquidez mundial, los precios de las materias primas, la demanda externa y el ciclo económico de Brasil.","c":"<p>Índice mensual que busca reflejar el contexto económico internacional que enfrenta el país, a partir de los niveles de liquidez mundial (medido por la tasa de interés de la FED), los precios de las materias primas (medido por los términos de intercambio), la demanda externa (medido por el volumen del comercio global) y el ciclo económico de Brasil (medido por su producción industrial).</p><p>Las series fueron normalizadas en base al promedio histórico desde 1997 a la actualidad, dándole un valor igual a 5. Desde allí, una serie que indica un valor por encima de 5 (por encima de la media del período) refleja que la situación externa es más favorable, y viceversa. Se presentan dos indicadores, el ICE-estructural donde la base del análisis son los promedios históricos, y el ICE-coyuntural más de corto plazo (de 5 años) para una mejor captura de los cambios recientes.</p><p>El ICE (Índice de Condiciones Externas) es un indicador elaborado por el Banco Provincia de Buenos Aires, que tiene como objetivo medir la evolución de las condiciones externas para la economía argentina. El ICE busca proporcionar una señal temprana sobre los posibles impactos que pueden tener los cambios en las condiciones externas sobre la economía argentina, permitiendo a los analistas y responsables de políticas tomar decisiones informadas y oportunas para gestionar los riesgos y aprovechar las oportunidades que surjan.</p>","fd":"Scraped (XLS)","fdr":"https://estudioseconomicos.ec.gba.gov.ar/datos/nac/contnac-indice-de-condiciones-externas.xlsx","fu":"Banco Provincia","fur":"https://www.bancoprovincia.com.ar/estudios_economicos/informe_estudios_economicos","frec":"Mensual","fruc":"sum","d":"El Estimador mensual de actividad económica (EMAE) refleja la evolución mensual de la actividad económica del conjunto de los sectores productivos a nivel nacional. Este indicador permite anticipar las tasas de variación del producto interno bruto (PIB) trimestral.","max":10,"dimensions":[{"fillColor":"rgba(46,120,210,0)","label":"ICE Coyuntural","data":[{"x":"2001-12-01","y":2.19},{"x":"2002-01-01","y":3.76},{"x":"2002-02-01","y":4.49},{"x":"2002-03-01","y":2.92},{"x":"2002-04-01","y":5.5},{"x":"2002-05-01","y":3.24},{"x":"2002-06-01","y":5.99},{"x":"2002-07-01","y":6.72},{"x":"2002-08-01","y":6.91},{"x":"2002-09-01","y":8.36},{"x":"2002-10-01","y":8.72},{"x":"2002-11-01","y":8.62},{"x":"2002-12-01","y":8.67},{"x":"2003-01-01","y":7.57},{"x":"2003-02-01","y":7.51},{"x":"2003-03-01","y":6.85},{"x":"2003-04-01","y":5.58},{"x":"2003-05-01","y":5.99},{"x":"2003-06-01","y":5.99},{"x":"2003-07-01","y":6.2},{"x":"2003-08-01","y":6.05},{"x":"2003-09-01","y":7.56},{"x":"2003-10-01","y":7.18},{"x":"2003-11-01","y":7.02},{"x":"2003-12-01","y":8.26},{"x":"2004-01-01","y":7.82},{"x":"2004-02-01","y":7.98},{"x":"2004-03-01","y":9.44},{"x":"2004-04-01","y":8.98},{"x":"2004-05-01","y":9.21},{"x":"2004-06-01","y":9.89},{"x":"2004-07-01","y":9.01},{"x":"2004-08-01","y":8.78},{"x":"2004-09-01","y":7.79},{"x":"2004-10-01","y":7.15},{"x":"2004-11-01","y":7.66},{"x":"2004-12-01","y":7.57},{"x":"2005-01-01","y":6.21},{"x":"2005-02-01","y":5.68},{"x":"2005-03-01","y":5.38},{"x":"2005-04-01","y":6.15},{"x":"2005-05-01","y":5.86},{"x":"2005-06-01","y":6.39},{"x":"2005-07-01","y":5.25},{"x":"2005-08-01","y":6.98},{"x":"2005-09-01","y":6.43},{"x":"2005-10-01","y":6.32},{"x":"2005-11-01","y":6.07},{"x":"2005-12-01","y":6.61},{"x":"2006-01-01","y":6.4},{"x":"2006-02-01","y":7.31},{"x":"2006-03-01","y":7.22},{"x":"2006-04-01","y":4.94},{"x":"2006-05-01","y":6.58},{"x":"2006-06-01","y":6.03},{"x":"2006-07-01","y":6.59},{"x":"2006-08-01","y":6.28},{"x":"2006-09-01","y":6.12},{"x":"2006-10-01","y":6.3},{"x":"2006-11-01","y":6.81},{"x":"2006-12-01","y":5.72},{"x":"2007-01-01","y":6.85},{"x":"2007-02-01","y":6.31},{"x":"2007-03-01","y":5.9},{"x":"2007-04-01","y":5.22},{"x":"2007-05-01","y":5.21},{"x":"2007-06-01","y":5.7},{"x":"2007-07-01","y":5.97},{"x":"2007-08-01","y":5.49},{"x":"2007-09-01","y":4.7},{"x":"2007-10-01","y":7.2},{"x":"2007-11-01","y":6.03},{"x":"2007-12-01","y":5.74},{"x":"2008-01-01","y":7.57},{"x":"2008-02-01","y":7.23},{"x":"2008-03-01","y":4.47},{"x":"2008-04-01","y":6.81},{"x":"2008-05-01","y":4.8},{"x":"2008-06-01","y":5.06},{"x":"2008-07-01","y":6.12},{"x":"2008-08-01","y":4.37},{"x":"2008-09-01","y":6.33},{"x":"2008-10-01","y":3.85},{"x":"2008-11-01","y":3.35},{"x":"2008-12-01","y":2.67},{"x":"2009-01-01","y":3.1},{"x":"2009-02-01","y":3.21},{"x":"2009-03-01","y":3.25},{"x":"2009-04-01","y":2.96},{"x":"2009-05-01","y":3.22},{"x":"2009-06-01","y":3.86},{"x":"2009-07-01","y":3.6},{"x":"2009-08-01","y":3.9},{"x":"2009-09-01","y":4.12},{"x":"2009-10-01","y":5.13},{"x":"2009-11-01","y":7.09},{"x":"2009-12-01","y":9.04},{"x":"2010-01-01","y":9.61},{"x":"2010-02-01","y":9.71},{"x":"2010-03-01","y":9.41},{"x":"2010-04-01","y":8.87},{"x":"2010-05-01","y":8.01},{"x":"2010-06-01","y":7.98},{"x":"2010-07-01","y":7.66},{"x":"2010-08-01","y":8.04},{"x":"2010-09-01","y":7.63},{"x":"2010-10-01","y":7.71},{"x":"2010-11-01","y":8.1},{"x":"2010-12-01","y":7.52},{"x":"2011-01-01","y":7.68},{"x":"2011-02-01","y":8.06},{"x":"2011-03-01","y":7.08},{"x":"2011-04-01","y":6.85},{"x":"2011-05-01","y":7.02},{"x":"2011-06-01","y":6.1},{"x":"2011-07-01","y":6.4},{"x":"2011-08-01","y":7.13},{"x":"2011-09-01","y":6.78},{"x":"2011-10-01","y":6.58},{"x":"2011-11-01","y":6.4},{"x":"2011-12-01","y":6.61},{"x":"2012-01-01","y":6.18},{"x":"2012-02-01","y":6.22},{"x":"2012-03-01","y":6.41},{"x":"2012-04-01","y":5.43},{"x":"2012-05-01","y":5.22},{"x":"2012-06-01","y":5.37},{"x":"2012-07-01","y":6.39},{"x":"2012-08-01","y":6.96},{"x":"2012-09-01","y":6.94},{"x":"2012-10-01","y":7.55},{"x":"2012-11-01","y":7.12},{"x":"2012-12-01","y":6.58},{"x":"2013-01-01","y":7.57},{"x":"2013-02-01","y":5.82},{"x":"2013-03-01","y":5.74},{"x":"2013-04-01","y":6.42},{"x":"2013-05-01","y":5.2},{"x":"2013-06-01","y":4.96},{"x":"2013-07-01","y":5.89},{"x":"2013-08-01","y":4.63},{"x":"2013-09-01","y":6.47},{"x":"2013-10-01","y":5.52},{"x":"2013-11-01","y":5.66},{"x":"2013-12-01","y":4.14},{"x":"2014-01-01","y":4.92},{"x":"2014-02-01","y":6.12},{"x":"2014-03-01","y":3.75},{"x":"2014-04-01","y":3.96},{"x":"2014-05-01","y":4.68},{"x":"2014-06-01","y":3.63},{"x":"2014-07-01","y":3.21},{"x":"2014-08-01","y":3.03},{"x":"2014-09-01","y":4.06},{"x":"2014-10-01","y":2.53},{"x":"2014-11-01","y":1.97},{"x":"2014-12-01","y":2.86},{"x":"2015-01-01","y":3.6},{"x":"2015-02-01","y":2.02},{"x":"2015-03-01","y":2.03},{"x":"2015-04-01","y":1.08},{"x":"2015-05-01","y":0.61},{"x":"2015-06-01","y":1.83},{"x":"2015-07-01","y":0.82},{"x":"2015-08-01","y":1.09},{"x":"2015-09-01","y":2.06},{"x":"2015-10-01","y":1.85},{"x":"2015-11-01","y":1.79},{"x":"2015-12-01","y":1.19},{"x":"2016-01-01","y":0.84},{"x":"2016-02-01","y":1.77},{"x":"2016-03-01","y":1.74},{"x":"2016-04-01","y":2.74},{"x":"2016-05-01","y":3.48},{"x":"2016-06-01","y":4.63},{"x":"2016-07-01","y":3.4},{"x":"2016-08-01","y":5.66},{"x":"2016-09-01","y":5.72},{"x":"2016-10-01","y":4.3},{"x":"2016-11-01","y":6.82},{"x":"2016-12-01","y":5.87},{"x":"2017-01-01","y":7.22},{"x":"2017-02-01","y":5.23},{"x":"2017-03-01","y":6.35},{"x":"2017-04-01","y":4.71},{"x":"2017-05-01","y":5.82},{"x":"2017-06-01","y":5.44},{"x":"2017-07-01","y":5.6},{"x":"2017-08-01","y":5.77},{"x":"2017-09-01","y":6.54},{"x":"2017-10-01","y":8.07},{"x":"2017-11-01","y":8.52},{"x":"2017-12-01","y":7.83},{"x":"2018-01-01","y":8.8},{"x":"2018-02-01","y":6.28},{"x":"2018-03-01","y":5.99},{"x":"2018-04-01","y":9.03},{"x":"2018-05-01","y":7.36},{"x":"2018-06-01","y":7.1},{"x":"2018-07-01","y":7.66},{"x":"2018-08-01","y":4.83},{"x":"2018-09-01","y":4.17},{"x":"2018-10-01","y":5.17},{"x":"2018-11-01","y":2.53},{"x":"2018-12-01","y":2.07},{"x":"2019-01-01","y":3.35},{"x":"2019-02-01","y":3.31},{"x":"2019-03-01","y":3.11},{"x":"2019-04-01","y":3.49},{"x":"2019-05-01","y":4.43},{"x":"2019-06-01","y":2.36},{"x":"2019-07-01","y":3.13},{"x":"2019-08-01","y":4.04},{"x":"2019-09-01","y":4.11},{"x":"2019-10-01","y":6.02},{"x":"2019-11-01","y":3.46},{"x":"2019-12-01","y":5.07},{"x":"2020-01-01","y":5.5},{"x":"2020-02-01","y":3.34},{"x":"2020-03-01","y":2.55},{"x":"2020-04-01","y":0.17},{"x":"2020-05-01","y":0.04},{"x":"2020-06-01","y":2.71},{"x":"2020-07-01","y":3.41},{"x":"2020-08-01","y":3.92},{"x":"2020-09-01","y":5.27},{"x":"2020-10-01","y":6.37},{"x":"2020-11-01","y":7.94},{"x":"2020-12-01","y":8.63},{"x":"2021-01-01","y":8.66},{"x":"2021-02-01","y":8.35},{"x":"2021-03-01","y":10},{"x":"2021-04-01","y":10},{"x":"2021-05-01","y":10},{"x":"2021-06-01","y":9.8},{"x":"2021-07-01","y":8.45},{"x":"2021-08-01","y":7.16},{"x":"2021-09-01","y":7.29},{"x":"2021-10-01","y":7.01},{"x":"2021-11-01","y":6.89},{"x":"2021-12-01","y":7.55},{"x":"2022-01-01","y":7.04},{"x":"2022-02-01","y":7.41},{"x":"2022-03-01","y":6.92},{"x":"2022-04-01","y":7.11},{"x":"2022-05-01","y":6.51},{"x":"2022-06-01","y":5.32},{"x":"2022-07-01","y":3.6},{"x":"2022-08-01","y":5.64},{"x":"2022-09-01","y":7.25}],"color":"rgba(46,120,210,0.3)"},{"fillColor":"rgba(146,220,210,0)","label":"ICE Estructural","data":[{"x":"1997-01-01","y":5.42},{"x":"1997-02-01","y":4.95},{"x":"1997-03-01","y":5.17},{"x":"1997-04-01","y":5.25},{"x":"1997-05-01","y":4},{"x":"1997-06-01","y":5.45},{"x":"1997-07-01","y":3.37},{"x":"1997-08-01","y":3.58},{"x":"1997-09-01","y":4.52},{"x":"1997-10-01","y":3.96},{"x":"1997-11-01","y":3.21},{"x":"1997-12-01","y":2.62},{"x":"1998-01-01","y":2.2},{"x":"1998-02-01","y":2.78},{"x":"1998-03-01","y":3.63},{"x":"1998-04-01","y":2.39},{"x":"1998-05-01","y":3.53},{"x":"1998-06-01","y":3.42},{"x":"1998-07-01","y":3.66},{"x":"1998-08-01","y":3.39},{"x":"1998-09-01","y":2.64},{"x":"1998-10-01","y":2.31},{"x":"1998-11-01","y":3.8},{"x":"1998-12-01","y":3.7},{"x":"1999-01-01","y":4.06},{"x":"1999-02-01","y":3.78},{"x":"1999-03-01","y":4.09},{"x":"1999-04-01","y":4.26},{"x":"1999-05-01","y":4.27},{"x":"1999-06-01","y":3.9},{"x":"1999-07-01","y":3.62},{"x":"1999-08-01","y":4.88},{"x":"1999-09-01","y":4.79},{"x":"1999-10-01","y":5.36},{"x":"1999-11-01","y":5.39},{"x":"1999-12-01","y":5.94},{"x":"2000-01-01","y":5.03},{"x":"2000-02-01","y":6.4},{"x":"2000-03-01","y":4.99},{"x":"2000-04-01","y":4.77},{"x":"2000-05-01","y":5.4},{"x":"2000-06-01","y":5.7},{"x":"2000-07-01","y":5.6},{"x":"2000-08-01","y":5.86},{"x":"2000-09-01","y":5.15},{"x":"2000-10-01","y":5.81},{"x":"2000-11-01","y":5.42},{"x":"2000-12-01","y":5.8},{"x":"2001-01-01","y":6.71},{"x":"2001-02-01","y":4.34},{"x":"2001-03-01","y":5.43},{"x":"2001-04-01","y":4.45},{"x":"2001-05-01","y":3.59},{"x":"2001-06-01","y":2.72},{"x":"2001-07-01","y":2.79},{"x":"2001-08-01","y":2.37},{"x":"2001-09-01","y":1.94},{"x":"2001-10-01","y":1.54},{"x":"2001-11-01","y":1.75},{"x":"2001-12-01","y":0.68},{"x":"2002-01-01","y":1.38},{"x":"2002-02-01","y":1.89},{"x":"2002-03-01","y":1.46},{"x":"2002-04-01","y":3.34},{"x":"2002-05-01","y":2.11},{"x":"2002-06-01","y":3.14},{"x":"2002-07-01","y":3.76},{"x":"2002-08-01","y":3.71},{"x":"2002-09-01","y":4.97},{"x":"2002-10-01","y":5.48},{"x":"2002-11-01","y":5.39},{"x":"2002-12-01","y":5.55},{"x":"2003-01-01","y":5.18},{"x":"2003-02-01","y":5.09},{"x":"2003-03-01","y":4.21},{"x":"2003-04-01","y":3.18},{"x":"2003-05-01","y":3.69},{"x":"2003-06-01","y":3.32},{"x":"2003-07-01","y":3.5},{"x":"2003-08-01","y":3.27},{"x":"2003-09-01","y":4.67},{"x":"2003-10-01","y":4.7},{"x":"2003-11-01","y":4.48},{"x":"2003-12-01","y":5.99},{"x":"2004-01-01","y":5.28},{"x":"2004-02-01","y":5.65},{"x":"2004-03-01","y":6.9},{"x":"2004-04-01","y":6.52},{"x":"2004-05-01","y":6.79},{"x":"2004-06-01","y":7.51},{"x":"2004-07-01","y":6.8},{"x":"2004-08-01","y":6.92},{"x":"2004-09-01","y":5.94},{"x":"2004-10-01","y":5.3},{"x":"2004-11-01","y":5.97},{"x":"2004-12-01","y":5.85},{"x":"2005-01-01","y":5.17},{"x":"2005-02-01","y":4.47},{"x":"2005-03-01","y":4.17},{"x":"2005-04-01","y":5.02},{"x":"2005-05-01","y":4.89},{"x":"2005-06-01","y":4.9},{"x":"2005-07-01","y":4.09},{"x":"2005-08-01","y":5.16},{"x":"2005-09-01","y":4.7},{"x":"2005-10-01","y":4.68},{"x":"2005-11-01","y":4.64},{"x":"2005-12-01","y":5.07},{"x":"2006-01-01","y":5.11},{"x":"2006-02-01","y":5.69},{"x":"2006-03-01","y":5.75},{"x":"2006-04-01","y":4.32},{"x":"2006-05-01","y":5.3},{"x":"2006-06-01","y":4.87},{"x":"2006-07-01","y":5.28},{"x":"2006-08-01","y":5.15},{"x":"2006-09-01","y":4.88},{"x":"2006-10-01","y":5.09},{"x":"2006-11-01","y":5.26},{"x":"2006-12-01","y":4.64},{"x":"2007-01-01","y":5.28},{"x":"2007-02-01","y":5.1},{"x":"2007-03-01","y":4.98},{"x":"2007-04-01","y":4.94},{"x":"2007-05-01","y":4.89},{"x":"2007-06-01","y":5.12},{"x":"2007-07-01","y":5.29},{"x":"2007-08-01","y":5.17},{"x":"2007-09-01","y":4.86},{"x":"2007-10-01","y":6.29},{"x":"2007-11-01","y":6.02},{"x":"2007-12-01","y":6.16},{"x":"2008-01-01","y":7.47},{"x":"2008-02-01","y":7.46},{"x":"2008-03-01","y":5.92},{"x":"2008-04-01","y":6.75},{"x":"2008-05-01","y":5.36},{"x":"2008-06-01","y":5.33},{"x":"2008-07-01","y":6.05},{"x":"2008-08-01","y":5.07},{"x":"2008-09-01","y":5.82},{"x":"2008-10-01","y":4.24},{"x":"2008-11-01","y":2.43},{"x":"2008-12-01","y":1.68},{"x":"2009-01-01","y":1.92},{"x":"2009-02-01","y":1.99},{"x":"2009-03-01","y":2.03},{"x":"2009-04-01","y":1.9},{"x":"2009-05-01","y":2.04},{"x":"2009-06-01","y":2.53},{"x":"2009-07-01","y":2.29},{"x":"2009-08-01","y":2.7},{"x":"2009-09-01","y":2.98},{"x":"2009-10-01","y":3.76},{"x":"2009-11-01","y":5.52},{"x":"2009-12-01","y":7.93},{"x":"2010-01-01","y":9.01},{"x":"2010-02-01","y":8.77},{"x":"2010-03-01","y":8.56},{"x":"2010-04-01","y":8.32},{"x":"2010-05-01","y":7.84},{"x":"2010-06-01","y":8.01},{"x":"2010-07-01","y":7.9},{"x":"2010-08-01","y":8.04},{"x":"2010-09-01","y":7.52},{"x":"2010-10-01","y":7.41},{"x":"2010-11-01","y":8.22},{"x":"2010-12-01","y":7.36},{"x":"2011-01-01","y":7.81},{"x":"2011-02-01","y":8.23},{"x":"2011-03-01","y":6.94},{"x":"2011-04-01","y":6.49},{"x":"2011-05-01","y":6.67},{"x":"2011-06-01","y":5.81},{"x":"2011-07-01","y":6.05},{"x":"2011-08-01","y":6.79},{"x":"2011-09-01","y":6.5},{"x":"2011-10-01","y":6.37},{"x":"2011-11-01","y":6.07},{"x":"2011-12-01","y":6.14},{"x":"2012-01-01","y":5.75},{"x":"2012-02-01","y":5.65},{"x":"2012-03-01","y":6.09},{"x":"2012-04-01","y":5.25},{"x":"2012-05-01","y":5.31},{"x":"2012-06-01","y":5.4},{"x":"2012-07-01","y":6.08},{"x":"2012-08-01","y":6.63},{"x":"2012-09-01","y":6.61},{"x":"2012-10-01","y":7.34},{"x":"2012-11-01","y":6.79},{"x":"2012-12-01","y":6.22},{"x":"2013-01-01","y":7.82},{"x":"2013-02-01","y":6.07},{"x":"2013-03-01","y":6.02},{"x":"2013-04-01","y":7.4},{"x":"2013-05-01","y":5.97},{"x":"2013-06-01","y":5.9},{"x":"2013-07-01","y":6.51},{"x":"2013-08-01","y":5.66},{"x":"2013-09-01","y":6.81},{"x":"2013-10-01","y":6.28},{"x":"2013-11-01","y":6.43},{"x":"2013-12-01","y":5.35},{"x":"2014-01-01","y":5.75},{"x":"2014-02-01","y":6.97},{"x":"2014-03-01","y":5.42},{"x":"2014-04-01","y":5.24},{"x":"2014-05-01","y":5.78},{"x":"2014-06-01","y":5.21},{"x":"2014-07-01","y":5.33},{"x":"2014-08-01","y":5.12},{"x":"2014-09-01","y":6.01},{"x":"2014-10-01","y":5.2},{"x":"2014-11-01","y":4.69},{"x":"2014-12-01","y":5.41},{"x":"2015-01-01","y":5.57},{"x":"2015-02-01","y":4.52},{"x":"2015-03-01","y":4.97},{"x":"2015-04-01","y":4.28},{"x":"2015-05-01","y":3.68},{"x":"2015-06-01","y":4.77},{"x":"2015-07-01","y":3.89},{"x":"2015-08-01","y":4.25},{"x":"2015-09-01","y":4.48},{"x":"2015-10-01","y":4.4},{"x":"2015-11-01","y":4.39},{"x":"2015-12-01","y":4.14},{"x":"2016-01-01","y":4.11},{"x":"2016-02-01","y":4.47},{"x":"2016-03-01","y":4.5},{"x":"2016-04-01","y":4.91},{"x":"2016-05-01","y":5.01},{"x":"2016-06-01","y":5.6},{"x":"2016-07-01","y":5.24},{"x":"2016-08-01","y":5.9},{"x":"2016-09-01","y":6.09},{"x":"2016-10-01","y":5.5},{"x":"2016-11-01","y":6.27},{"x":"2016-12-01","y":5.99},{"x":"2017-01-01","y":6.76},{"x":"2017-02-01","y":5.94},{"x":"2017-03-01","y":6.66},{"x":"2017-04-01","y":5.38},{"x":"2017-05-01","y":6.52},{"x":"2017-06-01","y":6.03},{"x":"2017-07-01","y":6.3},{"x":"2017-08-01","y":6.32},{"x":"2017-09-01","y":6.58},{"x":"2017-10-01","y":7.17},{"x":"2017-11-01","y":7.25},{"x":"2017-12-01","y":7.02},{"x":"2018-01-01","y":7.28},{"x":"2018-02-01","y":6.3},{"x":"2018-03-01","y":6.14},{"x":"2018-04-01","y":7.64},{"x":"2018-05-01","y":5.96},{"x":"2018-06-01","y":6.6},{"x":"2018-07-01","y":6.83},{"x":"2018-08-01","y":5.94},{"x":"2018-09-01","y":5.45},{"x":"2018-10-01","y":5.94},{"x":"2018-11-01","y":5.08},{"x":"2018-12-01","y":4.48},{"x":"2019-01-01","y":5.12},{"x":"2019-02-01","y":5.36},{"x":"2019-03-01","y":4.76},{"x":"2019-04-01","y":5},{"x":"2019-05-01","y":6.16},{"x":"2019-06-01","y":4.33},{"x":"2019-07-01","y":4.85},{"x":"2019-08-01","y":5.1},{"x":"2019-09-01","y":5.35},{"x":"2019-10-01","y":5.71},{"x":"2019-11-01","y":4.98},{"x":"2019-12-01","y":5.48},{"x":"2020-01-01","y":5.12},{"x":"2020-02-01","y":4.82},{"x":"2020-03-01","y":3.88},{"x":"2020-04-01","y":2.91},{"x":"2020-05-01","y":2.8},{"x":"2020-06-01","y":3.47},{"x":"2020-07-01","y":4.16},{"x":"2020-08-01","y":4.37},{"x":"2020-09-01","y":5.61},{"x":"2020-10-01","y":5.48},{"x":"2020-11-01","y":6.34},{"x":"2020-12-01","y":7.06},{"x":"2021-01-01","y":7.56},{"x":"2021-02-01","y":7.31},{"x":"2021-03-01","y":9.08},{"x":"2021-04-01","y":9.82},{"x":"2021-05-01","y":9.79},{"x":"2021-06-01","y":9.6},{"x":"2021-07-01","y":7.89},{"x":"2021-08-01","y":7.22},{"x":"2021-09-01","y":6.66},{"x":"2021-10-01","y":6.52},{"x":"2021-11-01","y":6.67},{"x":"2021-12-01","y":7.15},{"x":"2022-01-01","y":6.64},{"x":"2022-02-01","y":7.09},{"x":"2022-03-01","y":6.58},{"x":"2022-04-01","y":6.8},{"x":"2022-05-01","y":7},{"x":"2022-06-01","y":6.37},{"x":"2022-07-01","y":5.79},{"x":"2022-08-01","y":6.81},{"x":"2022-09-01","y":7.27}],"color":"#2E78D2"}]}