{"kpi":"ilcif","t":"ILCIF","st":"Índice Líder","sd":"El ILCIF está construido para resumir y revelar los puntos de giro en el nivel de actividad económica representada por el Estimador Mensual de Actividad Económica (EMAE) en una forma más clara y convincente que cada uno de sus componentes porque suaviza las volatilidades propias de cada uno de ellos.","c":"<p>El ILCIF está construido para resumir y revelar los puntos de giro en el nivel de actividad económica representada por el Estimador Mensual de Actividad Económica (EMAE) en una forma más clara y convincente que cada uno de sus componentes porque suaviza las volatilidades propias de cada uno de ellos. Los diez componentes del ILCIF son:  El Índice General de la Bolsa de Comercio (IGBC), deflactado por un índice de precios del consumidor.  El Merval Argentina (M.AR), deflactado por un índice de precios del consumidor.  El agregado monetario M1 (total), deflactado por un índice de precios del consumidor.  El precio FOB oficial de las habas de soja (USD/ton.).  Las ventas de autos a concesionarios.  La recaudación del Impuesto al Valor Agregado (IVA), deflactado por un índice de precios del consumidor.  El despacho de cemento al mercado interno.  Nuestro Índice de Confianza del Consumidor (ICC).  Índice de Producción Industrial (IPI-FIEL) para minerales no metálicos.  Índice de Producción Industrial (IPI-FIEL) para siderurgia. Para abordar el problema de los retrasos en los datos disponibles, los indicadores que componen el ILCIF que no están disponibles en el momento de la publicación se estiman utilizando imputación estadística. Se utiliza un modelo autorregresivo para estimar cada componente.</p>","fd":"Scraped (XLS)","fdr":"https://www.utdt.edu/download.php?fname=_167726983915481000.xls","fu":"UTDT","fur":"https://www.utdt.edu/ver_contenido.php?id_contenido=2593&id_item_menu=4988","frec":"Mensual","fruc":"mean","d":"El IPC mide la variación de precios de los bienes y servicios representativos del gasto de consumo de los hogares residentes en la zona seleccionada en comparación con los precios vigentes en el año base.","max":10,"min":0,"dimensions":[{"label":"ILCIF","data":[{"x":"1993-01-01","y":68.51},{"x":"1993-02-01","y":69.34},{"x":"1993-03-01","y":70.06},{"x":"1993-04-01","y":70.63},{"x":"1993-05-01","y":69.29},{"x":"1993-06-01","y":71.51},{"x":"1993-07-01","y":73},{"x":"1993-08-01","y":74.29},{"x":"1993-09-01","y":74.44},{"x":"1993-10-01","y":75.71},{"x":"1993-11-01","y":75.84},{"x":"1993-12-01","y":77.89},{"x":"1994-01-01","y":79.88},{"x":"1994-02-01","y":82.23},{"x":"1994-03-01","y":80.32},{"x":"1994-04-01","y":80.31},{"x":"1994-05-01","y":80.87},{"x":"1994-06-01","y":80.09},{"x":"1994-07-01","y":79.84},{"x":"1994-08-01","y":80.03},{"x":"1994-09-01","y":80.6},{"x":"1994-10-01","y":79.56},{"x":"1994-11-01","y":78.69},{"x":"1994-12-01","y":78.36},{"x":"1995-01-01","y":76.8},{"x":"1995-02-01","y":74.77},{"x":"1995-03-01","y":74.93},{"x":"1995-04-01","y":73.76},{"x":"1995-05-01","y":73.94},{"x":"1995-06-01","y":74.42},{"x":"1995-07-01","y":76.19},{"x":"1995-08-01","y":74.65},{"x":"1995-09-01","y":74.76},{"x":"1995-10-01","y":73.82},{"x":"1995-11-01","y":75.56},{"x":"1995-12-01","y":76.12},{"x":"1996-01-01","y":77.33},{"x":"1996-02-01","y":78.3},{"x":"1996-03-01","y":79.39},{"x":"1996-04-01","y":80.27},{"x":"1996-05-01","y":80.85},{"x":"1996-06-01","y":81.64},{"x":"1996-07-01","y":81.24},{"x":"1996-08-01","y":81.5},{"x":"1996-09-01","y":81.95},{"x":"1996-10-01","y":82.95},{"x":"1996-11-01","y":85.22},{"x":"1996-12-01","y":85.5},{"x":"1997-01-01","y":86.09},{"x":"1997-02-01","y":88.86},{"x":"1997-03-01","y":89.28},{"x":"1997-04-01","y":90.79},{"x":"1997-05-01","y":91.2},{"x":"1997-06-01","y":90.34},{"x":"1997-07-01","y":92.57},{"x":"1997-08-01","y":93.76},{"x":"1997-09-01","y":94.07},{"x":"1997-10-01","y":93.25},{"x":"1997-11-01","y":92.32},{"x":"1997-12-01","y":91.97},{"x":"1998-01-01","y":92.29},{"x":"1998-02-01","y":93.89},{"x":"1998-03-01","y":90.38},{"x":"1998-04-01","y":89.67},{"x":"1998-05-01","y":88.04},{"x":"1998-06-01","y":88.34},{"x":"1998-07-01","y":87.11},{"x":"1998-08-01","y":84.44},{"x":"1998-09-01","y":83.17},{"x":"1998-10-01","y":83.99},{"x":"1998-11-01","y":85.64},{"x":"1998-12-01","y":82.68},{"x":"1999-01-01","y":80.83},{"x":"1999-02-01","y":80.24},{"x":"1999-03-01","y":80.16},{"x":"1999-04-01","y":82.1},{"x":"1999-05-01","y":82.87},{"x":"1999-06-01","y":82.46},{"x":"1999-07-01","y":79.94},{"x":"1999-08-01","y":82.61},{"x":"1999-09-01","y":83.16},{"x":"1999-10-01","y":84.68},{"x":"1999-11-01","y":84.72},{"x":"1999-12-01","y":83.82},{"x":"2000-01-01","y":83.49},{"x":"2000-02-01","y":81.99},{"x":"2000-03-01","y":83.88},{"x":"2000-04-01","y":81.24},{"x":"2000-05-01","y":80.76},{"x":"2000-06-01","y":80.74},{"x":"2000-07-01","y":81.21},{"x":"2000-08-01","y":82.23},{"x":"2000-09-01","y":83.19},{"x":"2000-10-01","y":81.59},{"x":"2000-11-01","y":79.3},{"x":"2000-12-01","y":80.45},{"x":"2001-01-01","y":81.76},{"x":"2001-02-01","y":79.05},{"x":"2001-03-01","y":76.28},{"x":"2001-04-01","y":76.48},{"x":"2001-05-01","y":75.56},{"x":"2001-06-01","y":74.75},{"x":"2001-07-01","y":73.01},{"x":"2001-08-01","y":71.01},{"x":"2001-09-01","y":68.62},{"x":"2001-10-01","y":66},{"x":"2001-11-01","y":65.44},{"x":"2001-12-01","y":65.81},{"x":"2002-01-01","y":66.3},{"x":"2002-02-01","y":70.02},{"x":"2002-03-01","y":70.96},{"x":"2002-04-01","y":67.86},{"x":"2002-05-01","y":67.52},{"x":"2002-06-01","y":67.12},{"x":"2002-07-01","y":67.98},{"x":"2002-08-01","y":69.14},{"x":"2002-09-01","y":69.95},{"x":"2002-10-01","y":70.79},{"x":"2002-11-01","y":72.68},{"x":"2002-12-01","y":73.17},{"x":"2003-01-01","y":73.83},{"x":"2003-02-01","y":74.82},{"x":"2003-03-01","y":75.08},{"x":"2003-04-01","y":77.29},{"x":"2003-05-01","y":79.26},{"x":"2003-06-01","y":82.26},{"x":"2003-07-01","y":84.68},{"x":"2003-08-01","y":84.98},{"x":"2003-09-01","y":88.81},{"x":"2003-10-01","y":93.95},{"x":"2003-11-01","y":94.31},{"x":"2003-12-01","y":94.73},{"x":"2004-01-01","y":97.74},{"x":"2004-02-01","y":97.73},{"x":"2004-03-01","y":102.16},{"x":"2004-04-01","y":98.07},{"x":"2004-05-01","y":99.17},{"x":"2004-06-01","y":99.34},{"x":"2004-07-01","y":99.52},{"x":"2004-08-01","y":99.23},{"x":"2004-09-01","y":101.38},{"x":"2004-10-01","y":101.44},{"x":"2004-11-01","y":101.32},{"x":"2004-12-01","y":102.9},{"x":"2005-01-01","y":102.55},{"x":"2005-02-01","y":102.54},{"x":"2005-03-01","y":104.76},{"x":"2005-04-01","y":105.93},{"x":"2005-05-01","y":107.24},{"x":"2005-06-01","y":104.56},{"x":"2005-07-01","y":108.24},{"x":"2005-08-01","y":109.84},{"x":"2005-09-01","y":109.51},{"x":"2005-10-01","y":109.2},{"x":"2005-11-01","y":108.9},{"x":"2005-12-01","y":109.88},{"x":"2006-01-01","y":111.8},{"x":"2006-02-01","y":111.97},{"x":"2006-03-01","y":112.44},{"x":"2006-04-01","y":113.76},{"x":"2006-05-01","y":112.57},{"x":"2006-06-01","y":113.88},{"x":"2006-07-01","y":114.32},{"x":"2006-08-01","y":114.94},{"x":"2006-09-01","y":115.68},{"x":"2006-10-01","y":117.42},{"x":"2006-11-01","y":119.31},{"x":"2006-12-01","y":118.89},{"x":"2007-01-01","y":118.36},{"x":"2007-02-01","y":122.46},{"x":"2007-03-01","y":121.85},{"x":"2007-04-01","y":120.92},{"x":"2007-05-01","y":123.2},{"x":"2007-06-01","y":122.2},{"x":"2007-07-01","y":121.07},{"x":"2007-08-01","y":122.53},{"x":"2007-09-01","y":123.56},{"x":"2007-10-01","y":127.15},{"x":"2007-11-01","y":129.89},{"x":"2007-12-01","y":131.25},{"x":"2008-01-01","y":131.07},{"x":"2008-02-01","y":128.21},{"x":"2008-03-01","y":130.32},{"x":"2008-04-01","y":132.01},{"x":"2008-05-01","y":127.62},{"x":"2008-06-01","y":125.21},{"x":"2008-07-01","y":128.24},{"x":"2008-08-01","y":125.11},{"x":"2008-09-01","y":124.56},{"x":"2008-10-01","y":113.02},{"x":"2008-11-01","y":109.91},{"x":"2008-12-01","y":105.48},{"x":"2009-01-01","y":108.34},{"x":"2009-02-01","y":106.91},{"x":"2009-03-01","y":106.21},{"x":"2009-04-01","y":108.02},{"x":"2009-05-01","y":110.73},{"x":"2009-06-01","y":112.75},{"x":"2009-07-01","y":113.75},{"x":"2009-08-01","y":114.84},{"x":"2009-09-01","y":116.7},{"x":"2009-10-01","y":118.13},{"x":"2009-11-01","y":117.54},{"x":"2009-12-01","y":119.78},{"x":"2010-01-01","y":120.19},{"x":"2010-02-01","y":122.25},{"x":"2010-03-01","y":124.03},{"x":"2010-04-01","y":124.97},{"x":"2010-05-01","y":123.88},{"x":"2010-06-01","y":125.41},{"x":"2010-07-01","y":126.83},{"x":"2010-08-01","y":129.66},{"x":"2010-09-01","y":133.04},{"x":"2010-10-01","y":136.02},{"x":"2010-11-01","y":142.43},{"x":"2010-12-01","y":144.37},{"x":"2011-01-01","y":144.93},{"x":"2011-02-01","y":146.44},{"x":"2011-03-01","y":146.04},{"x":"2011-04-01","y":145.14},{"x":"2011-05-01","y":147.23},{"x":"2011-06-01","y":144.56},{"x":"2011-07-01","y":145.04},{"x":"2011-08-01","y":143.47},{"x":"2011-09-01","y":141.55},{"x":"2011-10-01","y":140.48},{"x":"2011-11-01","y":138.29},{"x":"2011-12-01","y":136.04},{"x":"2012-01-01","y":136.07},{"x":"2012-02-01","y":133.52},{"x":"2012-03-01","y":137.44},{"x":"2012-04-01","y":131.24},{"x":"2012-05-01","y":132.81},{"x":"2012-06-01","y":133.57},{"x":"2012-07-01","y":133.52},{"x":"2012-08-01","y":131.2},{"x":"2012-09-01","y":132.13},{"x":"2012-10-01","y":131.26},{"x":"2012-11-01","y":131.73},{"x":"2012-12-01","y":134.36},{"x":"2013-01-01","y":136.27},{"x":"2013-02-01","y":139.23},{"x":"2013-03-01","y":140.14},{"x":"2013-04-01","y":140.64},{"x":"2013-05-01","y":141.56},{"x":"2013-06-01","y":138.22},{"x":"2013-07-01","y":140.39},{"x":"2013-08-01","y":143.56},{"x":"2013-09-01","y":144.09},{"x":"2013-10-01","y":146.34},{"x":"2013-11-01","y":145.6},{"x":"2013-12-01","y":143.75},{"x":"2014-01-01","y":141.03},{"x":"2014-02-01","y":138.16},{"x":"2014-03-01","y":136.95},{"x":"2014-04-01","y":138.69},{"x":"2014-05-01","y":138.1},{"x":"2014-06-01","y":139.57},{"x":"2014-07-01","y":139.48},{"x":"2014-08-01","y":140.59},{"x":"2014-09-01","y":141.9},{"x":"2014-10-01","y":138.95},{"x":"2014-11-01","y":139.6},{"x":"2014-12-01","y":138.99},{"x":"2015-01-01","y":137.34},{"x":"2015-02-01","y":143.28},{"x":"2015-03-01","y":144.39},{"x":"2015-04-01","y":142.38},{"x":"2015-05-01","y":138.12},{"x":"2015-06-01","y":141.53},{"x":"2015-07-01","y":141.96},{"x":"2015-08-01","y":140.35},{"x":"2015-09-01","y":137.71},{"x":"2015-10-01","y":142.31},{"x":"2015-11-01","y":142.01},{"x":"2015-12-01","y":136.16},{"x":"2016-01-01","y":135.72},{"x":"2016-02-01","y":132.31},{"x":"2016-03-01","y":131.22},{"x":"2016-04-01","y":129.57},{"x":"2016-05-01","y":130.26},{"x":"2016-06-01","y":131.8},{"x":"2016-07-01","y":130.9},{"x":"2016-08-01","y":130.56},{"x":"2016-09-01","y":131.22},{"x":"2016-10-01","y":130},{"x":"2016-11-01","y":132.66},{"x":"2016-12-01","y":135.52},{"x":"2017-01-01","y":135.38},{"x":"2017-02-01","y":135.03},{"x":"2017-03-01","y":136.71},{"x":"2017-04-01","y":137.86},{"x":"2017-05-01","y":138.76},{"x":"2017-06-01","y":138.69},{"x":"2017-07-01","y":139.52},{"x":"2017-08-01","y":140.75},{"x":"2017-09-01","y":142.76},{"x":"2017-10-01","y":145.82},{"x":"2017-11-01","y":146.87},{"x":"2017-12-01","y":144.94},{"x":"2018-01-01","y":146.73},{"x":"2018-02-01","y":149.15},{"x":"2018-03-01","y":147.43},{"x":"2018-04-01","y":147.28},{"x":"2018-05-01","y":141.22},{"x":"2018-06-01","y":137.43},{"x":"2018-07-01","y":134.01},{"x":"2018-08-01","y":135.51},{"x":"2018-09-01","y":131.19},{"x":"2018-10-01","y":125.67},{"x":"2018-11-01","y":123.77},{"x":"2018-12-01","y":123.42},{"x":"2019-01-01","y":120.93},{"x":"2019-02-01","y":124.21},{"x":"2019-03-01","y":119.87},{"x":"2019-04-01","y":118.58},{"x":"2019-05-01","y":119.44},{"x":"2019-06-01","y":124.26},{"x":"2019-07-01","y":124.53},{"x":"2019-08-01","y":117.65},{"x":"2019-09-01","y":114.88},{"x":"2019-10-01","y":115.51},{"x":"2019-11-01","y":112.74},{"x":"2019-12-01","y":113.28},{"x":"2020-01-01","y":115.75},{"x":"2020-02-01","y":111.6},{"x":"2020-03-01","y":100.4},{"x":"2020-04-01","y":91.71},{"x":"2020-05-01","y":105.04},{"x":"2020-06-01","y":113.9},{"x":"2020-07-01","y":117.76},{"x":"2020-08-01","y":119.93},{"x":"2020-09-01","y":121.66},{"x":"2020-10-01","y":125.06},{"x":"2020-11-01","y":130.23},{"x":"2020-12-01","y":127.2},{"x":"2021-01-01","y":128.26},{"x":"2021-02-01","y":127.3},{"x":"2021-03-01","y":128.04},{"x":"2021-04-01","y":128.12},{"x":"2021-05-01","y":127.61},{"x":"2021-06-01","y":127.32},{"x":"2021-07-01","y":127.84},{"x":"2021-08-01","y":128.63},{"x":"2021-09-01","y":130.47},{"x":"2021-10-01","y":130.73},{"x":"2021-11-01","y":132.3},{"x":"2021-12-01","y":131.9},{"x":"2022-01-01","y":132.11},{"x":"2022-02-01","y":135.22},{"x":"2022-03-01","y":135.61},{"x":"2022-04-01","y":134.78},{"x":"2022-05-01","y":134.68},{"x":"2022-06-01","y":135.02},{"x":"2022-07-01","y":132.77},{"x":"2022-08-01","y":131.3},{"x":"2022-09-01","y":131.38},{"x":"2022-10-01","y":129.99},{"x":"2022-11-01","y":130.82},{"x":"2022-12-01","y":132.18},{"x":"2023-01-01","y":135.85}],"color":"#2E78D2"}]}