{"kpi":"ima","t":"IMA","st":"Índice Mensual de Actividad","sd":"El IMA está construido para resumir y revelar los puntos de giro en el nivel de actividad económica representada por el Estimador Mensual de Actividad Económica (EMAE) en una forma más clara y convincente que cada uno de sus componentes porque suaviza las volatilidades propias de cada uno de ellos.","c":"<p>Un Índice Mensual de Actividad (IMA) es una medida estadística que se utiliza para medir la evolución mensual de la actividad económica en un sector determinado. Por lo general, se construye mediante la combinación de varias variables económicas relevantes que reflejan el desempeño de un sector, como la producción, las ventas, los precios, el empleo, entre otros.El objetivo del IMA es proporcionar una visión general de la situación económica en un sector determinado en un período determinado. Además, puede ayudar a los tomadores de decisiones a identificar las tendencias económicas a corto plazo y a formular políticas públicas o empresariales más efectivas para el sector.</p>","fd":"Scraped (XLS)","fdr":"https://www.utdt.edu/download.php?fname=_167726983915481000.xls","fu":"UTDT","fur":"https://itegaweb.org/indicadores/","frec":"Mensual","fruc":"mean","d":"El IPC mide la variación de precios de los bienes y servicios representativos del gasto de consumo de los hogares residentes en la zona seleccionada en comparación con los precios vigentes en el año base.","max":10,"min":0,"dimensions":[{"label":"Desestacionalizado","data":[{"x":"1997-01-01","y":67.96},{"x":"1997-02-01","y":67.38},{"x":"1997-03-01","y":65.01},{"x":"1997-04-01","y":67.98},{"x":"1997-05-01","y":67.07},{"x":"1997-06-01","y":65.12},{"x":"1997-07-01","y":68.48},{"x":"1997-08-01","y":68.42},{"x":"1997-09-01","y":69.48},{"x":"1997-10-01","y":70.78},{"x":"1997-11-01","y":69.36},{"x":"1997-12-01","y":69.96},{"x":"1998-01-01","y":70.64},{"x":"1998-02-01","y":70.22},{"x":"1998-03-01","y":71.08},{"x":"1998-04-01","y":71.08},{"x":"1998-05-01","y":71.24},{"x":"1998-06-01","y":71.61},{"x":"1998-07-01","y":71.71},{"x":"1998-08-01","y":70.82},{"x":"1998-09-01","y":70.74},{"x":"1998-10-01","y":70.47},{"x":"1998-11-01","y":69.8},{"x":"1998-12-01","y":68.89},{"x":"1999-01-01","y":68.51},{"x":"1999-02-01","y":68.76},{"x":"1999-03-01","y":69.5},{"x":"1999-04-01","y":68.11},{"x":"1999-05-01","y":67.48},{"x":"1999-06-01","y":67.48},{"x":"1999-07-01","y":66.82},{"x":"1999-08-01","y":67.76},{"x":"1999-09-01","y":68.14},{"x":"1999-10-01","y":67.7},{"x":"1999-11-01","y":69.1},{"x":"1999-12-01","y":70.41},{"x":"2000-01-01","y":68.09},{"x":"2000-02-01","y":69.37},{"x":"2000-03-01","y":69.37},{"x":"2000-04-01","y":67.23},{"x":"2000-05-01","y":67.29},{"x":"2000-06-01","y":67.05},{"x":"2000-07-01","y":67.09},{"x":"2000-08-01","y":67.43},{"x":"2000-09-01","y":67.15},{"x":"2000-10-01","y":67.17},{"x":"2000-11-01","y":67.42},{"x":"2000-12-01","y":68.93},{"x":"2001-01-01","y":68.22},{"x":"2001-02-01","y":67.58},{"x":"2001-03-01","y":67.62},{"x":"2001-04-01","y":66.87},{"x":"2001-05-01","y":66.92},{"x":"2001-06-01","y":66.31},{"x":"2001-07-01","y":64.95},{"x":"2001-08-01","y":64.58},{"x":"2001-09-01","y":62.45},{"x":"2001-10-01","y":62.08},{"x":"2001-11-01","y":61.82},{"x":"2001-12-01","y":58.82},{"x":"2002-01-01","y":56.66},{"x":"2002-02-01","y":57.09},{"x":"2002-03-01","y":56.67},{"x":"2002-04-01","y":57.52},{"x":"2002-05-01","y":57.44},{"x":"2002-06-01","y":56.97},{"x":"2002-07-01","y":57.88},{"x":"2002-08-01","y":57.78},{"x":"2002-09-01","y":58.05},{"x":"2002-10-01","y":58.31},{"x":"2002-11-01","y":59.3},{"x":"2002-12-01","y":59.71},{"x":"2003-01-01","y":58.96},{"x":"2003-02-01","y":60.05},{"x":"2003-03-01","y":60.02},{"x":"2003-04-01","y":61.31},{"x":"2003-05-01","y":61.05},{"x":"2003-06-01","y":61.75},{"x":"2003-07-01","y":63.56},{"x":"2003-08-01","y":63.41},{"x":"2003-09-01","y":65.32},{"x":"2003-10-01","y":66.1},{"x":"2003-11-01","y":66.05},{"x":"2003-12-01","y":67.2},{"x":"2004-01-01","y":69.89},{"x":"2004-02-01","y":67.82},{"x":"2004-03-01","y":68.39},{"x":"2004-04-01","y":67.42},{"x":"2004-05-01","y":68.04},{"x":"2004-06-01","y":68.66},{"x":"2004-07-01","y":67.84},{"x":"2004-08-01","y":68.17},{"x":"2004-09-01","y":68.86},{"x":"2004-10-01","y":68.91},{"x":"2004-11-01","y":69.39},{"x":"2004-12-01","y":70.02},{"x":"2005-01-01","y":73.37},{"x":"2005-02-01","y":72.47},{"x":"2005-03-01","y":72.21},{"x":"2005-04-01","y":72.96},{"x":"2005-05-01","y":73.57},{"x":"2005-06-01","y":73.21},{"x":"2005-07-01","y":73.24},{"x":"2005-08-01","y":74.55},{"x":"2005-09-01","y":74.58},{"x":"2005-10-01","y":75.42},{"x":"2005-11-01","y":76.72},{"x":"2005-12-01","y":77.33},{"x":"2006-01-01","y":78.84},{"x":"2006-02-01","y":78.46},{"x":"2006-03-01","y":79.23},{"x":"2006-04-01","y":79.33},{"x":"2006-05-01","y":80.09},{"x":"2006-06-01","y":81.01},{"x":"2006-07-01","y":81.65},{"x":"2006-08-01","y":81.91},{"x":"2006-09-01","y":82.08},{"x":"2006-10-01","y":83},{"x":"2006-11-01","y":83.75},{"x":"2006-12-01","y":84.2},{"x":"2007-01-01","y":85.19},{"x":"2007-02-01","y":85.59},{"x":"2007-03-01","y":88.24},{"x":"2007-04-01","y":86.91},{"x":"2007-05-01","y":87.98},{"x":"2007-06-01","y":88.22},{"x":"2007-07-01","y":88.4},{"x":"2007-08-01","y":89.12},{"x":"2007-09-01","y":88.56},{"x":"2007-10-01","y":89.83},{"x":"2007-11-01","y":90.75},{"x":"2007-12-01","y":91.19},{"x":"2008-01-01","y":92.02},{"x":"2008-02-01","y":92.99},{"x":"2008-03-01","y":92.39},{"x":"2008-04-01","y":93.69},{"x":"2008-05-01","y":94.56},{"x":"2008-06-01","y":92.28},{"x":"2008-07-01","y":93.3},{"x":"2008-08-01","y":93.33},{"x":"2008-09-01","y":94.33},{"x":"2008-10-01","y":94.17},{"x":"2008-11-01","y":93.97},{"x":"2008-12-01","y":93.84},{"x":"2009-01-01","y":94.02},{"x":"2009-02-01","y":93.68},{"x":"2009-03-01","y":94.14},{"x":"2009-04-01","y":93.78},{"x":"2009-05-01","y":93.75},{"x":"2009-06-01","y":94.11},{"x":"2009-07-01","y":95.02},{"x":"2009-08-01","y":95.46},{"x":"2009-09-01","y":95.4},{"x":"2009-10-01","y":95.96},{"x":"2009-11-01","y":95.11},{"x":"2009-12-01","y":96.27},{"x":"2010-01-01","y":97.41},{"x":"2010-02-01","y":97.85},{"x":"2010-03-01","y":99.71},{"x":"2010-04-01","y":100.28},{"x":"2010-05-01","y":100.92},{"x":"2010-06-01","y":102.08},{"x":"2010-07-01","y":102.16},{"x":"2010-08-01","y":102.69},{"x":"2010-09-01","y":102.88},{"x":"2010-10-01","y":102.55},{"x":"2010-11-01","y":104.3},{"x":"2010-12-01","y":105.07},{"x":"2011-01-01","y":105.15},{"x":"2011-02-01","y":105.94},{"x":"2011-03-01","y":105.92},{"x":"2011-04-01","y":106.97},{"x":"2011-05-01","y":108.14},{"x":"2011-06-01","y":108.12},{"x":"2011-07-01","y":107.58},{"x":"2011-08-01","y":108.3},{"x":"2011-09-01","y":109.46},{"x":"2011-10-01","y":108.83},{"x":"2011-11-01","y":109.01},{"x":"2011-12-01","y":109.02},{"x":"2012-01-01","y":108.4},{"x":"2012-02-01","y":108.19},{"x":"2012-03-01","y":109.03},{"x":"2012-04-01","y":106.29},{"x":"2012-05-01","y":106.57},{"x":"2012-06-01","y":106.81},{"x":"2012-07-01","y":106.89},{"x":"2012-08-01","y":107.01},{"x":"2012-09-01","y":106.51},{"x":"2012-10-01","y":106.99},{"x":"2012-11-01","y":107.66},{"x":"2012-12-01","y":107.64},{"x":"2013-01-01","y":108.32},{"x":"2013-02-01","y":108.33},{"x":"2013-03-01","y":109.25},{"x":"2013-04-01","y":109.89},{"x":"2013-05-01","y":110.41},{"x":"2013-06-01","y":109.8},{"x":"2013-07-01","y":110.42},{"x":"2013-08-01","y":110.61},{"x":"2013-09-01","y":110.03},{"x":"2013-10-01","y":110.06},{"x":"2013-11-01","y":109.07},{"x":"2013-12-01","y":108.77},{"x":"2014-01-01","y":108.46},{"x":"2014-02-01","y":107.76},{"x":"2014-03-01","y":106.24},{"x":"2014-04-01","y":105.78},{"x":"2014-05-01","y":106.37},{"x":"2014-06-01","y":105.89},{"x":"2014-07-01","y":106.19},{"x":"2014-08-01","y":105.98},{"x":"2014-09-01","y":106.42},{"x":"2014-10-01","y":107.02},{"x":"2014-11-01","y":106.71},{"x":"2014-12-01","y":106.83},{"x":"2015-01-01","y":107.34},{"x":"2015-02-01","y":108.17},{"x":"2015-03-01","y":108.49},{"x":"2015-04-01","y":109.56},{"x":"2015-05-01","y":109.38},{"x":"2015-06-01","y":110.25},{"x":"2015-07-01","y":110.77},{"x":"2015-08-01","y":109.82},{"x":"2015-09-01","y":110.02},{"x":"2015-10-01","y":110.59},{"x":"2015-11-01","y":109.68},{"x":"2015-12-01","y":109.2},{"x":"2016-01-01","y":108.01},{"x":"2016-02-01","y":107.96},{"x":"2016-03-01","y":107.45},{"x":"2016-04-01","y":106.92},{"x":"2016-05-01","y":106.54},{"x":"2016-06-01","y":106.41},{"x":"2016-07-01","y":105.71},{"x":"2016-08-01","y":106.94},{"x":"2016-09-01","y":107.3},{"x":"2016-10-01","y":106.47},{"x":"2016-11-01","y":107.41},{"x":"2016-12-01","y":108.44},{"x":"2017-01-01","y":108.69},{"x":"2017-02-01","y":107.81},{"x":"2017-03-01","y":108.77},{"x":"2017-04-01","y":108.5},{"x":"2017-05-01","y":109.12},{"x":"2017-06-01","y":110.17},{"x":"2017-07-01","y":110.59},{"x":"2017-08-01","y":111.21},{"x":"2017-09-01","y":111.66},{"x":"2017-10-01","y":112.4},{"x":"2017-11-01","y":113.05},{"x":"2017-12-01","y":112.82},{"x":"2018-01-01","y":112.83},{"x":"2018-02-01","y":112.29},{"x":"2018-03-01","y":112.23},{"x":"2018-04-01","y":112},{"x":"2018-05-01","y":110.57},{"x":"2018-06-01","y":109.64},{"x":"2018-07-01","y":108.06},{"x":"2018-08-01","y":107.66},{"x":"2018-09-01","y":106.58},{"x":"2018-10-01","y":106.49},{"x":"2018-11-01","y":104.86},{"x":"2018-12-01","y":103.85},{"x":"2019-01-01","y":104.32},{"x":"2019-02-01","y":105.85},{"x":"2019-03-01","y":105.53},{"x":"2019-04-01","y":105.85},{"x":"2019-05-01","y":106.26},{"x":"2019-06-01","y":105.1},{"x":"2019-07-01","y":105.74},{"x":"2019-08-01","y":104.49},{"x":"2019-09-01","y":101.83},{"x":"2019-10-01","y":102.45},{"x":"2019-11-01","y":102.19},{"x":"2019-12-01","y":102.21},{"x":"2020-01-01","y":102.95},{"x":"2020-02-01","y":103.86},{"x":"2020-03-01","y":93.9},{"x":"2020-04-01","y":83.8},{"x":"2020-05-01","y":85.22},{"x":"2020-06-01","y":91.97},{"x":"2020-07-01","y":93.61},{"x":"2020-08-01","y":94.19},{"x":"2020-09-01","y":96.92},{"x":"2020-10-01","y":97.19},{"x":"2020-11-01","y":98.41},{"x":"2020-12-01","y":99.14},{"x":"2021-01-01","y":100.54},{"x":"2021-02-01","y":100.89},{"x":"2021-03-01","y":103.53},{"x":"2021-04-01","y":107.29},{"x":"2021-05-01","y":104.86},{"x":"2021-06-01","y":104.55},{"x":"2021-07-01","y":105.19},{"x":"2021-08-01","y":105.04},{"x":"2021-09-01","y":106},{"x":"2021-10-01","y":106.15},{"x":"2021-11-01","y":106.88},{"x":"2021-12-01","y":107.23},{"x":"2022-01-01","y":107.5},{"x":"2022-02-01","y":109.55},{"x":"2022-03-01","y":109.64},{"x":"2022-04-01","y":113.12},{"x":"2022-05-01","y":111.21},{"x":"2022-06-01","y":110.9},{"x":"2022-07-01","y":109.24},{"x":"2022-08-01","y":108.25},{"x":"2022-09-01","y":107.19},{"x":"2022-10-01","y":106.78},{"x":"2022-11-01","y":107.66},{"x":"2022-12-01","y":108.61}],"color":"#2E78D2"},{"label":"Estacionalizado","data":[{"x":"1997-01-01","y":60.31},{"x":"1997-02-01","y":60.55},{"x":"1997-03-01","y":66.72},{"x":"1997-04-01","y":70.06},{"x":"1997-05-01","y":69.31},{"x":"1997-06-01","y":66.72},{"x":"1997-07-01","y":69.89},{"x":"1997-08-01","y":67.98},{"x":"1997-09-01","y":69.94},{"x":"1997-10-01","y":70.17},{"x":"1997-11-01","y":69.66},{"x":"1997-12-01","y":70.46},{"x":"1998-01-01","y":62.44},{"x":"1998-02-01","y":63.26},{"x":"1998-03-01","y":73.06},{"x":"1998-04-01","y":73.06},{"x":"1998-05-01","y":73.87},{"x":"1998-06-01","y":73.4},{"x":"1998-07-01","y":73},{"x":"1998-08-01","y":70.58},{"x":"1998-09-01","y":70.99},{"x":"1998-10-01","y":69.66},{"x":"1998-11-01","y":70.17},{"x":"1998-12-01","y":69.54},{"x":"1999-01-01","y":60.31},{"x":"1999-02-01","y":62.1},{"x":"1999-03-01","y":71.44},{"x":"1999-04-01","y":69.77},{"x":"1999-05-01","y":70.47},{"x":"1999-06-01","y":69.25},{"x":"1999-07-01","y":67.81},{"x":"1999-08-01","y":67.87},{"x":"1999-09-01","y":67.98},{"x":"1999-10-01","y":66.72},{"x":"1999-11-01","y":69.49},{"x":"1999-12-01","y":71.21},{"x":"2000-01-01","y":59.85},{"x":"2000-02-01","y":62.62},{"x":"2000-03-01","y":71.04},{"x":"2000-04-01","y":68.74},{"x":"2000-05-01","y":71.04},{"x":"2000-06-01","y":68.91},{"x":"2000-07-01","y":68.16},{"x":"2000-08-01","y":67.76},{"x":"2000-09-01","y":66.49},{"x":"2000-10-01","y":66.08},{"x":"2000-11-01","y":67.64},{"x":"2000-12-01","y":69.71},{"x":"2001-01-01","y":60.14},{"x":"2001-02-01","y":60.78},{"x":"2001-03-01","y":68.68},{"x":"2001-04-01","y":68.62},{"x":"2001-05-01","y":71.45},{"x":"2001-06-01","y":68.27},{"x":"2001-07-01","y":66.25},{"x":"2001-08-01","y":64.76},{"x":"2001-09-01","y":61.47},{"x":"2001-10-01","y":61.07},{"x":"2001-11-01","y":61.7},{"x":"2001-12-01","y":59.28},{"x":"2002-01-01","y":50.22},{"x":"2002-02-01","y":51.21},{"x":"2002-03-01","y":57.2},{"x":"2002-04-01","y":59.33},{"x":"2002-05-01","y":61.99},{"x":"2002-06-01","y":58.88},{"x":"2002-07-01","y":59.28},{"x":"2002-08-01","y":57.49},{"x":"2002-09-01","y":56.92},{"x":"2002-10-01","y":57.15},{"x":"2002-11-01","y":58.81},{"x":"2002-12-01","y":59.85},{"x":"2003-01-01","y":52.65},{"x":"2003-02-01","y":54.03},{"x":"2003-03-01","y":60.54},{"x":"2003-04-01","y":63.49},{"x":"2003-05-01","y":66.49},{"x":"2003-06-01","y":64.18},{"x":"2003-07-01","y":64.93},{"x":"2003-08-01","y":62.57},{"x":"2003-09-01","y":63.78},{"x":"2003-10-01","y":64.41},{"x":"2003-11-01","y":65.1},{"x":"2003-12-01","y":66.88},{"x":"2004-01-01","y":63.04},{"x":"2004-02-01","y":61.38},{"x":"2004-03-01","y":69.34},{"x":"2004-04-01","y":69.81},{"x":"2004-05-01","y":74.78},{"x":"2004-06-01","y":71.91},{"x":"2004-07-01","y":68.81},{"x":"2004-08-01","y":66.94},{"x":"2004-09-01","y":66.76},{"x":"2004-10-01","y":66.59},{"x":"2004-11-01","y":68.15},{"x":"2004-12-01","y":69.2},{"x":"2005-01-01","y":66.91},{"x":"2005-02-01","y":65.94},{"x":"2005-03-01","y":73.59},{"x":"2005-04-01","y":75.59},{"x":"2005-05-01","y":81.52},{"x":"2005-06-01","y":77.08},{"x":"2005-07-01","y":73.74},{"x":"2005-08-01","y":73.12},{"x":"2005-09-01","y":71.66},{"x":"2005-10-01","y":72.4},{"x":"2005-11-01","y":75.23},{"x":"2005-12-01","y":75.97},{"x":"2006-01-01","y":72.6},{"x":"2006-02-01","y":71.53},{"x":"2006-03-01","y":81.01},{"x":"2006-04-01","y":82.34},{"x":"2006-05-01","y":89.16},{"x":"2006-06-01","y":85.62},{"x":"2006-07-01","y":81.85},{"x":"2006-08-01","y":80.27},{"x":"2006-09-01","y":78.41},{"x":"2006-10-01","y":79.34},{"x":"2006-11-01","y":82.05},{"x":"2006-12-01","y":82.38},{"x":"2007-01-01","y":78.96},{"x":"2007-02-01","y":78},{"x":"2007-03-01","y":90.37},{"x":"2007-04-01","y":90.53},{"x":"2007-05-01","y":98.07},{"x":"2007-06-01","y":93.29},{"x":"2007-07-01","y":88.43},{"x":"2007-08-01","y":87.29},{"x":"2007-09-01","y":84.45},{"x":"2007-10-01","y":85.81},{"x":"2007-11-01","y":88.76},{"x":"2007-12-01","y":89.05},{"x":"2008-01-01","y":85.65},{"x":"2008-02-01","y":84.53},{"x":"2008-03-01","y":94.76},{"x":"2008-04-01","y":97.85},{"x":"2008-05-01","y":105.23},{"x":"2008-06-01","y":97.69},{"x":"2008-07-01","y":93.25},{"x":"2008-08-01","y":91.32},{"x":"2008-09-01","y":90.03},{"x":"2008-10-01","y":90.04},{"x":"2008-11-01","y":91.73},{"x":"2008-12-01","y":91.71},{"x":"2009-01-01","y":87.73},{"x":"2009-02-01","y":84.83},{"x":"2009-03-01","y":96.68},{"x":"2009-04-01","y":97.98},{"x":"2009-05-01","y":104.18},{"x":"2009-06-01","y":99.71},{"x":"2009-07-01","y":94.88},{"x":"2009-08-01","y":93.37},{"x":"2009-09-01","y":91.08},{"x":"2009-10-01","y":91.8},{"x":"2009-11-01","y":92.76},{"x":"2009-12-01","y":94.45},{"x":"2010-01-01","y":91.06},{"x":"2010-02-01","y":88.35},{"x":"2010-03-01","y":102.41},{"x":"2010-04-01","y":104.65},{"x":"2010-05-01","y":112},{"x":"2010-06-01","y":108.27},{"x":"2010-07-01","y":101.95},{"x":"2010-08-01","y":100.33},{"x":"2010-09-01","y":98.11},{"x":"2010-10-01","y":98.12},{"x":"2010-11-01","y":101.79},{"x":"2010-12-01","y":103.69},{"x":"2011-01-01","y":98.54},{"x":"2011-02-01","y":95.51},{"x":"2011-03-01","y":108.6},{"x":"2011-04-01","y":111.32},{"x":"2011-05-01","y":119.98},{"x":"2011-06-01","y":114.51},{"x":"2011-07-01","y":107.33},{"x":"2011-08-01","y":105.74},{"x":"2011-09-01","y":104.23},{"x":"2011-10-01","y":104.26},{"x":"2011-11-01","y":106.41},{"x":"2011-12-01","y":108.17},{"x":"2012-01-01","y":101.95},{"x":"2012-02-01","y":97.6},{"x":"2012-03-01","y":111.56},{"x":"2012-04-01","y":110.25},{"x":"2012-05-01","y":118.08},{"x":"2012-06-01","y":112.76},{"x":"2012-07-01","y":106.79},{"x":"2012-08-01","y":104.42},{"x":"2012-09-01","y":101.25},{"x":"2012-10-01","y":102.79},{"x":"2012-11-01","y":105.08},{"x":"2012-12-01","y":107.24},{"x":"2013-01-01","y":102.23},{"x":"2013-02-01","y":97.82},{"x":"2013-03-01","y":111.58},{"x":"2013-04-01","y":113.68},{"x":"2013-05-01","y":122.1},{"x":"2013-06-01","y":115.51},{"x":"2013-07-01","y":110.5},{"x":"2013-08-01","y":107.81},{"x":"2013-09-01","y":104.53},{"x":"2013-10-01","y":106.09},{"x":"2013-11-01","y":106.35},{"x":"2013-12-01","y":108.78},{"x":"2014-01-01","y":102.61},{"x":"2014-02-01","y":97.47},{"x":"2014-03-01","y":108.49},{"x":"2014-04-01","y":109.17},{"x":"2014-05-01","y":117.19},{"x":"2014-06-01","y":111.24},{"x":"2014-07-01","y":106.31},{"x":"2014-08-01","y":103.16},{"x":"2014-09-01","y":101.11},{"x":"2014-10-01","y":103.24},{"x":"2014-11-01","y":103.96},{"x":"2014-12-01","y":107.32},{"x":"2015-01-01","y":101.76},{"x":"2015-02-01","y":97.92},{"x":"2015-03-01","y":110.95},{"x":"2015-04-01","y":112.99},{"x":"2015-05-01","y":120},{"x":"2015-06-01","y":115.81},{"x":"2015-07-01","y":110.73},{"x":"2015-08-01","y":106.79},{"x":"2015-09-01","y":104.57},{"x":"2015-10-01","y":106.52},{"x":"2015-11-01","y":106.79},{"x":"2015-12-01","y":110.2},{"x":"2016-01-01","y":102.63},{"x":"2016-02-01","y":97.8},{"x":"2016-03-01","y":110.2},{"x":"2016-04-01","y":110.22},{"x":"2016-05-01","y":116.5},{"x":"2016-06-01","y":111.75},{"x":"2016-07-01","y":105.34},{"x":"2016-08-01","y":104.06},{"x":"2016-09-01","y":101.96},{"x":"2016-10-01","y":102.29},{"x":"2016-11-01","y":104.43},{"x":"2016-12-01","y":109.67},{"x":"2017-01-01","y":103.56},{"x":"2017-02-01","y":97.84},{"x":"2017-03-01","y":111.87},{"x":"2017-04-01","y":111.88},{"x":"2017-05-01","y":119.18},{"x":"2017-06-01","y":115.52},{"x":"2017-07-01","y":110.05},{"x":"2017-08-01","y":108.25},{"x":"2017-09-01","y":105.92},{"x":"2017-10-01","y":107.81},{"x":"2017-11-01","y":109.73},{"x":"2017-12-01","y":114.26},{"x":"2018-01-01","y":107.69},{"x":"2018-02-01","y":102.25},{"x":"2018-03-01","y":115.54},{"x":"2018-04-01","y":115.42},{"x":"2018-05-01","y":120.83},{"x":"2018-06-01","y":114.72},{"x":"2018-07-01","y":107.5},{"x":"2018-08-01","y":104.84},{"x":"2018-09-01","y":100.99},{"x":"2018-10-01","y":102.06},{"x":"2018-11-01","y":101.59},{"x":"2018-12-01","y":105.27},{"x":"2019-01-01","y":99.67},{"x":"2019-02-01","y":96.34},{"x":"2019-03-01","y":107.67},{"x":"2019-04-01","y":107.7},{"x":"2019-05-01","y":114.25},{"x":"2019-06-01","y":108.24},{"x":"2019-07-01","y":104.11},{"x":"2019-08-01","y":100.81},{"x":"2019-09-01","y":96.11},{"x":"2019-10-01","y":97.92},{"x":"2019-11-01","y":99.01},{"x":"2019-12-01","y":104.02},{"x":"2020-01-01","y":99.11},{"x":"2020-02-01","y":94.65},{"x":"2020-03-01","y":95.62},{"x":"2020-04-01","y":84.78},{"x":"2020-05-01","y":90.33},{"x":"2020-06-01","y":93.47},{"x":"2020-07-01","y":91.56},{"x":"2020-08-01","y":90.31},{"x":"2020-09-01","y":91.31},{"x":"2020-10-01","y":92.81},{"x":"2020-11-01","y":95.5},{"x":"2020-12-01","y":101.27},{"x":"2021-01-01","y":97.13},{"x":"2021-02-01","y":92.4},{"x":"2021-03-01","y":105.47},{"x":"2021-04-01","y":108.44},{"x":"2021-05-01","y":109.87},{"x":"2021-06-01","y":105.36},{"x":"2021-07-01","y":101.46},{"x":"2021-08-01","y":100.03},{"x":"2021-09-01","y":100.68},{"x":"2021-10-01","y":101.03},{"x":"2021-11-01","y":103.86},{"x":"2021-12-01","y":109.76},{"x":"2022-01-01","y":103.76},{"x":"2022-02-01","y":100.29},{"x":"2022-03-01","y":112.14},{"x":"2022-04-01","y":115.13},{"x":"2022-05-01","y":117.41},{"x":"2022-06-01","y":112.38},{"x":"2022-07-01","y":105.33},{"x":"2022-08-01","y":103.02},{"x":"2022-09-01","y":101.97},{"x":"2022-10-01","y":101.48},{"x":"2022-11-01","y":104.79},{"x":"2022-12-01","y":111.15}],"color":"rgba(46,120,210,0.3)"}]}