{"kpi":"ipcgba","t":"IPC-GBA","st":"Índice de Precios al Consumidor","sd":"El IPC mide la variación de precios de los bienes y servicios representativos del gasto de consumo de los hogares residentes en la zona seleccionada en comparación con los precios vigentes en el año base.","c":"<p>El IPC-GBA (Índice de Precios al Consumidor - Gran Buenos Aires) es un índice de precios que mide la variación en el tiempo del costo promedio de un conjunto de bienes y servicios adquiridos por los hogares residentes en el Gran Buenos Aires.</p><p>El índice se construye mediante la recolección de precios de una canasta de bienes y servicios que incluye alimentos, bebidas, vestimenta, vivienda, transporte, educación, salud, entre otros. La canasta se actualiza regularmente para reflejar los cambios en los hábitos de consumo de la población.</p><p>El IPC-GBA se expresa en términos de un índice base 100, que corresponde al promedio de los precios en un período de referencia, que actualmente es diciembre de 2016. De esta manera, cualquier variación en el índice a partir de ese mes refleja la variación de los precios en relación a ese período de referencia.</p><p>El IPC-GBA es ampliamente utilizado por empresas, analistas económicos, inversores y el gobierno para medir la inflación en Argentina y para ajustar los precios de contratos, salarios y otros valores monetarios a la inflación.</p>","fd":"datos.gob.ar","fdr":"https://datos.gob.ar/dataset/sspm-indice-precios-al-consumidor-gba-ipc-gba-base-diciembre-2016/archivo/sspm_101.1","fu":"MECON","fur":"https://www.argentina.gob.ar/economia/politicaeconomica/macroeconomica","frec":"Mensual","fruc":"sum","d":"El IPC mide la variación de precios de los bienes y servicios representativos del gasto de consumo de los hogares residentes en la zona seleccionada en comparación con los precios vigentes en el año base.","max":10,"min":0,"dimensions":[{"fillColor":"#2E78D295","label":"Desestacionalizado","data":[{"x":"2016-05-01","y":0.04},{"x":"2016-06-01","y":0.03},{"x":"2016-07-01","y":0.02},{"x":"2016-08-01","y":null},{"x":"2016-09-01","y":0.01},{"x":"2016-10-01","y":0.02},{"x":"2016-11-01","y":0.02},{"x":"2016-12-01","y":0.01},{"x":"2017-01-01","y":0.01},{"x":"2017-02-01","y":0.02},{"x":"2017-03-01","y":0.02},{"x":"2017-04-01","y":0.03},{"x":"2017-05-01","y":0.01},{"x":"2017-06-01","y":0.01},{"x":"2017-07-01","y":0.02},{"x":"2017-08-01","y":0.01},{"x":"2017-09-01","y":0.02},{"x":"2017-10-01","y":0.01},{"x":"2017-11-01","y":0.01},{"x":"2017-12-01","y":0.03},{"x":"2018-01-01","y":0.02},{"x":"2018-02-01","y":0.03},{"x":"2018-03-01","y":0.02},{"x":"2018-04-01","y":0.03},{"x":"2018-05-01","y":0.02},{"x":"2018-06-01","y":0.04},{"x":"2018-07-01","y":0.03},{"x":"2018-08-01","y":0.04},{"x":"2018-09-01","y":0.07},{"x":"2018-10-01","y":0.05},{"x":"2018-11-01","y":0.03},{"x":"2018-12-01","y":0.03},{"x":"2019-01-01","y":0.03},{"x":"2019-02-01","y":0.04},{"x":"2019-03-01","y":0.05},{"x":"2019-04-01","y":0.03},{"x":"2019-05-01","y":0.03},{"x":"2019-06-01","y":0.03},{"x":"2019-07-01","y":0.02},{"x":"2019-08-01","y":0.04},{"x":"2019-09-01","y":0.06},{"x":"2019-10-01","y":0.03},{"x":"2019-11-01","y":0.04},{"x":"2019-12-01","y":0.04},{"x":"2020-01-01","y":0.02},{"x":"2020-02-01","y":0.02},{"x":"2020-03-01","y":0.04},{"x":"2020-04-01","y":0.01},{"x":"2020-05-01","y":0.02},{"x":"2020-06-01","y":0.02},{"x":"2020-07-01","y":0.02},{"x":"2020-08-01","y":0.03},{"x":"2020-09-01","y":0.03},{"x":"2020-10-01","y":0.04},{"x":"2020-11-01","y":0.03},{"x":"2020-12-01","y":0.04},{"x":"2021-01-01","y":0.03},{"x":"2021-02-01","y":0.04},{"x":"2021-03-01","y":0.05},{"x":"2021-04-01","y":0.04},{"x":"2021-05-01","y":0.03},{"x":"2021-06-01","y":0.03},{"x":"2021-07-01","y":0.03},{"x":"2021-08-01","y":0.03},{"x":"2021-09-01","y":0.04},{"x":"2021-10-01","y":0.04},{"x":"2021-11-01","y":0.02},{"x":"2021-12-01","y":0.04},{"x":"2022-01-01","y":0.04},{"x":"2022-02-01","y":0.05},{"x":"2022-03-01","y":0.07},{"x":"2022-04-01","y":0.06},{"x":"2022-05-01","y":0.05},{"x":"2022-06-01","y":0.05},{"x":"2022-07-01","y":0.07},{"x":"2022-08-01","y":0.07},{"x":"2022-09-01","y":0.06},{"x":"2022-10-01","y":0.07},{"x":"2022-11-01","y":0.05},{"x":"2022-12-01","y":0.05},{"x":"2023-01-01","y":0.06},{"x":"2023-02-01","y":0.07}],"type":"bar","color":"#2E78D2","borderWidth":0}]}