{"kpi":"ipib","t":"IPIB","st":"Índice de Precios Internos Básicos al por Mayor","sd":"Este indicador incluye un exhaustivo relevamiento de todas las <em>actividades económicas que conforman la industria manufacturera</em>, con cobertura para el total del país.","c":"<p>Tiene por objeto medir la evolución promedio de los precios a los que el productor y/o importador directo vende sus productos en el mercado doméstico. Se incluyen el Impuesto al Valor Agregado (IVA), los impuestos internos y a los combustibles, netos de los subsidios explícitos como por ejemplo a los bienes de capital. Por tratarse de bienes destinados al mercado interno, se excluyó el valor de las exportaciones en el cálculo del peso relativo de cada actividad.</p>","fd":"datos.gob.ar","fdr":"https://datos.gob.ar/ar/dataset/sspm-indice-precios-internos-basicos-al-por-mayor-dic-2015-100/archivo/sspm_449.1","fu":"INDEC","fur":"https://www.indec.gob.ar/indec/web/Nivel3-Tema-3-5","frec":"Mensual","d":"El Estimador mensual de actividad económica (EMAE) refleja la evolución mensual de la actividad económica del conjunto de los sectores productivos a nivel nacional. Este indicador permite anticipar las tasas de variación del producto interno bruto (PIB) trimestral.","cat":"Precios","catslug":"precios","min":0,"chartdata":{"labels":["2016-01-01","2016-02-01","2016-03-01","2016-04-01","2016-05-01","2016-06-01","2016-07-01","2016-08-01","2016-09-01","2016-10-01","2016-11-01","2016-12-01","2017-01-01","2017-02-01","2017-03-01","2017-04-01","2017-05-01","2017-06-01","2017-07-01","2017-08-01","2017-09-01","2017-10-01","2017-11-01","2017-12-01","2018-01-01","2018-02-01","2018-03-01","2018-04-01","2018-05-01","2018-06-01","2018-07-01","2018-08-01","2018-09-01","2018-10-01","2018-11-01","2018-12-01","2019-01-01","2019-02-01","2019-03-01","2019-04-01","2019-05-01","2019-06-01","2019-07-01","2019-08-01","2019-09-01","2019-10-01","2019-11-01","2019-12-01","2020-01-01","2020-02-01","2020-03-01","2020-04-01","2020-05-01","2020-06-01","2020-07-01","2020-08-01","2020-09-01","2020-10-01","2020-11-01","2020-12-01","2021-01-01","2021-02-01","2021-03-01","2021-04-01","2021-05-01","2021-06-01","2021-07-01","2021-08-01","2021-09-01","2021-10-01","2021-11-01","2021-12-01","2022-01-01","2022-02-01","2022-03-01","2022-04-01","2022-05-01","2022-06-01","2022-07-01","2022-08-01","2022-09-01","2022-10-01","2022-11-01","2022-12-01"],"datasets":[{"backgroundColor":"#2E78D295","label":"IPIB","data":["9.01","5.08","2.36","1.61","2.25","3.25","2.94","0.34","-0.09","0.75","0.88","0.82","1.60","1.28","0.60","0.26","1.02","1.86","2.67","1.98","1.02","1.44","1.43","1.66","4.91","5.20","2.35","1.91","8.42","6.55","4.57","4.96","16.55","2.49","-0.41","1.60","0.67","3.31","4.00","4.51","5.05","1.70","-0.09","11.94","4.36","3.49","5.00","3.21","1.71","1.13","0.68","-1.20","0.55","3.72","3.85","4.35","4.04","5.47","4.52","4.49","5.74","5.73","3.66","4.75","3.27","2.35","2.15","2.76","2.87","2.85","3.06","2.47","4.14","4.98","6.98","5.66","5.13","4.28","6.65","8.07","5.86","4.57","6.69","6.86"],"type":"bar","borderColor":"#2E78D2","pointRadius":0,"borderWidth":0}]}}