{"kpi":"ipim","t":"IPIM","st":"Índice de Precios Internos al por Mayor","sd":"Este indicador incluye un exhaustivo relevamiento de todas las <em>actividades económicas que conforman la industria manufacturera</em>, con cobertura para el total del país.","c":"<p>Tiene por objeto medir la evolución promedio de los precios a los que el productor y/o importador directo vende sus productos en el mercado doméstico. Se incluyen el Impuesto al Valor Agregado (IVA), los impuestos internos y a los combustibles, netos de los subsidios explícitos como por ejemplo a los bienes de capital. Por tratarse de bienes destinados al mercado interno, se excluyó el valor de las exportaciones en el cálculo del peso relativo de cada actividad.</p>","fd":"datos.gob.ar","fdr":"https://datos.gob.ar/ar/dataset/sspm-indice-precios-internos-al-por-mayor-ipim-dic-2015-100/archivo/sspm_448.1","fu":"INDEC","fur":"https://www.indec.gob.ar/indec/web/Nivel3-Tema-3-5","frec":"Mensual","d":"El Estimador mensual de actividad económica (EMAE) refleja la evolución mensual de la actividad económica del conjunto de los sectores productivos a nivel nacional. Este indicador permite anticipar las tasas de variación del producto interno bruto (PIB) trimestral.","cat":"Precios","catslug":"precios","min":0,"chartdata":{"labels":["2016-01-01","2016-02-01","2016-03-01","2016-04-01","2016-05-01","2016-06-01","2016-07-01","2016-08-01","2016-09-01","2016-10-01","2016-11-01","2016-12-01","2017-01-01","2017-02-01","2017-03-01","2017-04-01","2017-05-01","2017-06-01","2017-07-01","2017-08-01","2017-09-01","2017-10-01","2017-11-01","2017-12-01","2018-01-01","2018-02-01","2018-03-01","2018-04-01","2018-05-01","2018-06-01","2018-07-01","2018-08-01","2018-09-01","2018-10-01","2018-11-01","2018-12-01","2019-01-01","2019-02-01","2019-03-01","2019-04-01","2019-05-01","2019-06-01","2019-07-01","2019-08-01","2019-09-01","2019-10-01","2019-11-01","2019-12-01","2020-01-01","2020-02-01","2020-03-01","2020-04-01","2020-05-01","2020-06-01","2020-07-01","2020-08-01","2020-09-01","2020-10-01","2020-11-01","2020-12-01","2021-01-01","2021-02-01","2021-03-01","2021-04-01","2021-05-01","2021-06-01","2021-07-01","2021-08-01","2021-09-01","2021-10-01","2021-11-01","2021-12-01","2022-01-01","2022-02-01","2022-03-01","2022-04-01","2022-05-01","2022-06-01","2022-07-01","2022-08-01","2022-09-01","2022-10-01","2022-11-01","2022-12-01"],"datasets":[{"backgroundColor":"#2E78D295","label":"IPIM","data":["8.79","4.95","2.48","1.55","3.61","2.91","2.78","0.39","0.43","0.59","1.23","0.64","1.50","1.67","0.92","0.46","0.86","1.87","2.55","1.92","1.00","1.47","1.54","1.64","4.57","4.85","1.94","1.79","7.51","6.53","4.73","4.89","16.04","3.02","0.11","1.28","0.57","3.36","4.11","4.58","4.95","1.65","0.08","11.21","4.17","3.61","5.39","3.69","1.51","1.12","0.96","-1.30","0.37","3.66","3.53","4.10","3.69","4.67","4.17","4.40","5.56","6.09","3.89","4.77","3.22","3.13","2.24","2.51","2.80","2.85","2.95","2.26","3.73","4.74","6.33","5.90","5.17","4.82","7.08","8.18","5.48","4.78","6.29","6.14"],"type":"bar","borderColor":"#2E78D2","pointRadius":0,"borderWidth":0}]}}