{"kpi":"ipip","t":"IPIP","st":"Índice de Producción Industrial Pyme","sd":"El IPIP es un indicador de coyuntura que mide mensualmente la evolución de la facturación de la industria manufacturera PyME que desarrollan su actividad dentro del país y producen bienes seleccionados como representativos de la industria PyME.","c":"<p>El Índice de Producción Industrial Pyme (IPIP) es un indicador económico elaborado por la Confederación Argentina de la Mediana Empresa (CAME) que mide la evolución de la producción industrial en las pequeñas y medianas empresas (Pymes) de Argentina.</p><p>El IPIP se basa en una encuesta mensual realizada por CAME a un grupo de empresas Pymes que representan a diferentes sectores de la industria. En la encuesta se les consulta sobre su nivel de producción en el mes en curso y su nivel de producción en comparación con el mismo mes del año anterior.</p><p>A partir de las respuestas de las empresas encuestadas, se calcula un índice que refleja la evolución de la producción industrial de las Pymes. El índice se calcula utilizando una metodología de 'índice de difusión' que mide la proporción de empresas que han aumentado su producción en comparación con el mes anterior.</p><p>El índice se presenta en términos de un índice base 100, que corresponde al promedio de la producción industrial de las Pymes en un período determinado. Los cambios en el índice reflejan el aumento o disminución de la producción industrial de las Pymes en relación con este promedio base.</p>","fdr":"https://estudioseconomicos.ec.gba.gov.ar/datos/nac/contnac-indice-de-actividad-economica-pyme.xlsx","fd":"Scraped (XLS)","fu":"CAME","fur":"https://www.redcame.org.ar/estadisticas-pyme/79/ndice-de-actividad-economica-pyme--ipip","frec":"Mensual","fruc":"sum","d":"El IPIP es un indicador de coyuntura que mide mensualmente la evolución de la facturación de la industria manufacturera PyME que desarrollan su actividad dentro del país y producen bienes seleccionados como representativos de la industria PyME.","min":0,"max":140,"dimensions":[{"label":"Desestacionalizado","data":[{"x":"2009-01-01","y":87.67},{"x":"2009-02-01","y":87.18},{"x":"2009-03-01","y":91.28},{"x":"2009-04-01","y":91.72},{"x":"2009-05-01","y":89.19},{"x":"2009-06-01","y":86.11},{"x":"2009-07-01","y":85.77},{"x":"2009-08-01","y":85.58},{"x":"2009-09-01","y":86.52},{"x":"2009-10-01","y":87.95},{"x":"2009-11-01","y":89.07},{"x":"2009-12-01","y":91.89},{"x":"2010-01-01","y":90.3},{"x":"2010-02-01","y":91.8},{"x":"2010-03-01","y":95.3},{"x":"2010-04-01","y":96.4},{"x":"2010-05-01","y":93.2},{"x":"2010-06-01","y":90.5},{"x":"2010-07-01","y":88.6},{"x":"2010-08-01","y":89.6},{"x":"2010-09-01","y":90.5},{"x":"2010-10-01","y":92},{"x":"2010-11-01","y":92.9},{"x":"2010-12-01","y":96.3},{"x":"2011-01-01","y":94.45},{"x":"2011-02-01","y":96.11},{"x":"2011-03-01","y":100.06},{"x":"2011-04-01","y":100.63},{"x":"2011-05-01","y":96.2},{"x":"2011-06-01","y":94.03},{"x":"2011-07-01","y":91.9},{"x":"2011-08-01","y":94.1},{"x":"2011-09-01","y":94.8},{"x":"2011-10-01","y":95.9},{"x":"2011-11-01","y":96},{"x":"2011-12-01","y":99.67},{"x":"2012-01-01","y":95.35},{"x":"2012-02-01","y":96.81},{"x":"2012-03-01","y":101},{"x":"2012-04-01","y":100.44},{"x":"2012-05-01","y":94.16},{"x":"2012-06-01","y":91.11},{"x":"2012-07-01","y":89.58},{"x":"2012-08-01","y":91.51},{"x":"2012-09-01","y":91.86},{"x":"2012-10-01","y":93.33},{"x":"2012-11-01","y":96.08},{"x":"2012-12-01","y":99.79},{"x":"2013-01-01","y":94.84},{"x":"2013-02-01","y":94.46},{"x":"2013-03-01","y":102.21},{"x":"2013-04-01","y":101.95},{"x":"2013-05-01","y":96.33},{"x":"2013-06-01","y":91.84},{"x":"2013-07-01","y":90.03},{"x":"2013-08-01","y":90.5},{"x":"2013-09-01","y":90.34},{"x":"2013-10-01","y":91.75},{"x":"2013-11-01","y":94.93},{"x":"2013-12-01","y":95.9},{"x":"2014-01-01","y":91.01},{"x":"2014-02-01","y":91.63},{"x":"2014-03-01","y":98.22},{"x":"2014-04-01","y":97.32},{"x":"2014-05-01","y":90.44},{"x":"2014-06-01","y":85.91},{"x":"2014-07-01","y":84.88},{"x":"2014-08-01","y":87.94},{"x":"2014-09-01","y":83.32},{"x":"2014-10-01","y":87.61},{"x":"2014-11-01","y":88.71},{"x":"2014-12-01","y":88.47},{"x":"2015-01-01","y":87.34},{"x":"2015-02-01","y":86.93},{"x":"2015-03-01","y":93.65},{"x":"2015-04-01","y":95.4},{"x":"2015-05-01","y":89.13},{"x":"2015-06-01","y":84.32},{"x":"2015-07-01","y":84.25},{"x":"2015-08-01","y":88.89},{"x":"2015-09-01","y":83.52},{"x":"2015-10-01","y":87.06},{"x":"2015-11-01","y":86.32},{"x":"2015-12-01","y":85.68},{"x":"2016-01-01","y":84.78},{"x":"2016-02-01","y":82.76},{"x":"2016-03-01","y":90.73},{"x":"2016-04-01","y":90.89},{"x":"2016-05-01","y":84.48},{"x":"2016-06-01","y":79.28},{"x":"2016-07-01","y":77.68},{"x":"2016-08-01","y":83.2},{"x":"2016-09-01","y":79.01},{"x":"2016-10-01","y":81.84},{"x":"2016-11-01","y":81.57},{"x":"2016-12-01","y":83.2},{"x":"2017-01-01","y":82.9},{"x":"2017-02-01","y":78.6},{"x":"2017-03-01","y":88.5},{"x":"2017-04-01","y":87.4},{"x":"2017-05-01","y":83.05},{"x":"2017-06-01","y":78.89},{"x":"2017-07-01","y":78.15},{"x":"2017-08-01","y":86.19},{"x":"2017-09-01","y":81.62},{"x":"2017-10-01","y":84.05},{"x":"2017-11-01","y":85.89},{"x":"2017-12-01","y":87.19},{"x":"2018-01-01","y":85.72},{"x":"2018-02-01","y":79.78},{"x":"2018-03-01","y":91.69},{"x":"2018-04-01","y":89.58},{"x":"2018-05-01","y":82.8},{"x":"2018-06-01","y":75.81},{"x":"2018-07-01","y":72.44},{"x":"2018-08-01","y":80.68},{"x":"2018-09-01","y":75.58},{"x":"2018-10-01","y":79.84},{"x":"2018-11-01","y":81.08},{"x":"2018-12-01","y":82.05},{"x":"2019-01-01","y":78.18},{"x":"2019-02-01","y":74.91},{"x":"2019-03-01","y":83.98},{"x":"2019-04-01","y":80.36},{"x":"2019-05-01","y":77.42},{"x":"2019-06-01","y":69.44},{"x":"2019-07-01","y":68.02},{"x":"2019-08-01","y":75.59},{"x":"2019-09-01","y":71.12},{"x":"2019-10-01","y":77.61},{"x":"2019-11-01","y":80.03},{"x":"2019-12-01","y":81.31},{"x":"2020-01-01","y":77.94},{"x":"2020-02-01","y":75.96},{"x":"2020-03-01","y":59.8},{"x":"2020-04-01","y":37.69},{"x":"2020-05-01","y":50.4},{"x":"2020-06-01","y":53.12},{"x":"2020-07-01","y":58.77},{"x":"2020-08-01","y":67.43},{"x":"2020-09-01","y":66.21},{"x":"2020-10-01","y":74.66},{"x":"2020-11-01","y":77.23},{"x":"2020-12-01","y":81.47},{"x":"2021-01-01","y":78.17},{"x":"2021-02-01","y":76.27},{"x":"2021-03-01","y":67.57},{"x":"2021-04-01","y":66.67},{"x":"2021-05-01","y":74.09},{"x":"2021-06-01","y":77.24},{"x":"2021-07-01","y":80.11},{"x":"2021-08-01","y":81.05},{"x":"2021-09-01","y":80.52},{"x":"2021-10-01","y":80.04},{"x":"2021-11-01","y":85.26},{"x":"2021-12-01","y":88.24},{"x":"2022-01-01","y":78.8},{"x":"2022-02-01","y":79.16},{"x":"2022-03-01","y":70.21},{"x":"2022-04-01","y":68.94},{"x":"2022-05-01","y":76.46},{"x":"2022-06-01","y":79.25},{"x":"2022-07-01","y":81.47},{"x":"2022-08-01","y":82.02},{"x":"2022-09-01","y":81.56},{"x":"2022-10-01","y":80.52},{"x":"2022-11-01","y":86.62}],"color":"#2E78D2"}]}