{"kpi":"liquisoja","t":"Liquidacion Agro","st":"","c":"<p>La liquidación de divisas por exportaciones de oleaginosas y cereales es un indicador económico utilizado en Argentina para medir la cantidad de divisas que ingresan al país por la venta de estos productos en el mercado internacional.</p><p>Este indicador se calcula en base a los datos de las empresas exportadoras, que deben informar al Banco Central de la República Argentina (BCRA) el monto total de divisas que ingresan al país por la venta de estos productos. La liquidación de divisas se realiza en pesos argentinos, utilizando la cotización del tipo de cambio oficial del BCRA.</p><p>En Argentina, la producción y exportación de oleaginosas y cereales es una actividad económica muy importante, ya que estos productos representan una parte significativa de las exportaciones totales del país. Los principales cultivos de oleaginosas son la soja, el girasol y el maní, mientras que los principales cereales son el maíz, el trigo y la cebada.</p><p>Por lo tanto, la liquidación de divisas por exportaciones de oleaginosas y cereales es un indicador clave para medir la salud de la economía argentina, ya que refleja la cantidad de ingresos en divisas que el país está generando por la venta de sus productos en el mercado internacional.</p>","fd":"datos.gob.ar","fdr":"https://datos.gob.ar/ja/dataset/sspm_349/archivo/sspm_349.2","fu":"MECON","fur":"https://www.argentina.gob.ar/economia/politicaeconomica/macroeconomica","frec":"Mensual","fruc":"mean","d":"","dimensions":[{"label":"Liquidacion Agro","data":[{"x":"2003-01-01","y":648.35},{"x":"2003-02-01","y":429.31},{"x":"2003-03-01","y":633.35},{"x":"2003-04-01","y":866.75},{"x":"2003-05-01","y":1093.83},{"x":"2003-06-01","y":1159.67},{"x":"2003-07-01","y":955.14},{"x":"2003-08-01","y":819.18},{"x":"2003-09-01","y":755.66},{"x":"2003-10-01","y":828.32},{"x":"2003-11-01","y":538.61},{"x":"2003-12-01","y":722.07},{"x":"2004-01-01","y":1006.51},{"x":"2004-02-01","y":592.11},{"x":"2004-03-01","y":878.82},{"x":"2004-04-01","y":1134.38},{"x":"2004-05-01","y":1366.59},{"x":"2004-06-01","y":1231.11},{"x":"2004-07-01","y":866.82},{"x":"2004-08-01","y":728.07},{"x":"2004-09-01","y":896.46},{"x":"2004-10-01","y":690.1},{"x":"2004-11-01","y":717.25},{"x":"2004-12-01","y":947.38},{"x":"2005-01-01","y":765.56},{"x":"2005-02-01","y":777.92},{"x":"2005-03-01","y":959.64},{"x":"2005-04-01","y":1168.64},{"x":"2005-05-01","y":1433.44},{"x":"2005-06-01","y":1591.79},{"x":"2005-07-01","y":1154.57},{"x":"2005-08-01","y":966.54},{"x":"2005-09-01","y":632.92},{"x":"2005-10-01","y":660.79},{"x":"2005-11-01","y":677.31},{"x":"2005-12-01","y":865.16},{"x":"2006-01-01","y":851.39},{"x":"2006-02-01","y":754.15},{"x":"2006-03-01","y":1000.63},{"x":"2006-04-01","y":1190.89},{"x":"2006-05-01","y":1518.57},{"x":"2006-06-01","y":1260.1},{"x":"2006-07-01","y":1083.8},{"x":"2006-08-01","y":1002.61},{"x":"2006-09-01","y":929.33},{"x":"2006-10-01","y":912.32},{"x":"2006-11-01","y":780.99},{"x":"2006-12-01","y":991.29},{"x":"2007-01-01","y":1050.72},{"x":"2007-02-01","y":695.78},{"x":"2007-03-01","y":1063.77},{"x":"2007-04-01","y":1504.94},{"x":"2007-05-01","y":1880.01},{"x":"2007-06-01","y":1813.94},{"x":"2007-07-01","y":1736.66},{"x":"2007-08-01","y":1727.38},{"x":"2007-09-01","y":1634.32},{"x":"2007-10-01","y":1552.44},{"x":"2007-11-01","y":1412.28},{"x":"2007-12-01","y":1505.71},{"x":"2008-01-01","y":1638.76},{"x":"2008-02-01","y":1614.17},{"x":"2008-03-01","y":1353.31},{"x":"2008-04-01","y":2311.76},{"x":"2008-05-01","y":2401.91},{"x":"2008-06-01","y":1646.19},{"x":"2008-07-01","y":2807.3},{"x":"2008-08-01","y":2163.68},{"x":"2008-09-01","y":2007.21},{"x":"2008-10-01","y":1484.06},{"x":"2008-11-01","y":1132.99},{"x":"2008-12-01","y":1358.52},{"x":"2009-01-01","y":1553.37},{"x":"2009-02-01","y":1112.66},{"x":"2009-03-01","y":1009.46},{"x":"2009-04-01","y":1827.28},{"x":"2009-05-01","y":2184.84},{"x":"2009-06-01","y":1924.87},{"x":"2009-07-01","y":1358.55},{"x":"2009-08-01","y":1122.34},{"x":"2009-09-01","y":1102.25},{"x":"2009-10-01","y":1122.3},{"x":"2009-11-01","y":1084.71},{"x":"2009-12-01","y":796.03},{"x":"2010-01-01","y":994.7},{"x":"2010-02-01","y":1021.74},{"x":"2010-03-01","y":1310.39},{"x":"2010-04-01","y":2262.44},{"x":"2010-05-01","y":2289.86},{"x":"2010-06-01","y":2693.53},{"x":"2010-07-01","y":2560.17},{"x":"2010-08-01","y":1880.09},{"x":"2010-09-01","y":2031.84},{"x":"2010-10-01","y":1931.58},{"x":"2010-11-01","y":1647.72},{"x":"2010-12-01","y":1609.86},{"x":"2011-01-01","y":1430.5},{"x":"2011-02-01","y":1193.78},{"x":"2011-03-01","y":1817.74},{"x":"2011-04-01","y":2613.72},{"x":"2011-05-01","y":3203.12},{"x":"2011-06-01","y":2951.58},{"x":"2011-07-01","y":2248.9},{"x":"2011-08-01","y":2571.05},{"x":"2011-09-01","y":2238.74},{"x":"2011-10-01","y":1962.15},{"x":"2011-11-01","y":1328.01},{"x":"2011-12-01","y":1473.73},{"x":"2012-01-01","y":1700.96},{"x":"2012-02-01","y":1221.72},{"x":"2012-03-01","y":1770.18},{"x":"2012-04-01","y":2350.97},{"x":"2012-05-01","y":2642.88},{"x":"2012-06-01","y":2301.71},{"x":"2012-07-01","y":2586.35},{"x":"2012-08-01","y":2093.55},{"x":"2012-09-01","y":1727.42},{"x":"2012-10-01","y":1694.79},{"x":"2012-11-01","y":1441.36},{"x":"2012-12-01","y":1537.12},{"x":"2013-01-01","y":1356.62},{"x":"2013-02-01","y":919.87},{"x":"2013-03-01","y":1727.11},{"x":"2013-04-01","y":2988.65},{"x":"2013-05-01","y":3443.42},{"x":"2013-06-01","y":2569.44},{"x":"2013-07-01","y":2588.25},{"x":"2013-08-01","y":2069.34},{"x":"2013-09-01","y":1892.83},{"x":"2013-10-01","y":1370.65},{"x":"2013-11-01","y":1228.07},{"x":"2013-12-01","y":1251.25},{"x":"2014-01-01","y":1394.14},{"x":"2014-02-01","y":1641.23},{"x":"2014-03-01","y":1587.93},{"x":"2014-04-01","y":3179.01},{"x":"2014-05-01","y":3108.51},{"x":"2014-06-01","y":2705.3},{"x":"2014-07-01","y":3012.21},{"x":"2014-08-01","y":1793.66},{"x":"2014-09-01","y":1293.32},{"x":"2014-10-01","y":1888.45},{"x":"2014-11-01","y":1872.58},{"x":"2014-12-01","y":1743.85},{"x":"2015-01-01","y":1086.89},{"x":"2015-02-01","y":1391.64},{"x":"2015-03-01","y":1177.99},{"x":"2015-04-01","y":2430.61},{"x":"2015-05-01","y":2358.79},{"x":"2015-06-01","y":2950.06},{"x":"2015-07-01","y":2645.99},{"x":"2015-08-01","y":1511.44},{"x":"2015-09-01","y":1164.21},{"x":"2015-10-01","y":1141.59},{"x":"2015-11-01","y":450.88},{"x":"2015-12-01","y":2096.49},{"x":"2016-01-01","y":2477.21},{"x":"2016-02-01","y":1646.23},{"x":"2016-03-01","y":1724.99},{"x":"2016-04-01","y":2147.68},{"x":"2016-05-01","y":3006.72},{"x":"2016-06-01","y":2068.02},{"x":"2016-07-01","y":1866.76},{"x":"2016-08-01","y":2478.95},{"x":"2016-09-01","y":1787.8},{"x":"2016-10-01","y":1706.4},{"x":"2016-11-01","y":1598.77},{"x":"2016-12-01","y":1400.37},{"x":"2017-01-01","y":2050.39},{"x":"2017-02-01","y":1083.38},{"x":"2017-03-01","y":1672.41},{"x":"2017-04-01","y":1821.32},{"x":"2017-05-01","y":2488.22},{"x":"2017-06-01","y":2245.78},{"x":"2017-07-01","y":2229.32},{"x":"2017-08-01","y":2256.28},{"x":"2017-09-01","y":1650.69},{"x":"2017-10-01","y":1422.64},{"x":"2017-11-01","y":1307.82},{"x":"2017-12-01","y":1153.85},{"x":"2018-01-01","y":1879.15},{"x":"2018-02-01","y":1378.55},{"x":"2018-03-01","y":1423.06},{"x":"2018-04-01","y":1376.33},{"x":"2018-05-01","y":1677.8},{"x":"2018-06-01","y":2664.57},{"x":"2018-07-01","y":2701.25},{"x":"2018-08-01","y":1604.87},{"x":"2018-09-01","y":1310.63},{"x":"2018-10-01","y":1184.03},{"x":"2018-11-01","y":810.02},{"x":"2018-12-01","y":1040.51},{"x":"2019-01-01","y":1755.69},{"x":"2019-02-01","y":1290.34},{"x":"2019-03-01","y":1143.14},{"x":"2019-04-01","y":1914.44},{"x":"2019-05-01","y":2395.08},{"x":"2019-06-01","y":2218.88},{"x":"2019-07-01","y":2273.67},{"x":"2019-08-01","y":2246.34},{"x":"2019-09-01","y":2093.64},{"x":"2019-10-01","y":1978.22},{"x":"2019-11-01","y":2185.62},{"x":"2019-12-01","y":2223.42},{"x":"2020-01-01","y":1613.76},{"x":"2020-02-01","y":815.06},{"x":"2020-03-01","y":1064.32},{"x":"2020-04-01","y":1524.45},{"x":"2020-05-01","y":1945.67},{"x":"2020-06-01","y":2343.99},{"x":"2020-07-01","y":2296.07},{"x":"2020-08-01","y":1743},{"x":"2020-09-01","y":1787.45},{"x":"2020-10-01","y":1715.52},{"x":"2020-11-01","y":1734.3},{"x":"2020-12-01","y":1667.71},{"x":"2021-01-01","y":2140.35},{"x":"2021-02-01","y":1810.08},{"x":"2021-03-01","y":2773.58},{"x":"2021-04-01","y":3031.4},{"x":"2021-05-01","y":3545.92},{"x":"2021-06-01","y":3358.43},{"x":"2021-07-01","y":3520.14},{"x":"2021-08-01","y":3049.34},{"x":"2021-09-01","y":2441.08},{"x":"2021-10-01","y":2416.25},{"x":"2021-11-01","y":1914.16},{"x":"2021-12-01","y":2678.3},{"x":"2022-01-01","y":2441.65},{"x":"2022-02-01","y":2500.4},{"x":"2022-03-01","y":2984.04},{"x":"2022-04-01","y":3171.79},{"x":"2022-05-01","y":4231.72},{"x":"2022-06-01","y":3815.37},{"x":"2022-07-01","y":3164.06},{"x":"2022-08-01","y":3387.89},{"x":"2022-09-01","y":8120.32},{"x":"2022-10-01","y":1217.33},{"x":"2022-11-01","y":1696.98},{"x":"2022-12-01","y":3706.64},{"x":"2023-01-01","y":928},{"x":"2023-02-01","y":644.96}],"color":"rgba(46,120,210,1)"},{"label":"Promedio Diario","data":[{"x":"2003-01-01","y":29.47},{"x":"2003-02-01","y":21.47},{"x":"2003-03-01","y":31.67},{"x":"2003-04-01","y":43.34},{"x":"2003-05-01","y":52.09},{"x":"2003-06-01","y":57.98},{"x":"2003-07-01","y":43.42},{"x":"2003-08-01","y":40.96},{"x":"2003-09-01","y":34.35},{"x":"2003-10-01","y":37.65},{"x":"2003-11-01","y":28.35},{"x":"2003-12-01","y":38},{"x":"2004-01-01","y":47.93},{"x":"2004-02-01","y":29.61},{"x":"2004-03-01","y":38.21},{"x":"2004-04-01","y":59.7},{"x":"2004-05-01","y":68.33},{"x":"2004-06-01","y":58.62},{"x":"2004-07-01","y":41.28},{"x":"2004-08-01","y":34.67},{"x":"2004-09-01","y":40.75},{"x":"2004-10-01","y":34.51},{"x":"2004-11-01","y":32.6},{"x":"2004-12-01","y":47.37},{"x":"2005-01-01","y":36.46},{"x":"2005-02-01","y":38.9},{"x":"2005-03-01","y":45.7},{"x":"2005-04-01","y":55.65},{"x":"2005-05-01","y":68.26},{"x":"2005-06-01","y":75.8},{"x":"2005-07-01","y":54.98},{"x":"2005-08-01","y":43.93},{"x":"2005-09-01","y":28.77},{"x":"2005-10-01","y":33.04},{"x":"2005-11-01","y":31.39},{"x":"2005-12-01","y":41.2},{"x":"2006-01-01","y":38.7},{"x":"2006-02-01","y":37.71},{"x":"2006-03-01","y":45.48},{"x":"2006-04-01","y":66.16},{"x":"2006-05-01","y":72.31},{"x":"2006-06-01","y":60},{"x":"2006-07-01","y":51.61},{"x":"2006-08-01","y":45.57},{"x":"2006-09-01","y":44.25},{"x":"2006-10-01","y":43.44},{"x":"2006-11-01","y":37.19},{"x":"2006-12-01","y":52.17},{"x":"2007-01-01","y":47.76},{"x":"2007-02-01","y":34.79},{"x":"2007-03-01","y":48.35},{"x":"2007-04-01","y":83.61},{"x":"2007-05-01","y":89.52},{"x":"2007-06-01","y":90.7},{"x":"2007-07-01","y":82.7},{"x":"2007-08-01","y":78.52},{"x":"2007-09-01","y":81.72},{"x":"2007-10-01","y":70.57},{"x":"2007-11-01","y":67.25},{"x":"2007-12-01","y":83.65},{"x":"2008-01-01","y":78.04},{"x":"2008-02-01","y":76.87},{"x":"2008-03-01","y":75.18},{"x":"2008-04-01","y":110.08},{"x":"2008-05-01","y":114.38},{"x":"2008-06-01","y":82.31},{"x":"2008-07-01","y":127.6},{"x":"2008-08-01","y":108.18},{"x":"2008-09-01","y":91.24},{"x":"2008-10-01","y":67.46},{"x":"2008-11-01","y":56.65},{"x":"2008-12-01","y":75.47},{"x":"2009-01-01","y":73.97},{"x":"2009-02-01","y":55.63},{"x":"2009-03-01","y":48.07},{"x":"2009-04-01","y":96.17},{"x":"2009-05-01","y":114.99},{"x":"2009-06-01","y":101.31},{"x":"2009-07-01","y":71.5},{"x":"2009-08-01","y":59.07},{"x":"2009-09-01","y":58.01},{"x":"2009-10-01","y":53.44},{"x":"2009-11-01","y":51.65},{"x":"2009-12-01","y":39.8},{"x":"2010-01-01","y":49.73},{"x":"2010-02-01","y":51.09},{"x":"2010-03-01","y":59.56},{"x":"2010-04-01","y":113.12},{"x":"2010-05-01","y":120.52},{"x":"2010-06-01","y":128.26},{"x":"2010-07-01","y":121.91},{"x":"2010-08-01","y":89.53},{"x":"2010-09-01","y":92.36},{"x":"2010-10-01","y":101.66},{"x":"2010-11-01","y":71.64},{"x":"2010-12-01","y":76.66},{"x":"2011-01-01","y":68.12},{"x":"2011-02-01","y":59.69},{"x":"2011-03-01","y":95.67},{"x":"2011-04-01","y":118.81},{"x":"2011-05-01","y":152.53},{"x":"2011-06-01","y":140.55},{"x":"2011-07-01","y":107.09},{"x":"2011-08-01","y":111.78},{"x":"2011-09-01","y":97.34},{"x":"2011-10-01","y":93.44},{"x":"2011-11-01","y":66.4},{"x":"2011-12-01","y":81.87},{"x":"2012-01-01","y":89.52},{"x":"2012-02-01","y":55.53},{"x":"2012-03-01","y":80.46},{"x":"2012-04-01","y":138.29},{"x":"2012-05-01","y":125.85},{"x":"2012-06-01","y":109.61},{"x":"2012-07-01","y":123.16},{"x":"2012-08-01","y":95.16},{"x":"2012-09-01","y":90.92},{"x":"2012-10-01","y":77.04},{"x":"2012-11-01","y":72.07},{"x":"2012-12-01","y":80.9},{"x":"2013-01-01","y":61.15},{"x":"2013-02-01","y":55.82},{"x":"2013-03-01","y":92.39},{"x":"2013-04-01","y":152.29},{"x":"2013-05-01","y":148.94},{"x":"2013-06-01","y":124.44},{"x":"2013-07-01","y":106.17},{"x":"2013-08-01","y":113.38},{"x":"2013-09-01","y":85.94},{"x":"2013-10-01","y":70.34},{"x":"2013-11-01","y":52.81},{"x":"2013-12-01","y":55.93},{"x":"2014-01-01","y":48.59},{"x":"2014-02-01","y":94.6},{"x":"2014-03-01","y":87.87},{"x":"2014-04-01","y":144.31},{"x":"2014-05-01","y":129.41},{"x":"2014-06-01","y":108.42},{"x":"2014-07-01","y":121.34},{"x":"2014-08-01","y":73.06},{"x":"2014-09-01","y":48.97},{"x":"2014-10-01","y":77.46},{"x":"2014-11-01","y":98.64},{"x":"2014-12-01","y":99.51},{"x":"2015-01-01","y":51.76},{"x":"2015-02-01","y":51.95},{"x":"2015-03-01","y":58.9},{"x":"2015-04-01","y":121.65},{"x":"2015-05-01","y":124.15},{"x":"2015-06-01","y":134.09},{"x":"2015-07-01","y":115.04},{"x":"2015-08-01","y":75.57},{"x":"2015-09-01","y":52.92},{"x":"2015-10-01","y":54.36},{"x":"2015-11-01","y":22.54},{"x":"2015-12-01","y":116.47},{"x":"2016-01-01","y":123.86},{"x":"2016-02-01","y":86.64},{"x":"2016-03-01","y":84.63},{"x":"2016-04-01","y":102.27},{"x":"2016-05-01","y":143.18},{"x":"2016-06-01","y":94},{"x":"2016-07-01","y":93.34},{"x":"2016-08-01","y":112.71},{"x":"2016-09-01","y":81.25},{"x":"2016-10-01","y":85.32},{"x":"2016-11-01","y":76.13},{"x":"2016-12-01","y":70.02},{"x":"2017-01-01","y":93.2},{"x":"2017-02-01","y":60.19},{"x":"2017-03-01","y":76.02},{"x":"2017-04-01","y":101.18},{"x":"2017-05-01","y":118.49},{"x":"2017-06-01","y":106.94},{"x":"2017-07-01","y":106.16},{"x":"2017-08-01","y":102.56},{"x":"2017-09-01","y":78.6},{"x":"2017-10-01","y":67.74},{"x":"2017-11-01","y":62.28},{"x":"2017-12-01","y":60.73},{"x":"2018-01-01","y":85.42},{"x":"2018-02-01","y":76.59},{"x":"2018-03-01","y":71.15},{"x":"2018-04-01","y":72.44},{"x":"2018-05-01","y":79.9},{"x":"2018-06-01","y":133.23},{"x":"2018-07-01","y":128.63},{"x":"2018-08-01","y":72.95},{"x":"2018-09-01","y":65.53},{"x":"2018-10-01","y":53.82},{"x":"2018-11-01","y":36.82},{"x":"2018-12-01","y":49.55},{"x":"2019-01-01","y":79.8},{"x":"2019-02-01","y":64.52},{"x":"2019-03-01","y":60.17},{"x":"2019-04-01","y":100.76},{"x":"2019-05-01","y":108.87},{"x":"2019-06-01","y":123.27},{"x":"2019-07-01","y":108.27},{"x":"2019-08-01","y":106.97},{"x":"2019-09-01","y":99.7},{"x":"2019-10-01","y":89.92},{"x":"2019-11-01","y":115.03},{"x":"2019-12-01","y":105.88},{"x":"2020-01-01","y":73.35},{"x":"2020-02-01","y":45.28},{"x":"2020-03-01","y":56.02},{"x":"2020-04-01","y":72.59},{"x":"2020-05-01","y":102.4},{"x":"2020-06-01","y":111.62},{"x":"2020-07-01","y":109.34},{"x":"2020-08-01","y":87.15},{"x":"2020-09-01","y":81.25},{"x":"2020-10-01","y":81.69},{"x":"2020-11-01","y":86.72},{"x":"2020-12-01","y":92.65},{"x":"2021-01-01","y":107.02},{"x":"2021-02-01","y":100.56},{"x":"2021-03-01","y":126.07},{"x":"2021-04-01","y":151.57},{"x":"2021-05-01","y":186.63},{"x":"2021-06-01","y":159.93},{"x":"2021-07-01","y":176.01},{"x":"2021-08-01","y":145.21},{"x":"2021-09-01","y":110.96},{"x":"2021-10-01","y":127.17},{"x":"2021-11-01","y":91.15},{"x":"2021-12-01","y":133.91},{"x":"2022-01-01","y":116.27},{"x":"2022-02-01","y":131.6},{"x":"2022-03-01","y":142.1},{"x":"2022-04-01","y":166.94},{"x":"2022-05-01","y":211.59},{"x":"2022-06-01","y":190.77},{"x":"2022-07-01","y":150.67},{"x":"2022-08-01","y":153.99},{"x":"2022-09-01","y":386.68},{"x":"2022-10-01","y":64.07},{"x":"2022-11-01","y":80.81},{"x":"2022-12-01","y":185.33},{"x":"2023-01-01","y":42.18},{"x":"2023-02-01","y":35.83}],"color":"rgba(46,120,210,0.5)"}]}