{"kpi":"noconvencional","t":"Participación No Convencional","st":"En millones de m3","sd":"Este indicador <em>refleja la evolución mensual de la actividad económica</em> de 16 sectores productivos. Permite anticipar las tasas de variación del producto interno bruto (PIB) trimestral.","c":"<p>El petróleo es una mezcla de compuestos orgánicos, principalmente hidrocarburos insolubles en agua. También es conocido como oro negro, petróleo crudo o simplemente crudo. Se produce en el interior de la Tierra, por transformación de la materia orgánica acumulada en sedimentos del pasado geológico​ y puede acumularse en trampas geológicas naturales, que se localizan a nivel mundial​ y de donde se extrae mediante la perforación de pozos.</p>","fd":"datos.gob.ar","fdr":"https://datos.gob.ar/it/dataset/sspm-produccion-ventas-petroleo-derivados/archivo/sspm_363.3","fu":"MECON","fur":"https://www.argentina.gob.ar/economia/politicaeconomica/macroeconomica","frec":"Mensual","d":"El Estimador mensual de actividad económica (EMAE) refleja la evolución mensual de la actividad económica del conjunto de los sectores productivos a nivel nacional. Este indicador permite anticipar las tasas de variación del producto interno bruto (PIB) trimestral.","max":100,"min":0,"chart":{"dates":[{"x":"2006-01-01","y":0.769},{"x":"2006-02-01","y":0.787},{"x":"2006-03-01","y":0.77},{"x":"2006-04-01","y":0.746},{"x":"2006-05-01","y":0.88},{"x":"2006-06-01","y":0.87},{"x":"2006-07-01","y":0.826},{"x":"2006-08-01","y":0.837},{"x":"2006-09-01","y":0.836},{"x":"2006-10-01","y":0.875},{"x":"2006-11-01","y":0.851},{"x":"2006-12-01","y":0.89},{"x":"2007-01-01","y":0.827},{"x":"2007-02-01","y":0.814},{"x":"2007-03-01","y":0.698},{"x":"2007-04-01","y":0.715},{"x":"2007-05-01","y":0.782},{"x":"2007-06-01","y":0.74},{"x":"2007-07-01","y":0.911},{"x":"2007-08-01","y":0.893},{"x":"2007-09-01","y":0.841},{"x":"2007-10-01","y":0.886},{"x":"2007-11-01","y":0.879},{"x":"2007-12-01","y":0.894},{"x":"2008-01-01","y":0.874},{"x":"2008-02-01","y":0.876},{"x":"2008-03-01","y":0.956},{"x":"2008-04-01","y":1.08},{"x":"2008-05-01","y":1.134},{"x":"2008-06-01","y":1.196},{"x":"2008-07-01","y":1.335},{"x":"2008-08-01","y":1.417},{"x":"2008-09-01","y":1.734},{"x":"2008-10-01","y":2.045},{"x":"2008-11-01","y":2.05},{"x":"2008-12-01","y":2.07},{"x":"2009-01-01","y":2.18},{"x":"2009-02-01","y":2.25},{"x":"2009-03-01","y":2.297},{"x":"2009-04-01","y":2.195},{"x":"2009-05-01","y":2.215},{"x":"2009-06-01","y":2.144},{"x":"2009-07-01","y":1.973},{"x":"2009-08-01","y":2.091},{"x":"2009-09-01","y":2.147},{"x":"2009-10-01","y":2.209},{"x":"2009-11-01","y":1.943},{"x":"2009-12-01","y":1.895},{"x":"2010-01-01","y":2.217},{"x":"2010-02-01","y":2.249},{"x":"2010-03-01","y":2.465},{"x":"2010-04-01","y":2.428},{"x":"2010-05-01","y":2.421},{"x":"2010-06-01","y":2.583},{"x":"2010-07-01","y":2.585},{"x":"2010-08-01","y":2.686},{"x":"2010-09-01","y":2.817},{"x":"2010-10-01","y":3.078},{"x":"2010-11-01","y":3.031},{"x":"2010-12-01","y":3.381},{"x":"2011-01-01","y":3.421},{"x":"2011-02-01","y":3.197},{"x":"2011-03-01","y":3.388},{"x":"2011-04-01","y":3.752},{"x":"2011-05-01","y":3.896},{"x":"2011-06-01","y":4.1},{"x":"2011-07-01","y":4.179},{"x":"2011-08-01","y":4.424},{"x":"2011-09-01","y":4.648},{"x":"2011-10-01","y":4.514},{"x":"2011-11-01","y":4.611},{"x":"2011-12-01","y":4.772},{"x":"2012-01-01","y":4.61},{"x":"2012-02-01","y":4.874},{"x":"2012-03-01","y":4.913},{"x":"2012-04-01","y":5.175},{"x":"2012-05-01","y":5.521},{"x":"2012-06-01","y":5.616},{"x":"2012-07-01","y":5.713},{"x":"2012-08-01","y":5.68},{"x":"2012-09-01","y":5.825},{"x":"2012-10-01","y":5.757},{"x":"2012-11-01","y":5.943},{"x":"2012-12-01","y":6.002},{"x":"2013-01-01","y":6.065},{"x":"2013-02-01","y":6.08},{"x":"2013-03-01","y":6.449},{"x":"2013-04-01","y":6.369},{"x":"2013-05-01","y":6.29},{"x":"2013-06-01","y":6.251},{"x":"2013-07-01","y":6.786},{"x":"2013-08-01","y":7.118},{"x":"2013-09-01","y":7.524},{"x":"2013-10-01","y":7.912},{"x":"2013-11-01","y":8.401},{"x":"2013-12-01","y":9.209},{"x":"2014-01-01","y":9.534},{"x":"2014-02-01","y":9.63},{"x":"2014-03-01","y":9.682},{"x":"2014-04-01","y":10.58},{"x":"2014-05-01","y":11.178},{"x":"2014-06-01","y":11.515},{"x":"2014-07-01","y":12.105},{"x":"2014-08-01","y":13.043},{"x":"2014-09-01","y":13.258},{"x":"2014-10-01","y":13.828},{"x":"2014-11-01","y":14.293},{"x":"2014-12-01","y":14.658},{"x":"2015-01-01","y":15.233},{"x":"2015-02-01","y":15.344},{"x":"2015-03-01","y":15.765},{"x":"2015-04-01","y":16.134},{"x":"2015-05-01","y":16.403},{"x":"2015-06-01","y":16.86},{"x":"2015-07-01","y":17.701},{"x":"2015-08-01","y":17.9},{"x":"2015-09-01","y":18.266},{"x":"2015-10-01","y":18.541},{"x":"2015-11-01","y":18.938},{"x":"2015-12-01","y":20.368},{"x":"2016-01-01","y":19.862},{"x":"2016-02-01","y":20.396},{"x":"2016-03-01","y":20.946},{"x":"2016-04-01","y":21.84},{"x":"2016-05-01","y":22.662},{"x":"2016-06-01","y":22.948},{"x":"2016-07-01","y":23.159},{"x":"2016-08-01","y":23.437},{"x":"2016-09-01","y":23.427},{"x":"2016-10-01","y":24.507},{"x":"2016-11-01","y":24.858},{"x":"2016-12-01","y":24.929},{"x":"2017-01-01","y":24.993},{"x":"2017-02-01","y":26.464},{"x":"2017-03-01","y":25.62},{"x":"2017-04-01","y":26.264},{"x":"2017-05-01","y":26.603},{"x":"2017-06-01","y":26.494},{"x":"2017-07-01","y":26.816},{"x":"2017-08-01","y":27.23},{"x":"2017-09-01","y":27.215},{"x":"2017-10-01","y":27.643},{"x":"2017-11-01","y":27.767},{"x":"2017-12-01","y":28.78},{"x":"2018-01-01","y":29.86},{"x":"2018-02-01","y":31.968},{"x":"2018-03-01","y":32.914},{"x":"2018-04-01","y":33.404},{"x":"2018-05-01","y":33.612},{"x":"2018-06-01","y":35.849},{"x":"2018-07-01","y":35.578},{"x":"2018-08-01","y":36.562},{"x":"2018-09-01","y":37.216},{"x":"2018-10-01","y":37.877},{"x":"2018-11-01","y":40.628},{"x":"2018-12-01","y":39.67},{"x":"2019-01-01","y":41.047},{"x":"2019-02-01","y":41.359},{"x":"2019-03-01","y":40.671},{"x":"2019-04-01","y":40.8},{"x":"2019-05-01","y":41.657},{"x":"2019-06-01","y":43.455},{"x":"2019-07-01","y":43.757},{"x":"2019-08-01","y":44.492},{"x":"2019-09-01","y":44.189},{"x":"2019-10-01","y":44.614},{"x":"2019-11-01","y":42.577},{"x":"2019-12-01","y":43.212},{"x":"2020-01-01","y":44.507},{"x":"2020-02-01","y":43.855},{"x":"2020-03-01","y":43.23},{"x":"2020-04-01","y":42.166},{"x":"2020-05-01","y":42.547},{"x":"2020-06-01","y":43.115},{"x":"2020-07-01","y":43.602},{"x":"2020-08-01","y":43.637},{"x":"2020-09-01","y":42.346},{"x":"2020-10-01","y":42.759},{"x":"2020-11-01","y":40.662},{"x":"2020-12-01","y":41.02},{"x":"2021-01-01","y":41.671},{"x":"2021-02-01","y":41.625},{"x":"2021-03-01","y":42.584},{"x":"2021-04-01","y":41.51},{"x":"2021-05-01","y":44.85},{"x":"2021-06-01","y":48.232},{"x":"2021-07-01","y":49.619},{"x":"2021-08-01","y":50.827},{"x":"2021-09-01","y":51.47},{"x":"2021-10-01","y":51.38},{"x":"2021-11-01","y":51.976},{"x":"2021-12-01","y":52.049},{"x":"2022-01-01","y":52.749},{"x":"2022-02-01","y":51.777},{"x":"2022-03-01","y":55.126},{"x":"2022-04-01","y":52.964},{"x":"2022-05-01","y":55.512},{"x":"2022-06-01","y":56.098},{"x":"2022-07-01","y":56.594},{"x":"2022-08-01","y":56.694},{"x":"2022-09-01","y":55.598},{"x":"2022-10-01","y":55.019},{"x":"2022-11-01","y":53.678},{"x":"2022-12-01","y":54.909}],"dimensions":[{"fillColor":"rgba(46,120,210,0.05)","label":"Shale","data":[{"x":"2006-01-01","y":0.769},{"x":"2006-02-01","y":0.787},{"x":"2006-03-01","y":0.77},{"x":"2006-04-01","y":0.746},{"x":"2006-05-01","y":0.88},{"x":"2006-06-01","y":0.87},{"x":"2006-07-01","y":0.826},{"x":"2006-08-01","y":0.837},{"x":"2006-09-01","y":0.836},{"x":"2006-10-01","y":0.875},{"x":"2006-11-01","y":0.851},{"x":"2006-12-01","y":0.89},{"x":"2007-01-01","y":0.827},{"x":"2007-02-01","y":0.814},{"x":"2007-03-01","y":0.698},{"x":"2007-04-01","y":0.715},{"x":"2007-05-01","y":0.782},{"x":"2007-06-01","y":0.74},{"x":"2007-07-01","y":0.911},{"x":"2007-08-01","y":0.893},{"x":"2007-09-01","y":0.841},{"x":"2007-10-01","y":0.886},{"x":"2007-11-01","y":0.879},{"x":"2007-12-01","y":0.894},{"x":"2008-01-01","y":0.874},{"x":"2008-02-01","y":0.876},{"x":"2008-03-01","y":0.956},{"x":"2008-04-01","y":1.08},{"x":"2008-05-01","y":1.134},{"x":"2008-06-01","y":1.196},{"x":"2008-07-01","y":1.335},{"x":"2008-08-01","y":1.417},{"x":"2008-09-01","y":1.734},{"x":"2008-10-01","y":2.045},{"x":"2008-11-01","y":2.05},{"x":"2008-12-01","y":2.07},{"x":"2009-01-01","y":2.18},{"x":"2009-02-01","y":2.25},{"x":"2009-03-01","y":2.297},{"x":"2009-04-01","y":2.195},{"x":"2009-05-01","y":2.215},{"x":"2009-06-01","y":2.144},{"x":"2009-07-01","y":1.973},{"x":"2009-08-01","y":2.091},{"x":"2009-09-01","y":2.147},{"x":"2009-10-01","y":2.209},{"x":"2009-11-01","y":1.943},{"x":"2009-12-01","y":1.895},{"x":"2010-01-01","y":2.217},{"x":"2010-02-01","y":2.249},{"x":"2010-03-01","y":2.465},{"x":"2010-04-01","y":2.428},{"x":"2010-05-01","y":2.421},{"x":"2010-06-01","y":2.583},{"x":"2010-07-01","y":2.585},{"x":"2010-08-01","y":2.686},{"x":"2010-09-01","y":2.817},{"x":"2010-10-01","y":3.078},{"x":"2010-11-01","y":3.031},{"x":"2010-12-01","y":3.381},{"x":"2011-01-01","y":3.421},{"x":"2011-02-01","y":3.197},{"x":"2011-03-01","y":3.388},{"x":"2011-04-01","y":3.752},{"x":"2011-05-01","y":3.896},{"x":"2011-06-01","y":4.1},{"x":"2011-07-01","y":4.179},{"x":"2011-08-01","y":4.424},{"x":"2011-09-01","y":4.648},{"x":"2011-10-01","y":4.514},{"x":"2011-11-01","y":4.611},{"x":"2011-12-01","y":4.772},{"x":"2012-01-01","y":4.61},{"x":"2012-02-01","y":4.874},{"x":"2012-03-01","y":4.913},{"x":"2012-04-01","y":5.175},{"x":"2012-05-01","y":5.521},{"x":"2012-06-01","y":5.616},{"x":"2012-07-01","y":5.713},{"x":"2012-08-01","y":5.68},{"x":"2012-09-01","y":5.825},{"x":"2012-10-01","y":5.757},{"x":"2012-11-01","y":5.943},{"x":"2012-12-01","y":6.002},{"x":"2013-01-01","y":6.065},{"x":"2013-02-01","y":6.08},{"x":"2013-03-01","y":6.449},{"x":"2013-04-01","y":6.369},{"x":"2013-05-01","y":6.29},{"x":"2013-06-01","y":6.251},{"x":"2013-07-01","y":6.786},{"x":"2013-08-01","y":7.118},{"x":"2013-09-01","y":7.524},{"x":"2013-10-01","y":7.912},{"x":"2013-11-01","y":8.401},{"x":"2013-12-01","y":9.209},{"x":"2014-01-01","y":9.534},{"x":"2014-02-01","y":9.63},{"x":"2014-03-01","y":9.682},{"x":"2014-04-01","y":10.58},{"x":"2014-05-01","y":11.178},{"x":"2014-06-01","y":11.515},{"x":"2014-07-01","y":12.105},{"x":"2014-08-01","y":13.043},{"x":"2014-09-01","y":13.258},{"x":"2014-10-01","y":13.828},{"x":"2014-11-01","y":14.293},{"x":"2014-12-01","y":14.658},{"x":"2015-01-01","y":15.233},{"x":"2015-02-01","y":15.344},{"x":"2015-03-01","y":15.765},{"x":"2015-04-01","y":16.134},{"x":"2015-05-01","y":16.403},{"x":"2015-06-01","y":16.86},{"x":"2015-07-01","y":17.701},{"x":"2015-08-01","y":17.9},{"x":"2015-09-01","y":18.266},{"x":"2015-10-01","y":18.541},{"x":"2015-11-01","y":18.938},{"x":"2015-12-01","y":20.368},{"x":"2016-01-01","y":19.862},{"x":"2016-02-01","y":20.396},{"x":"2016-03-01","y":20.946},{"x":"2016-04-01","y":21.84},{"x":"2016-05-01","y":22.662},{"x":"2016-06-01","y":22.948},{"x":"2016-07-01","y":23.159},{"x":"2016-08-01","y":23.437},{"x":"2016-09-01","y":23.427},{"x":"2016-10-01","y":24.507},{"x":"2016-11-01","y":24.858},{"x":"2016-12-01","y":24.929},{"x":"2017-01-01","y":24.993},{"x":"2017-02-01","y":26.464},{"x":"2017-03-01","y":25.62},{"x":"2017-04-01","y":26.264},{"x":"2017-05-01","y":26.603},{"x":"2017-06-01","y":26.494},{"x":"2017-07-01","y":26.816},{"x":"2017-08-01","y":27.23},{"x":"2017-09-01","y":27.215},{"x":"2017-10-01","y":27.643},{"x":"2017-11-01","y":27.767},{"x":"2017-12-01","y":28.78},{"x":"2018-01-01","y":29.86},{"x":"2018-02-01","y":31.968},{"x":"2018-03-01","y":32.914},{"x":"2018-04-01","y":33.404},{"x":"2018-05-01","y":33.612},{"x":"2018-06-01","y":35.849},{"x":"2018-07-01","y":35.578},{"x":"2018-08-01","y":36.562},{"x":"2018-09-01","y":37.216},{"x":"2018-10-01","y":37.877},{"x":"2018-11-01","y":40.628},{"x":"2018-12-01","y":39.67},{"x":"2019-01-01","y":41.047},{"x":"2019-02-01","y":41.359},{"x":"2019-03-01","y":40.671},{"x":"2019-04-01","y":40.8},{"x":"2019-05-01","y":41.657},{"x":"2019-06-01","y":43.455},{"x":"2019-07-01","y":43.757},{"x":"2019-08-01","y":44.492},{"x":"2019-09-01","y":44.189},{"x":"2019-10-01","y":44.614},{"x":"2019-11-01","y":42.577},{"x":"2019-12-01","y":43.212},{"x":"2020-01-01","y":44.507},{"x":"2020-02-01","y":43.855},{"x":"2020-03-01","y":43.23},{"x":"2020-04-01","y":42.166},{"x":"2020-05-01","y":42.547},{"x":"2020-06-01","y":43.115},{"x":"2020-07-01","y":43.602},{"x":"2020-08-01","y":43.637},{"x":"2020-09-01","y":42.346},{"x":"2020-10-01","y":42.759},{"x":"2020-11-01","y":40.662},{"x":"2020-12-01","y":41.02},{"x":"2021-01-01","y":41.671},{"x":"2021-02-01","y":41.625},{"x":"2021-03-01","y":42.584},{"x":"2021-04-01","y":41.51},{"x":"2021-05-01","y":44.85},{"x":"2021-06-01","y":48.232},{"x":"2021-07-01","y":49.619},{"x":"2021-08-01","y":50.827},{"x":"2021-09-01","y":51.47},{"x":"2021-10-01","y":51.38},{"x":"2021-11-01","y":51.976},{"x":"2021-12-01","y":52.049},{"x":"2022-01-01","y":52.749},{"x":"2022-02-01","y":51.777},{"x":"2022-03-01","y":55.126},{"x":"2022-04-01","y":52.964},{"x":"2022-05-01","y":55.512},{"x":"2022-06-01","y":56.098},{"x":"2022-07-01","y":56.594},{"x":"2022-08-01","y":56.694},{"x":"2022-09-01","y":55.598},{"x":"2022-10-01","y":55.019},{"x":"2022-11-01","y":53.678},{"x":"2022-12-01","y":54.909}],"color":"#2E78D2"}]}}