{"kpi":"superficiesembrada","t":"Superficie Sembrada","st":"En Hectareas","sd":"Este indicador <em>refleja la evolución mensual de la actividad económica</em> de 16 sectores productivos. Permite anticipar las tasas de variación del producto interno bruto (PIB) trimestral.","c":"<p>El indicador de Producción de Petróleo en Argentina se refiere a la cantidad total de petróleo crudo producido en el país en un período determinado, medido en millones de metros cúbicos (m3). La producción de petróleo es uno de los indicadores clave de la economía argentina, ya que el país tiene una importante industria petrolera que es una fuente importante de ingresos y empleo.</p><p>La producción de petróleo en Argentina ha experimentado altibajos en las últimas décadas, con períodos de crecimiento y de declive. En general, la producción de petróleo se ha visto afectada por una serie de factores, como los precios del petróleo, las inversiones en la industria, la exploración de nuevas reservas y los avances tecnológicos.</p><p>El pico de producción de petróleo en Argentina se alcanzó en la década de 1990, cuando se producían más de 1.000 millones de metros cúbicos de petróleo crudo al año. Sin embargo, la producción ha disminuido desde entonces, alcanzando su nivel más bajo en 2017, cuando se produjeron alrededor de 470 millones de metros cúbicos. Desde entonces, la producción ha mostrado cierta recuperación, alcanzando los 554 millones de metros cúbicos en 2019.</p><p>Es importante destacar que la producción de petróleo de Argentina se concentra en las cuencas del golfo San Jorge, Neuquina y Cuyana, que representan la mayor parte de la producción de petróleo del país. También hay una producción menor en las cuencas del Chaco, Austral y Colorado.</p>","fd":"datos.gob.ar","fdr":"https://datos.gob.ar/it/dataset/sspm-produccion-ventas-petroleo-derivados/archivo/sspm_363.3","fu":"MECON","fur":"https://www.argentina.gob.ar/economia/politicaeconomica/macroeconomica","frec":"Anual","fruc":"mean","d":"El Estimador mensual de actividad económica (EMAE) refleja la evolución mensual de la actividad económica del conjunto de los sectores productivos a nivel nacional. Este indicador permite anticipar las tasas de variación del producto interno bruto (PIB) trimestral.","dimensions":[{"label":"Soja","data":[{"x":"1979-01-01","y":2100000},{"x":"1980-01-01","y":1925000},{"x":"1981-01-01","y":2040000},{"x":"1982-01-01","y":2362000},{"x":"1983-01-01","y":2920000},{"x":"1984-01-01","y":3300000},{"x":"1985-01-01","y":3340000},{"x":"1986-01-01","y":3700000},{"x":"1987-01-01","y":4413000},{"x":"1988-01-01","y":4670000},{"x":"1989-01-01","y":5100000},{"x":"1990-01-01","y":4966600},{"x":"1991-01-01","y":5004000},{"x":"1992-01-01","y":5319660},{"x":"1993-01-01","y":5817490},{"x":"1994-01-01","y":6011240},{"x":"1995-01-01","y":6002155},{"x":"1996-01-01","y":6669500},{"x":"1997-01-01","y":7176250},{"x":"1998-01-01","y":8400000},{"x":"1999-01-01","y":8790500},{"x":"2000-01-01","y":10665000},{"x":"2001-01-01","y":11639000},{"x":"2002-01-01","y":12607000},{"x":"2003-01-01","y":14525000},{"x":"2004-01-01","y":14400000},{"x":"2005-01-01","y":15329000},{"x":"2006-01-01","y":16141000},{"x":"2007-01-01","y":16600000},{"x":"2008-01-01","y":18000000},{"x":"2009-01-01","y":18860000},{"x":"2010-01-01","y":18885000},{"x":"2011-01-01","y":18670000},{"x":"2012-01-01","y":20000000},{"x":"2013-01-01","y":19700000},{"x":"2014-01-01","y":19790000},{"x":"2015-01-01","y":20479000},{"x":"2016-01-01","y":18057000},{"x":"2017-01-01","y":17260000},{"x":"2018-01-01","y":17000000},{"x":"2019-01-01","y":16900000},{"x":"2020-01-01","y":16650000},{"x":"2021-01-01","y":16094000},{"x":"2022-01-01","y":16300000}],"color":"#2E78D2"},{"label":"Algodon","data":[{"x":"1979-01-01","y":0},{"x":"1980-01-01","y":0},{"x":"1981-01-01","y":0},{"x":"1982-01-01","y":0},{"x":"1983-01-01","y":0},{"x":"1984-01-01","y":0},{"x":"1985-01-01","y":0},{"x":"1986-01-01","y":0},{"x":"1987-01-01","y":0},{"x":"1988-01-01","y":0},{"x":"1989-01-01","y":0},{"x":"1990-01-01","y":0},{"x":"1991-01-01","y":0},{"x":"1992-01-01","y":0},{"x":"1993-01-01","y":0},{"x":"1994-01-01","y":0},{"x":"1995-01-01","y":0},{"x":"1996-01-01","y":0},{"x":"1997-01-01","y":0},{"x":"1998-01-01","y":0},{"x":"1999-01-01","y":0},{"x":"2000-01-01","y":410000},{"x":"2001-01-01","y":173100},{"x":"2002-01-01","y":158000},{"x":"2003-01-01","y":266000},{"x":"2004-01-01","y":406000},{"x":"2005-01-01","y":309000},{"x":"2006-01-01","y":403000},{"x":"2007-01-01","y":310000},{"x":"2008-01-01","y":299000},{"x":"2009-01-01","y":489410},{"x":"2010-01-01","y":640765},{"x":"2011-01-01","y":622000},{"x":"2012-01-01","y":411000},{"x":"2013-01-01","y":552000},{"x":"2014-01-01","y":524000},{"x":"2015-01-01","y":406000},{"x":"2016-01-01","y":253000},{"x":"2017-01-01","y":327000},{"x":"2018-01-01","y":441000},{"x":"2019-01-01","y":450000},{"x":"2020-01-01","y":415000},{"x":"2021-01-01","y":504000},{"x":"2022-01-01","y":480000}],"color":"rgba(46,120,210,0.3)"},{"label":"Alpiste","data":[{"x":"1979-01-01","y":56000},{"x":"1980-01-01","y":49500},{"x":"1981-01-01","y":51100},{"x":"1982-01-01","y":57300},{"x":"1983-01-01","y":60000},{"x":"1984-01-01","y":56900},{"x":"1985-01-01","y":25800},{"x":"1986-01-01","y":59000},{"x":"1987-01-01","y":46500},{"x":"1988-01-01","y":59100},{"x":"1989-01-01","y":58200},{"x":"1990-01-01","y":40200},{"x":"1991-01-01","y":35100},{"x":"1992-01-01","y":30235},{"x":"1993-01-01","y":22380},{"x":"1994-01-01","y":20975},{"x":"1995-01-01","y":19900},{"x":"1996-01-01","y":24645},{"x":"1997-01-01","y":24930},{"x":"1998-01-01","y":26725},{"x":"1999-01-01","y":23885},{"x":"2000-01-01","y":20000},{"x":"2001-01-01","y":16000},{"x":"2002-01-01","y":19000},{"x":"2003-01-01","y":16000},{"x":"2004-01-01","y":16000},{"x":"2005-01-01","y":13000},{"x":"2006-01-01","y":9000},{"x":"2007-01-01","y":11000},{"x":"2008-01-01","y":11000},{"x":"2009-01-01","y":11000},{"x":"2010-01-01","y":17000},{"x":"2011-01-01","y":14000},{"x":"2012-01-01","y":14000},{"x":"2013-01-01","y":28000},{"x":"2014-01-01","y":26000},{"x":"2015-01-01","y":19000},{"x":"2016-01-01","y":32000},{"x":"2017-01-01","y":15000},{"x":"2018-01-01","y":27000},{"x":"2019-01-01","y":15000},{"x":"2020-01-01","y":30270},{"x":"2021-01-01","y":27500},{"x":"2022-01-01","y":28000}],"color":"rgba(46,120,210,0.6)"},{"label":"Arroz","data":[{"x":"1979-01-01","y":87800},{"x":"1980-01-01","y":84800},{"x":"1981-01-01","y":117300},{"x":"1982-01-01","y":108800},{"x":"1983-01-01","y":130685},{"x":"1984-01-01","y":110800},{"x":"1985-01-01","y":117000},{"x":"1986-01-01","y":98700},{"x":"1987-01-01","y":91700},{"x":"1988-01-01","y":115500},{"x":"1989-01-01","y":132180},{"x":"1990-01-01","y":98000},{"x":"1991-01-01","y":139150},{"x":"1992-01-01","y":144100},{"x":"1993-01-01","y":148200},{"x":"1994-01-01","y":188520},{"x":"1995-01-01","y":211400},{"x":"1996-01-01","y":226573},{"x":"1997-01-01","y":247500},{"x":"1998-01-01","y":290850},{"x":"1999-01-01","y":200700},{"x":"2000-01-01","y":154000},{"x":"2001-01-01","y":126000},{"x":"2002-01-01","y":135000},{"x":"2003-01-01","y":172000},{"x":"2004-01-01","y":165000},{"x":"2005-01-01","y":171300},{"x":"2006-01-01","y":168000},{"x":"2007-01-01","y":184000},{"x":"2008-01-01","y":205000},{"x":"2009-01-01","y":220000},{"x":"2010-01-01","y":258000},{"x":"2011-01-01","y":237000},{"x":"2012-01-01","y":233000},{"x":"2013-01-01","y":243000},{"x":"2014-01-01","y":239000},{"x":"2015-01-01","y":215000},{"x":"2016-01-01","y":206000},{"x":"2017-01-01","y":202000},{"x":"2018-01-01","y":195000},{"x":"2019-01-01","y":185000},{"x":"2020-01-01","y":200000},{"x":"2021-01-01","y":205000},{"x":"2022-01-01","y":190000}],"color":"rgba(46,120,210,0.3)"},{"label":"Avena","data":[{"x":"1979-01-01","y":1680000},{"x":"1980-01-01","y":1718000},{"x":"1981-01-01","y":1615000},{"x":"1982-01-01","y":1856000},{"x":"1983-01-01","y":1800000},{"x":"1984-01-01","y":1774000},{"x":"1985-01-01","y":1739000},{"x":"1986-01-01","y":1530000},{"x":"1987-01-01","y":1960000},{"x":"1988-01-01","y":1830000},{"x":"1989-01-01","y":2100000},{"x":"1990-01-01","y":1815000},{"x":"1991-01-01","y":2180000},{"x":"1992-01-01","y":2006100},{"x":"1993-01-01","y":1971400},{"x":"1994-01-01","y":1971835},{"x":"1995-01-01","y":1847915},{"x":"1996-01-01","y":1870180},{"x":"1997-01-01","y":1789200},{"x":"1998-01-01","y":1822240},{"x":"1999-01-01","y":1711460},{"x":"2000-01-01","y":1664000},{"x":"2001-01-01","y":1516000},{"x":"2002-01-01","y":1368000},{"x":"2003-01-01","y":1344000},{"x":"2004-01-01","y":1275000},{"x":"2005-01-01","y":1023000},{"x":"2006-01-01","y":1067000},{"x":"2007-01-01","y":1113000},{"x":"2008-01-01","y":1055000},{"x":"2009-01-01","y":917000},{"x":"2010-01-01","y":1133000},{"x":"2011-01-01","y":1057000},{"x":"2012-01-01","y":1224000},{"x":"2013-01-01","y":1460000},{"x":"2014-01-01","y":1340000},{"x":"2015-01-01","y":1329000},{"x":"2016-01-01","y":1350000},{"x":"2017-01-01","y":1151000},{"x":"2018-01-01","y":1353000},{"x":"2019-01-01","y":1485000},{"x":"2020-01-01","y":1405500},{"x":"2021-01-01","y":1482890},{"x":"2022-01-01","y":1380000}],"color":"rgba(46,120,210,0.3)"},{"label":"Cartamo","data":[{"x":"1979-01-01","y":700},{"x":"1980-01-01","y":1000},{"x":"1981-01-01","y":650},{"x":"1982-01-01","y":3720},{"x":"1983-01-01","y":9400},{"x":"1984-01-01","y":13125},{"x":"1985-01-01","y":14000},{"x":"1986-01-01","y":7300},{"x":"1987-01-01","y":16400},{"x":"1988-01-01","y":22000},{"x":"1989-01-01","y":26000},{"x":"1990-01-01","y":22000},{"x":"1991-01-01","y":21500},{"x":"1992-01-01","y":24200},{"x":"1993-01-01","y":19050},{"x":"1994-01-01","y":21000},{"x":"1995-01-01","y":13750},{"x":"1996-01-01","y":21500},{"x":"1997-01-01","y":27000},{"x":"1998-01-01","y":15300},{"x":"1999-01-01","y":39700},{"x":"2000-01-01","y":58400},{"x":"2001-01-01","y":33000},{"x":"2002-01-01","y":23000},{"x":"2003-01-01","y":30000},{"x":"2004-01-01","y":49000},{"x":"2005-01-01","y":27000},{"x":"2006-01-01","y":76000},{"x":"2007-01-01","y":44000},{"x":"2008-01-01","y":100000},{"x":"2009-01-01","y":74000},{"x":"2010-01-01","y":92000},{"x":"2011-01-01","y":171000},{"x":"2012-01-01","y":119000},{"x":"2013-01-01","y":9000},{"x":"2014-01-01","y":44000},{"x":"2015-01-01","y":80000},{"x":"2016-01-01","y":26000},{"x":"2017-01-01","y":35000},{"x":"2018-01-01","y":28650},{"x":"2019-01-01","y":27000},{"x":"2020-01-01","y":6000},{"x":"2021-01-01","y":5150},{"x":"2022-01-01","y":6900}],"color":"rgba(46,120,210,0.3)"},{"label":"Cebada Cervecera","data":[{"x":"1979-01-01","y":222000},{"x":"1980-01-01","y":176700},{"x":"1981-01-01","y":140000},{"x":"1982-01-01","y":103000},{"x":"1983-01-01","y":79000},{"x":"1984-01-01","y":89000},{"x":"1985-01-01","y":60000},{"x":"1986-01-01","y":59300},{"x":"1987-01-01","y":123700},{"x":"1988-01-01","y":150000},{"x":"1989-01-01","y":179400},{"x":"1990-01-01","y":147300},{"x":"1991-01-01","y":233400},{"x":"1992-01-01","y":239300},{"x":"1993-01-01","y":202050},{"x":"1994-01-01","y":147450},{"x":"1995-01-01","y":230750},{"x":"1996-01-01","y":278100},{"x":"1997-01-01","y":323930},{"x":"1998-01-01","y":217165},{"x":"1999-01-01","y":182490},{"x":"2000-01-01","y":246000},{"x":"2001-01-01","y":260000},{"x":"2002-01-01","y":270000},{"x":"2003-01-01","y":343000},{"x":"2004-01-01","y":272000},{"x":"2005-01-01","y":273000},{"x":"2006-01-01","y":339000},{"x":"2007-01-01","y":472000},{"x":"2008-01-01","y":627000},{"x":"2009-01-01","y":588000},{"x":"2010-01-01","y":804000},{"x":"2011-01-01","y":1229000},{"x":"2012-01-01","y":1876000},{"x":"2013-01-01","y":1342000},{"x":"2014-01-01","y":1082000},{"x":"2015-01-01","y":1514000},{"x":"2016-01-01","y":980000},{"x":"2017-01-01","y":1020000},{"x":"2018-01-01","y":1353100},{"x":"2019-01-01","y":1277000},{"x":"2020-01-01","y":1237000},{"x":"2021-01-01","y":1635620},{"x":"2022-01-01","y":1800000}],"color":"rgba(46,120,210,0.3)"},{"label":"Cebada Forrajera","data":[{"x":"1979-01-01","y":370000},{"x":"1980-01-01","y":378000},{"x":"1981-01-01","y":269000},{"x":"1982-01-01","y":250400},{"x":"1983-01-01","y":213000},{"x":"1984-01-01","y":192800},{"x":"1985-01-01","y":166000},{"x":"1986-01-01","y":150000},{"x":"1987-01-01","y":122000},{"x":"1988-01-01","y":100000},{"x":"1989-01-01","y":94800},{"x":"1990-01-01","y":66200},{"x":"1991-01-01","y":54000},{"x":"1992-01-01","y":45500},{"x":"1993-01-01","y":40300},{"x":"1994-01-01","y":41387},{"x":"1995-01-01","y":31445},{"x":"1996-01-01","y":28750},{"x":"1997-01-01","y":19390},{"x":"1998-01-01","y":24230},{"x":"1999-01-01","y":20050},{"x":"2000-01-01","y":16000},{"x":"2001-01-01","y":16000},{"x":"2002-01-01","y":14000},{"x":"2003-01-01","y":25000},{"x":"2004-01-01","y":28000},{"x":"2005-01-01","y":22000},{"x":"2006-01-01","y":27000},{"x":"2007-01-01","y":0},{"x":"2008-01-01","y":0},{"x":"2009-01-01","y":0},{"x":"2010-01-01","y":0},{"x":"2011-01-01","y":0},{"x":"2012-01-01","y":0},{"x":"2013-01-01","y":0},{"x":"2014-01-01","y":0},{"x":"2015-01-01","y":0},{"x":"2016-01-01","y":0},{"x":"2017-01-01","y":0},{"x":"2018-01-01","y":0},{"x":"2019-01-01","y":0},{"x":"2020-01-01","y":0},{"x":"2021-01-01","y":0},{"x":"2022-01-01","y":0}],"color":"rgba(46,120,210,0.3)"},{"label":"Centeno","data":[{"x":"1979-01-01","y":1494000},{"x":"1980-01-01","y":1489200},{"x":"1981-01-01","y":1338400},{"x":"1982-01-01","y":1483000},{"x":"1983-01-01","y":1222500},{"x":"1984-01-01","y":1070300},{"x":"1985-01-01","y":830000},{"x":"1986-01-01","y":775500},{"x":"1987-01-01","y":581200},{"x":"1988-01-01","y":460000},{"x":"1989-01-01","y":595000},{"x":"1990-01-01","y":507000},{"x":"1991-01-01","y":451800},{"x":"1992-01-01","y":462900},{"x":"1993-01-01","y":460400},{"x":"1994-01-01","y":473000},{"x":"1995-01-01","y":390305},{"x":"1996-01-01","y":380200},{"x":"1997-01-01","y":352900},{"x":"1998-01-01","y":372300},{"x":"1999-01-01","y":386750},{"x":"2000-01-01","y":373000},{"x":"2001-01-01","y":336000},{"x":"2002-01-01","y":338000},{"x":"2003-01-01","y":340000},{"x":"2004-01-01","y":294000},{"x":"2005-01-01","y":207000},{"x":"2006-01-01","y":221000},{"x":"2007-01-01","y":227000},{"x":"2008-01-01","y":203000},{"x":"2009-01-01","y":152000},{"x":"2010-01-01","y":159000},{"x":"2011-01-01","y":156000},{"x":"2012-01-01","y":163000},{"x":"2013-01-01","y":310000},{"x":"2014-01-01","y":319000},{"x":"2015-01-01","y":332000},{"x":"2016-01-01","y":307000},{"x":"2017-01-01","y":323000},{"x":"2018-01-01","y":345000},{"x":"2019-01-01","y":726000},{"x":"2020-01-01","y":668000},{"x":"2021-01-01","y":919730},{"x":"2022-01-01","y":800000}],"color":"rgba(46,120,210,0.3)"},{"label":"Colza","data":[{"x":"1979-01-01","y":35100},{"x":"1980-01-01","y":3100},{"x":"1981-01-01","y":0},{"x":"1982-01-01","y":0},{"x":"1983-01-01","y":0},{"x":"1984-01-01","y":0},{"x":"1985-01-01","y":0},{"x":"1986-01-01","y":0},{"x":"1987-01-01","y":0},{"x":"1988-01-01","y":0},{"x":"1989-01-01","y":0},{"x":"1990-01-01","y":0},{"x":"1991-01-01","y":45550},{"x":"1992-01-01","y":19870},{"x":"1993-01-01","y":7935},{"x":"1994-01-01","y":15900},{"x":"1995-01-01","y":9900},{"x":"1996-01-01","y":4000},{"x":"1997-01-01","y":1520},{"x":"1998-01-01","y":2200},{"x":"1999-01-01","y":3875},{"x":"2000-01-01","y":8700},{"x":"2001-01-01","y":2150},{"x":"2002-01-01","y":8000},{"x":"2003-01-01","y":18000},{"x":"2004-01-01","y":17000},{"x":"2005-01-01","y":7000},{"x":"2006-01-01","y":10000},{"x":"2007-01-01","y":14000},{"x":"2008-01-01","y":42000},{"x":"2009-01-01","y":12000},{"x":"2010-01-01","y":13000},{"x":"2011-01-01","y":30000},{"x":"2012-01-01","y":93000},{"x":"2013-01-01","y":72000},{"x":"2014-01-01","y":56000},{"x":"2015-01-01","y":37000},{"x":"2016-01-01","y":25000},{"x":"2017-01-01","y":18300},{"x":"2018-01-01","y":18700},{"x":"2019-01-01","y":16600},{"x":"2020-01-01","y":19000},{"x":"2021-01-01","y":25800},{"x":"2022-01-01","y":23500}],"color":"rgba(46,120,210,0.3)"},{"label":"Girasol","data":[{"x":"1979-01-01","y":2000000},{"x":"1980-01-01","y":1390000},{"x":"1981-01-01","y":1733000},{"x":"1982-01-01","y":1930000},{"x":"1983-01-01","y":2131000},{"x":"1984-01-01","y":2380000},{"x":"1985-01-01","y":3140000},{"x":"1986-01-01","y":1890500},{"x":"1987-01-01","y":2117000},{"x":"1988-01-01","y":2313000},{"x":"1989-01-01","y":2800000},{"x":"1990-01-01","y":2372350},{"x":"1991-01-01","y":2724375},{"x":"1992-01-01","y":2187100},{"x":"1993-01-01","y":2205800},{"x":"1994-01-01","y":3010440},{"x":"1995-01-01","y":3410600},{"x":"1996-01-01","y":3119750},{"x":"1997-01-01","y":3511400},{"x":"1998-01-01","y":4243800},{"x":"1999-01-01","y":3587000},{"x":"2000-01-01","y":1891000},{"x":"2001-01-01","y":2050000},{"x":"2002-01-01","y":2378000},{"x":"2003-01-01","y":1850000},{"x":"2004-01-01","y":1970000},{"x":"2005-01-01","y":2260000},{"x":"2006-01-01","y":2381000},{"x":"2007-01-01","y":2620000},{"x":"2008-01-01","y":1967000},{"x":"2009-01-01","y":1545300},{"x":"2010-01-01","y":1758000},{"x":"2011-01-01","y":1851000},{"x":"2012-01-01","y":1660000},{"x":"2013-01-01","y":1300000},{"x":"2014-01-01","y":1465000},{"x":"2015-01-01","y":1435000},{"x":"2016-01-01","y":1860000},{"x":"2017-01-01","y":1704000},{"x":"2018-01-01","y":1826000},{"x":"2019-01-01","y":1400000},{"x":"2020-01-01","y":1628000},{"x":"2021-01-01","y":1969000},{"x":"2022-01-01","y":2300000}],"color":"rgba(46,120,210,0.3)"},{"label":"Lino","data":[{"x":"1979-01-01","y":1070000},{"x":"1980-01-01","y":780000},{"x":"1981-01-01","y":851000},{"x":"1982-01-01","y":910000},{"x":"1983-01-01","y":810000},{"x":"1984-01-01","y":620000},{"x":"1985-01-01","y":750000},{"x":"1986-01-01","y":758000},{"x":"1987-01-01","y":670700},{"x":"1988-01-01","y":574000},{"x":"1989-01-01","y":595700},{"x":"1990-01-01","y":589500},{"x":"1991-01-01","y":431300},{"x":"1992-01-01","y":215400},{"x":"1993-01-01","y":148360},{"x":"1994-01-01","y":156090},{"x":"1995-01-01","y":195580},{"x":"1996-01-01","y":93530},{"x":"1997-01-01","y":115530},{"x":"1998-01-01","y":102165},{"x":"1999-01-01","y":68330},{"x":"2000-01-01","y":28000},{"x":"2001-01-01","y":20000},{"x":"2002-01-01","y":14000},{"x":"2003-01-01","y":29000},{"x":"2004-01-01","y":37000},{"x":"2005-01-01","y":47000},{"x":"2006-01-01","y":29000},{"x":"2007-01-01","y":10000},{"x":"2008-01-01","y":17000},{"x":"2009-01-01","y":38500},{"x":"2010-01-01","y":25750},{"x":"2011-01-01","y":17000},{"x":"2012-01-01","y":15000},{"x":"2013-01-01","y":18000},{"x":"2014-01-01","y":15000},{"x":"2015-01-01","y":17000},{"x":"2016-01-01","y":13000},{"x":"2017-01-01","y":12400},{"x":"2018-01-01","y":14200},{"x":"2019-01-01","y":9000},{"x":"2020-01-01","y":14200},{"x":"2021-01-01","y":11000},{"x":"2022-01-01","y":15000}],"color":"rgba(46,120,210,0.3)"},{"label":"Maiz","data":[{"x":"1979-01-01","y":3310000},{"x":"1980-01-01","y":4000000},{"x":"1981-01-01","y":3695000},{"x":"1982-01-01","y":3440000},{"x":"1983-01-01","y":3484000},{"x":"1984-01-01","y":3620000},{"x":"1985-01-01","y":3820000},{"x":"1986-01-01","y":3650000},{"x":"1987-01-01","y":2825000},{"x":"1988-01-01","y":2685000},{"x":"1989-01-01","y":2070000},{"x":"1990-01-01","y":2160100},{"x":"1991-01-01","y":2686000},{"x":"1992-01-01","y":2962820},{"x":"1993-01-01","y":2781380},{"x":"1994-01-01","y":2957700},{"x":"1995-01-01","y":3414550},{"x":"1996-01-01","y":4153400},{"x":"1997-01-01","y":3751630},{"x":"1998-01-01","y":3270250},{"x":"1999-01-01","y":3651900},{"x":"2000-01-01","y":3495000},{"x":"2001-01-01","y":3064000},{"x":"2002-01-01","y":3084000},{"x":"2003-01-01","y":2988000},{"x":"2004-01-01","y":3400000},{"x":"2005-01-01","y":3190000},{"x":"2006-01-01","y":3580000},{"x":"2007-01-01","y":4240000},{"x":"2008-01-01","y":3498000},{"x":"2009-01-01","y":3671260},{"x":"2010-01-01","y":4560000},{"x":"2011-01-01","y":5000000},{"x":"2012-01-01","y":6100000},{"x":"2013-01-01","y":6100000},{"x":"2014-01-01","y":6000000},{"x":"2015-01-01","y":6900000},{"x":"2016-01-01","y":8480000},{"x":"2017-01-01","y":9140000},{"x":"2018-01-01","y":9000000},{"x":"2019-01-01","y":9500000},{"x":"2020-01-01","y":9750000},{"x":"2021-01-01","y":10670000},{"x":"2022-01-01","y":10400000}],"color":"rgba(46,120,210,0.3)"},{"label":"Mani","data":[{"x":"1979-01-01","y":286600},{"x":"1980-01-01","y":201300},{"x":"1981-01-01","y":180000},{"x":"1982-01-01","y":125100},{"x":"1983-01-01","y":145700},{"x":"1984-01-01","y":146000},{"x":"1985-01-01","y":176000},{"x":"1986-01-01","y":240400},{"x":"1987-01-01","y":193400},{"x":"1988-01-01","y":153200},{"x":"1989-01-01","y":170400},{"x":"1990-01-01","y":198000},{"x":"1991-01-01","y":153300},{"x":"1992-01-01","y":110000},{"x":"1993-01-01","y":133700},{"x":"1994-01-01","y":155210},{"x":"1995-01-01","y":238900},{"x":"1996-01-01","y":328520},{"x":"1997-01-01","y":406560},{"x":"1998-01-01","y":336760},{"x":"1999-01-01","y":219360},{"x":"2000-01-01","y":252000},{"x":"2001-01-01","y":222000},{"x":"2002-01-01","y":157000},{"x":"2003-01-01","y":170000},{"x":"2004-01-01","y":211000},{"x":"2005-01-01","y":174000},{"x":"2006-01-01","y":216000},{"x":"2007-01-01","y":228000},{"x":"2008-01-01","y":264000},{"x":"2009-01-01","y":222000},{"x":"2010-01-01","y":264000},{"x":"2011-01-01","y":307000},{"x":"2012-01-01","y":418000},{"x":"2013-01-01","y":412000},{"x":"2014-01-01","y":425500},{"x":"2015-01-01","y":370000},{"x":"2016-01-01","y":364000},{"x":"2017-01-01","y":452000},{"x":"2018-01-01","y":389000},{"x":"2019-01-01","y":370000},{"x":"2020-01-01","y":410000},{"x":"2021-01-01","y":417000},{"x":"2022-01-01","y":380000}],"color":"rgba(46,120,210,0.3)"},{"label":"Mijo","data":[{"x":"1979-01-01","y":278000},{"x":"1980-01-01","y":338200},{"x":"1981-01-01","y":236000},{"x":"1982-01-01","y":224000},{"x":"1983-01-01","y":207300},{"x":"1984-01-01","y":228000},{"x":"1985-01-01","y":176000},{"x":"1986-01-01","y":136200},{"x":"1987-01-01","y":106300},{"x":"1988-01-01","y":87200},{"x":"1989-01-01","y":105300},{"x":"1990-01-01","y":148000},{"x":"1991-01-01","y":122000},{"x":"1992-01-01","y":57700},{"x":"1993-01-01","y":69200},{"x":"1994-01-01","y":86700},{"x":"1995-01-01","y":89000},{"x":"1996-01-01","y":121310},{"x":"1997-01-01","y":106510},{"x":"1998-01-01","y":88900},{"x":"1999-01-01","y":91100},{"x":"2000-01-01","y":79500},{"x":"2001-01-01","y":55200},{"x":"2002-01-01","y":50000},{"x":"2003-01-01","y":50000},{"x":"2004-01-01","y":28000},{"x":"2005-01-01","y":31000},{"x":"2006-01-01","y":38000},{"x":"2007-01-01","y":42000},{"x":"2008-01-01","y":26000},{"x":"2009-01-01","y":33000},{"x":"2010-01-01","y":37000},{"x":"2011-01-01","y":42000},{"x":"2012-01-01","y":41300},{"x":"2013-01-01","y":16000},{"x":"2014-01-01","y":11000},{"x":"2015-01-01","y":13000},{"x":"2016-01-01","y":6940},{"x":"2017-01-01","y":6380},{"x":"2018-01-01","y":8000},{"x":"2019-01-01","y":11000},{"x":"2020-01-01","y":17000},{"x":"2021-01-01","y":22700},{"x":"2022-01-01","y":0}],"color":"rgba(46,120,210,0.3)"},{"label":"Porotos","data":[{"x":"1979-01-01","y":0},{"x":"1980-01-01","y":0},{"x":"1981-01-01","y":0},{"x":"1982-01-01","y":0},{"x":"1983-01-01","y":0},{"x":"1984-01-01","y":0},{"x":"1985-01-01","y":0},{"x":"1986-01-01","y":0},{"x":"1987-01-01","y":0},{"x":"1988-01-01","y":0},{"x":"1989-01-01","y":0},{"x":"1990-01-01","y":0},{"x":"1991-01-01","y":0},{"x":"1992-01-01","y":0},{"x":"1993-01-01","y":0},{"x":"1994-01-01","y":0},{"x":"1995-01-01","y":0},{"x":"1996-01-01","y":0},{"x":"1997-01-01","y":0},{"x":"1998-01-01","y":0},{"x":"1999-01-01","y":0},{"x":"2000-01-01","y":275000},{"x":"2001-01-01","y":263000},{"x":"2002-01-01","y":206000},{"x":"2003-01-01","y":134000},{"x":"2004-01-01","y":145000},{"x":"2005-01-01","y":235000},{"x":"2006-01-01","y":251000},{"x":"2007-01-01","y":255000},{"x":"2008-01-01","y":279000},{"x":"2009-01-01","y":268000},{"x":"2010-01-01","y":273000},{"x":"2011-01-01","y":338000},{"x":"2012-01-01","y":277000},{"x":"2013-01-01","y":352000},{"x":"2014-01-01","y":438000},{"x":"2015-01-01","y":377000},{"x":"2016-01-01","y":424000},{"x":"2017-01-01","y":418000},{"x":"2018-01-01","y":421000},{"x":"2019-01-01","y":490000},{"x":"2020-01-01","y":520000},{"x":"2021-01-01","y":532000},{"x":"2022-01-01","y":530000}],"color":"rgba(46,120,210,0.3)"},{"label":"Sorgo","data":[{"x":"1979-01-01","y":1884000},{"x":"1980-01-01","y":2400000},{"x":"1981-01-01","y":2712000},{"x":"1982-01-01","y":2657000},{"x":"1983-01-01","y":2550000},{"x":"1984-01-01","y":2040000},{"x":"1985-01-01","y":1400000},{"x":"1986-01-01","y":1127000},{"x":"1987-01-01","y":1075000},{"x":"1988-01-01","y":830000},{"x":"1989-01-01","y":800000},{"x":"1990-01-01","y":751900},{"x":"1991-01-01","y":823200},{"x":"1992-01-01","y":809900},{"x":"1993-01-01","y":670380},{"x":"1994-01-01","y":621860},{"x":"1995-01-01","y":670680},{"x":"1996-01-01","y":804450},{"x":"1997-01-01","y":920060},{"x":"1998-01-01","y":879800},{"x":"1999-01-01","y":819005},{"x":"2000-01-01","y":698000},{"x":"2001-01-01","y":592000},{"x":"2002-01-01","y":593000},{"x":"2003-01-01","y":545000},{"x":"2004-01-01","y":617000},{"x":"2005-01-01","y":577000},{"x":"2006-01-01","y":700000},{"x":"2007-01-01","y":807000},{"x":"2008-01-01","y":830000},{"x":"2009-01-01","y":1033000},{"x":"2010-01-01","y":1233000},{"x":"2011-01-01","y":1266000},{"x":"2012-01-01","y":1158000},{"x":"2013-01-01","y":997000},{"x":"2014-01-01","y":840000},{"x":"2015-01-01","y":843000},{"x":"2016-01-01","y":728000},{"x":"2017-01-01","y":640000},{"x":"2018-01-01","y":530000},{"x":"2019-01-01","y":520000},{"x":"2020-01-01","y":980000},{"x":"2021-01-01","y":943150},{"x":"2022-01-01","y":930000}],"color":"rgba(46,120,210,0.3)"},{"label":"Trigo","data":[{"x":"1979-01-01","y":5000000},{"x":"1980-01-01","y":6196000},{"x":"1981-01-01","y":6566000},{"x":"1982-01-01","y":7410000},{"x":"1983-01-01","y":7200000},{"x":"1984-01-01","y":6000000},{"x":"1985-01-01","y":5700000},{"x":"1986-01-01","y":5000000},{"x":"1987-01-01","y":4850000},{"x":"1988-01-01","y":4750000},{"x":"1989-01-01","y":5500000},{"x":"1990-01-01","y":6178400},{"x":"1991-01-01","y":4750850},{"x":"1992-01-01","y":4547700},{"x":"1993-01-01","y":4910000},{"x":"1994-01-01","y":5308000},{"x":"1995-01-01","y":5087800},{"x":"1996-01-01","y":7366850},{"x":"1997-01-01","y":5918665},{"x":"1998-01-01","y":5453250},{"x":"1999-01-01","y":6300000},{"x":"2000-01-01","y":6497000},{"x":"2001-01-01","y":7109000},{"x":"2002-01-01","y":6300000},{"x":"2003-01-01","y":6040000},{"x":"2004-01-01","y":6260000},{"x":"2005-01-01","y":5222000},{"x":"2006-01-01","y":5676000},{"x":"2007-01-01","y":5948000},{"x":"2008-01-01","y":4732000},{"x":"2009-01-01","y":3556000},{"x":"2010-01-01","y":4580000},{"x":"2011-01-01","y":4630000},{"x":"2012-01-01","y":3160000},{"x":"2013-01-01","y":3650000},{"x":"2014-01-01","y":5260000},{"x":"2015-01-01","y":4380000},{"x":"2016-01-01","y":6360000},{"x":"2017-01-01","y":5930000},{"x":"2018-01-01","y":6290000},{"x":"2019-01-01","y":6950000},{"x":"2020-01-01","y":6700000},{"x":"2021-01-01","y":6750000},{"x":"2022-01-01","y":5900000}],"color":"rgba(46,120,210,0.3)"}]}