{"kpi":"tightshale","t":"Producción Tight & Shale","st":"En millones de m3","sd":"Este indicador <em>refleja la evolución mensual de la actividad económica</em> de 16 sectores productivos. Permite anticipar las tasas de variación del producto interno bruto (PIB) trimestral.","c":"<p>La producción de gas Tight & Shale es un indicador que mide la cantidad de gas extraído de formaciones geológicas no convencionales, como el shale gas y tight gas, en Argentina. El shale gas se extrae de la roca de esquisto mediante la técnica de fracturación hidráulica, mientras que el tight gas se extrae de rocas sedimentarias de baja permeabilidad.</p><p>En los últimos años, Argentina ha experimentado un aumento en la producción de gas Tight & Shale, especialmente en la formación de Vaca Muerta en la provincia de Neuquén. Esta formación tiene un gran potencial de producción de gas y petróleo no convencional y se considera clave para el futuro energético de Argentina.</p><p>La producción de gas Tight & Shale es importante porque puede reducir la dependencia de Argentina de las importaciones de gas y petróleo, mejorar la balanza comercial y contribuir al desarrollo económico del país. Además, esta producción puede tener un impacto ambiental significativo debido a los riesgos asociados con la técnica de fracturación hidráulica y la necesidad de gestionar adecuadamente los residuos y emisiones asociados.</p>","fd":"datos.gob.ar","fdr":"https://datos.gob.ar/it/dataset/sspm-produccion-ventas-petroleo-derivados/archivo/sspm_363.3","fu":"MECON","fur":"https://www.argentina.gob.ar/economia/politicaeconomica/macroeconomica","frec":"Mensual","fruc":"mean","d":"El Estimador mensual de actividad económica (EMAE) refleja la evolución mensual de la actividad económica del conjunto de los sectores productivos a nivel nacional. Este indicador permite anticipar las tasas de variación del producto interno bruto (PIB) trimestral.","dimensions":[{"fillColor":"rgba(46,120,210,0.0)","label":"Shale","data":[{"x":"2006-01-01","y":16.38},{"x":"2006-02-01","y":13.95},{"x":"2006-03-01","y":18.1},{"x":"2006-04-01","y":19.63},{"x":"2006-05-01","y":19.02},{"x":"2006-06-01","y":17.95},{"x":"2006-07-01","y":190.53},{"x":"2006-08-01","y":214.51},{"x":"2006-09-01","y":198.26},{"x":"2006-10-01","y":146.47},{"x":"2006-11-01","y":206.38},{"x":"2006-12-01","y":220.76},{"x":"2007-01-01","y":160.04},{"x":"2007-02-01","y":130.79},{"x":"2007-03-01","y":129.04},{"x":"2007-04-01","y":117.43},{"x":"2007-05-01","y":14.24},{"x":"2007-06-01","y":14.38},{"x":"2007-07-01","y":285.55},{"x":"2007-08-01","y":192.62},{"x":"2007-09-01","y":168.93},{"x":"2007-10-01","y":130.08},{"x":"2007-11-01","y":279.89},{"x":"2007-12-01","y":84.16},{"x":"2008-01-01","y":59.46},{"x":"2008-02-01","y":73.49},{"x":"2008-03-01","y":83.77},{"x":"2008-04-01","y":5.68},{"x":"2008-05-01","y":16.68},{"x":"2008-06-01","y":116.1},{"x":"2008-07-01","y":193.09},{"x":"2008-08-01","y":963.97},{"x":"2008-09-01","y":888.29},{"x":"2008-10-01","y":882.89},{"x":"2008-11-01","y":843.72},{"x":"2008-12-01","y":932.75},{"x":"2009-01-01","y":940.71},{"x":"2009-02-01","y":668.87},{"x":"2009-03-01","y":691.81},{"x":"2009-04-01","y":670.32},{"x":"2009-05-01","y":788.31},{"x":"2009-06-01","y":833.57},{"x":"2009-07-01","y":832.39},{"x":"2009-08-01","y":677.29},{"x":"2009-09-01","y":712.8},{"x":"2009-10-01","y":704.13},{"x":"2009-11-01","y":936.86},{"x":"2009-12-01","y":1635.65},{"x":"2010-01-01","y":1477.66},{"x":"2010-02-01","y":1372.19},{"x":"2010-03-01","y":1590.83},{"x":"2010-04-01","y":444.03},{"x":"2010-05-01","y":453.81},{"x":"2010-06-01","y":472.65},{"x":"2010-07-01","y":774.88},{"x":"2010-08-01","y":928.88},{"x":"2010-09-01","y":1328.84},{"x":"2010-10-01","y":1717.17},{"x":"2010-11-01","y":1678.37},{"x":"2010-12-01","y":858},{"x":"2011-01-01","y":808.6},{"x":"2011-02-01","y":841.68},{"x":"2011-03-01","y":749.75},{"x":"2011-04-01","y":503.53},{"x":"2011-05-01","y":784.81},{"x":"2011-06-01","y":872.09},{"x":"2011-07-01","y":811.16},{"x":"2011-08-01","y":3135.76},{"x":"2011-09-01","y":5206.41},{"x":"2011-10-01","y":5803.2},{"x":"2011-11-01","y":3769.14},{"x":"2011-12-01","y":3836.99},{"x":"2012-01-01","y":4538.97},{"x":"2012-02-01","y":5045.54},{"x":"2012-03-01","y":5607.79},{"x":"2012-04-01","y":5770.06},{"x":"2012-05-01","y":6230.44},{"x":"2012-06-01","y":8302.02},{"x":"2012-07-01","y":7325.54},{"x":"2012-08-01","y":6817.81},{"x":"2012-09-01","y":7240.47},{"x":"2012-10-01","y":7731.55},{"x":"2012-11-01","y":7022.69},{"x":"2012-12-01","y":6781.05},{"x":"2013-01-01","y":8286.13},{"x":"2013-02-01","y":8415.23},{"x":"2013-03-01","y":15099.78},{"x":"2013-04-01","y":15012.14},{"x":"2013-05-01","y":15354.2},{"x":"2013-06-01","y":13191.94},{"x":"2013-07-01","y":16126.32},{"x":"2013-08-01","y":19036.87},{"x":"2013-09-01","y":18236.36},{"x":"2013-10-01","y":19158.03},{"x":"2013-11-01","y":20126.19},{"x":"2013-12-01","y":22123.14},{"x":"2014-01-01","y":23465.96},{"x":"2014-02-01","y":22807.99},{"x":"2014-03-01","y":24844.18},{"x":"2014-04-01","y":30990.91},{"x":"2014-05-01","y":39014.19},{"x":"2014-06-01","y":39653.14},{"x":"2014-07-01","y":44968.02},{"x":"2014-08-01","y":49546.22},{"x":"2014-09-01","y":55184.72},{"x":"2014-10-01","y":61791.35},{"x":"2014-11-01","y":64556.79},{"x":"2014-12-01","y":75987.7},{"x":"2015-01-01","y":83849.17},{"x":"2015-02-01","y":75791.72},{"x":"2015-03-01","y":81718.09},{"x":"2015-04-01","y":81379.5},{"x":"2015-05-01","y":86935.56},{"x":"2015-06-01","y":93398.22},{"x":"2015-07-01","y":112220.75},{"x":"2015-08-01","y":112113.19},{"x":"2015-09-01","y":106727.19},{"x":"2015-10-01","y":115692.29},{"x":"2015-11-01","y":104847.3},{"x":"2015-12-01","y":108402.27},{"x":"2016-01-01","y":111481.9},{"x":"2016-02-01","y":101108.75},{"x":"2016-03-01","y":131066.45},{"x":"2016-04-01","y":115436.4},{"x":"2016-05-01","y":134349.33},{"x":"2016-06-01","y":126280.38},{"x":"2016-07-01","y":137399.99},{"x":"2016-08-01","y":142895.74},{"x":"2016-09-01","y":135884.33},{"x":"2016-10-01","y":155698.47},{"x":"2016-11-01","y":147214.15},{"x":"2016-12-01","y":153623.85},{"x":"2017-01-01","y":158346.58},{"x":"2017-02-01","y":143825.24},{"x":"2017-03-01","y":172736.49},{"x":"2017-04-01","y":171835.46},{"x":"2017-05-01","y":183536.93},{"x":"2017-06-01","y":179132.02},{"x":"2017-07-01","y":190578.96},{"x":"2017-08-01","y":191138.89},{"x":"2017-09-01","y":190277.58},{"x":"2017-10-01","y":225849.41},{"x":"2017-11-01","y":226093.86},{"x":"2017-12-01","y":257117.65},{"x":"2018-01-01","y":284055.55},{"x":"2018-02-01","y":323362.6},{"x":"2018-03-01","y":400631.54},{"x":"2018-04-01","y":414724.08},{"x":"2018-05-01","y":481252.36},{"x":"2018-06-01","y":524576.05},{"x":"2018-07-01","y":555943.49},{"x":"2018-08-01","y":634646.36},{"x":"2018-09-01","y":676549.42},{"x":"2018-10-01","y":773119.97},{"x":"2018-11-01","y":801587.37},{"x":"2018-12-01","y":856781.89},{"x":"2019-01-01","y":892020.02},{"x":"2019-02-01","y":871367.22},{"x":"2019-03-01","y":907384.97},{"x":"2019-04-01","y":864191.9},{"x":"2019-05-01","y":932413.23},{"x":"2019-06-01","y":981702.94},{"x":"2019-07-01","y":1081010.73},{"x":"2019-08-01","y":1104571},{"x":"2019-09-01","y":1021117.92},{"x":"2019-10-01","y":1093762.31},{"x":"2019-11-01","y":854007.76},{"x":"2019-12-01","y":918356.63},{"x":"2020-01-01","y":1007390.91},{"x":"2020-02-01","y":941035.2},{"x":"2020-03-01","y":957243.24},{"x":"2020-04-01","y":821643.13},{"x":"2020-05-01","y":910475.69},{"x":"2020-06-01","y":945927.68},{"x":"2020-07-01","y":997564.43},{"x":"2020-08-01","y":998006.71},{"x":"2020-09-01","y":894122.7},{"x":"2020-10-01","y":929428.74},{"x":"2020-11-01","y":780329.91},{"x":"2020-12-01","y":782710.55},{"x":"2021-01-01","y":831265.76},{"x":"2021-02-01","y":742767.77},{"x":"2021-03-01","y":858902.63},{"x":"2021-04-01","y":785797.38},{"x":"2021-05-01","y":999974.14},{"x":"2021-06-01","y":1153367.35},{"x":"2021-07-01","y":1276950.77},{"x":"2021-08-01","y":1361213.39},{"x":"2021-09-01","y":1316213.56},{"x":"2021-10-01","y":1302477.8},{"x":"2021-11-01","y":1303716.11},{"x":"2021-12-01","y":1343129.59},{"x":"2022-01-01","y":1403263.33},{"x":"2022-02-01","y":1198175.16},{"x":"2022-03-01","y":1420469.19},{"x":"2022-04-01","y":1340953.43},{"x":"2022-05-01","y":1604712.51},{"x":"2022-06-01","y":1597287.87},{"x":"2022-07-01","y":1701845.39},{"x":"2022-08-01","y":1726768.03},{"x":"2022-09-01","y":1616958.39},{"x":"2022-10-01","y":1577797.5},{"x":"2022-11-01","y":1388999.42},{"x":"2022-12-01","y":1537285.73},{"x":"2023-01-01","y":1531409.24}],"color":"#2E78D2"},{"fillColor":"rgba(46,120,210,0.0)","label":"Tight","data":[{"x":"2006-01-01","y":32491.63},{"x":"2006-02-01","y":30778.95},{"x":"2006-03-01","y":33024.47},{"x":"2006-04-01","y":31342.49},{"x":"2006-05-01","y":39199.72},{"x":"2006-06-01","y":38106.88},{"x":"2006-07-01","y":37357.51},{"x":"2006-08-01","y":38219.94},{"x":"2006-09-01","y":36661.46},{"x":"2006-10-01","y":38518.33},{"x":"2006-11-01","y":35270.79},{"x":"2006-12-01","y":37954.76},{"x":"2007-01-01","y":34597.98},{"x":"2007-02-01","y":30597.62},{"x":"2007-03-01","y":29757.28},{"x":"2007-04-01","y":30395},{"x":"2007-05-01","y":35002.11},{"x":"2007-06-01","y":31974.14},{"x":"2007-07-01","y":40619.51},{"x":"2007-08-01","y":39567.63},{"x":"2007-09-01","y":36221.04},{"x":"2007-10-01","y":37345.01},{"x":"2007-11-01","y":34925.74},{"x":"2007-12-01","y":38082.82},{"x":"2008-01-01","y":36364.87},{"x":"2008-02-01","y":34535.44},{"x":"2008-03-01","y":40866.79},{"x":"2008-04-01","y":44647.56},{"x":"2008-05-01","y":46997.8},{"x":"2008-06-01","y":50739.83},{"x":"2008-07-01","y":59405.39},{"x":"2008-08-01","y":62441.41},{"x":"2008-09-01","y":73487.22},{"x":"2008-10-01","y":86691.51},{"x":"2008-11-01","y":82477.68},{"x":"2008-12-01","y":84166.6},{"x":"2009-01-01","y":87738.54},{"x":"2009-02-01","y":83037.48},{"x":"2009-03-01","y":95699.57},{"x":"2009-04-01","y":88561.81},{"x":"2009-05-01","y":92153.03},{"x":"2009-06-01","y":88528.98},{"x":"2009-07-01","y":83683.97},{"x":"2009-08-01","y":83329.02},{"x":"2009-09-01","y":85043.48},{"x":"2009-10-01","y":90233.69},{"x":"2009-11-01","y":71524.66},{"x":"2009-12-01","y":71580.14},{"x":"2010-01-01","y":84617.26},{"x":"2010-02-01","y":80117.83},{"x":"2010-03-01","y":95603.67},{"x":"2010-04-01","y":92162.06},{"x":"2010-05-01","y":99003.28},{"x":"2010-06-01","y":102937.14},{"x":"2010-07-01","y":106785.13},{"x":"2010-08-01","y":110609.19},{"x":"2010-09-01","y":109615.12},{"x":"2010-10-01","y":120278.3},{"x":"2010-11-01","y":110827.02},{"x":"2010-12-01","y":127861.95},{"x":"2011-01-01","y":129779.16},{"x":"2011-02-01","y":109672.09},{"x":"2011-03-01","y":126902.01},{"x":"2011-04-01","y":135055.96},{"x":"2011-05-01","y":150174.44},{"x":"2011-06-01","y":155630.69},{"x":"2011-07-01","y":163052.55},{"x":"2011-08-01","y":172051.27},{"x":"2011-09-01","y":172247.07},{"x":"2011-10-01","y":171200.78},{"x":"2011-11-01","y":168778.95},{"x":"2011-12-01","y":178363.24},{"x":"2012-01-01","y":171302.15},{"x":"2012-02-01","y":163886.15},{"x":"2012-03-01","y":178753.46},{"x":"2012-04-01","y":184314.38},{"x":"2012-05-01","y":203374.42},{"x":"2012-06-01","y":196598.11},{"x":"2012-07-01","y":207772.48},{"x":"2012-08-01","y":206996.03},{"x":"2012-09-01","y":204677.08},{"x":"2012-10-01","y":205956.86},{"x":"2012-11-01","y":201931.49},{"x":"2012-12-01","y":207916.46},{"x":"2013-01-01","y":207249.86},{"x":"2013-02-01","y":187837.05},{"x":"2013-03-01","y":208015.82},{"x":"2013-04-01","y":199963.22},{"x":"2013-05-01","y":207799.84},{"x":"2013-06-01","y":202541.7},{"x":"2013-07-01","y":224661.22},{"x":"2013-08-01","y":235312.4},{"x":"2013-09-01","y":242207.68},{"x":"2013-10-01","y":261868.32},{"x":"2013-11-01","y":268941.06},{"x":"2013-12-01","y":301745.83},{"x":"2014-01-01","y":314046.25},{"x":"2014-02-01","y":284537.62},{"x":"2014-03-01","y":311893.06},{"x":"2014-04-01","y":313487.92},{"x":"2014-05-01","y":357115.97},{"x":"2014-06-01","y":355789.76},{"x":"2014-07-01","y":387729.08},{"x":"2014-08-01","y":414631.88},{"x":"2014-09-01","y":403234.67},{"x":"2014-10-01","y":419894.98},{"x":"2014-11-01","y":424177.02},{"x":"2014-12-01","y":444228.08},{"x":"2015-01-01","y":463858.86},{"x":"2015-02-01","y":419732.78},{"x":"2015-03-01","y":487763.53},{"x":"2015-04-01","y":485845.62},{"x":"2015-05-01","y":515017.03},{"x":"2015-06-01","y":503469.67},{"x":"2015-07-01","y":531584.31},{"x":"2015-08-01","y":553015.47},{"x":"2015-09-01","y":538968.87},{"x":"2015-10-01","y":571899.66},{"x":"2015-11-01","y":568767.11},{"x":"2015-12-01","y":622254.64},{"x":"2016-01-01","y":625680.02},{"x":"2016-02-01","y":609374.72},{"x":"2016-03-01","y":661108.17},{"x":"2016-04-01","y":689925.07},{"x":"2016-05-01","y":738707.57},{"x":"2016-06-01","y":727747.82},{"x":"2016-07-01","y":764507.56},{"x":"2016-08-01","y":764274.97},{"x":"2016-09-01","y":735552.53},{"x":"2016-10-01","y":791004.05},{"x":"2016-11-01","y":756904.23},{"x":"2016-12-01","y":784773.46},{"x":"2017-01-01","y":795378.91},{"x":"2017-02-01","y":722571},{"x":"2017-03-01","y":797961.53},{"x":"2017-04-01","y":799564.44},{"x":"2017-05-01","y":823486.22},{"x":"2017-06-01","y":792852.2},{"x":"2017-07-01","y":835166.82},{"x":"2017-08-01","y":854079.87},{"x":"2017-09-01","y":824082.26},{"x":"2017-10-01","y":837617.84},{"x":"2017-11-01","y":761381.04},{"x":"2017-12-01","y":835004.18},{"x":"2018-01-01","y":864167.95},{"x":"2018-02-01","y":794089.08},{"x":"2018-03-01","y":883648.81},{"x":"2018-04-01","y":880481.74},{"x":"2018-05-01","y":844876.39},{"x":"2018-06-01","y":897519.82},{"x":"2018-07-01","y":901439.54},{"x":"2018-08-01","y":881913.62},{"x":"2018-09-01","y":794976.86},{"x":"2018-10-01","y":781065.96},{"x":"2018-11-01","y":700386.23},{"x":"2018-12-01","y":726167.38},{"x":"2019-01-01","y":749922.8},{"x":"2019-02-01","y":688093.98},{"x":"2019-03-01","y":725197.36},{"x":"2019-04-01","y":746925.38},{"x":"2019-05-01","y":836221.26},{"x":"2019-06-01","y":843325.23},{"x":"2019-07-01","y":877960.18},{"x":"2019-08-01","y":887362.18},{"x":"2019-09-01","y":807546.37},{"x":"2019-10-01","y":841065.73},{"x":"2019-11-01","y":767951.93},{"x":"2019-12-01","y":781072.31},{"x":"2020-01-01","y":789404.96},{"x":"2020-02-01","y":683205},{"x":"2020-03-01","y":739604.07},{"x":"2020-04-01","y":655085.58},{"x":"2020-05-01","y":731230.54},{"x":"2020-06-01","y":684059.81},{"x":"2020-07-01","y":716685.52},{"x":"2020-08-01","y":701875.7},{"x":"2020-09-01","y":666447.92},{"x":"2020-10-01","y":686005.95},{"x":"2020-11-01","y":631265.21},{"x":"2020-12-01","y":665177.71},{"x":"2021-01-01","y":667274.64},{"x":"2021-02-01","y":592573.24},{"x":"2021-03-01","y":652773.24},{"x":"2021-04-01","y":636679.44},{"x":"2021-05-01","y":686198.96},{"x":"2021-06-01","y":684574.94},{"x":"2021-07-01","y":733867.95},{"x":"2021-08-01","y":745791.8},{"x":"2021-09-01","y":732376.92},{"x":"2021-10-01","y":723986.85},{"x":"2021-11-01","y":690252.9},{"x":"2021-12-01","y":736049.32},{"x":"2022-01-01","y":721736.42},{"x":"2022-02-01","y":647723.74},{"x":"2022-03-01","y":723791.8},{"x":"2022-04-01","y":682887.53},{"x":"2022-05-01","y":736725.81},{"x":"2022-06-01","y":750448.93},{"x":"2022-07-01","y":757614.42},{"x":"2022-08-01","y":760000.02},{"x":"2022-09-01","y":652738.48},{"x":"2022-10-01","y":684929.62},{"x":"2022-11-01","y":648269.2},{"x":"2022-12-01","y":648823.04},{"x":"2023-01-01","y":624653.09}],"color":"#2E78D250"}]}