{"kpi":"ucii","t":"UCII","st":"Utilización de la Capacidad Instalada en la Industria","sd":"El indicador de la utilización de la capacidad instalada en la industria manufacturera mide la proporción utilizada, en términos porcentuales, de la capacidad productiva del sector industrial.","c":"<p>El indicador de la Utilización de la Capacidad Instalada en la Industria mide la proporción de la capacidad instalada del sector industrial de nuestro país que está siendo actualmente utilizada. Para su cálculo se tiene en cuenta cuál es efectivamente la producción máxima que cada sector puede obtener con la capacidad instalada actual.</p>","fd":"datos.gob.ar","fdr":"https:/.datos.gob.ar/dataset/sspm_31/archivo/sspm_31.3","fu":"INDEC","fur":"https://www.indec.gob.ar/indec/web/Nivel4-Tema-3-6-15","frec":"Mensual","d":"El indicador de la utilización de la capacidad instalada en la industria manufacturera mide la proporción utilizada, en términos porcentuales, de la capacidad productiva del sector industrial.","chart":{"dates":[{"x":"2016-01-01","y":62.9},{"x":"2016-02-01","y":64.2},{"x":"2016-03-01","y":64.8},{"x":"2016-04-01","y":64.8},{"x":"2016-05-01","y":65},{"x":"2016-06-01","y":64.9},{"x":"2016-07-01","y":62},{"x":"2016-08-01","y":63.6},{"x":"2016-09-01","y":63.9},{"x":"2016-10-01","y":65.4},{"x":"2016-11-01","y":68.4},{"x":"2016-12-01","y":63.6},{"x":"2017-01-01","y":60.6},{"x":"2017-02-01","y":60},{"x":"2017-03-01","y":65.7},{"x":"2017-04-01","y":64.5},{"x":"2017-05-01","y":65.8},{"x":"2017-06-01","y":67.1},{"x":"2017-07-01","y":65.1},{"x":"2017-08-01","y":67.3},{"x":"2017-09-01","y":66.3},{"x":"2017-10-01","y":68.3},{"x":"2017-11-01","y":69.2},{"x":"2017-12-01","y":64},{"x":"2018-01-01","y":61.6},{"x":"2018-02-01","y":64.4},{"x":"2018-03-01","y":66.8},{"x":"2018-04-01","y":67.6},{"x":"2018-05-01","y":65.1},{"x":"2018-06-01","y":61.8},{"x":"2018-07-01","y":60.1},{"x":"2018-08-01","y":63},{"x":"2018-09-01","y":61.1},{"x":"2018-10-01","y":64.8},{"x":"2018-11-01","y":63.3},{"x":"2018-12-01","y":56.6},{"x":"2019-01-01","y":56.2},{"x":"2019-02-01","y":58.5},{"x":"2019-03-01","y":58.8},{"x":"2019-04-01","y":61.6},{"x":"2019-05-01","y":62},{"x":"2019-06-01","y":59.1},{"x":"2019-07-01","y":58.7},{"x":"2019-08-01","y":60.5},{"x":"2019-09-01","y":57.7},{"x":"2019-10-01","y":62.1},{"x":"2019-11-01","y":60.7},{"x":"2019-12-01","y":56.9},{"x":"2020-01-01","y":56.1},{"x":"2020-02-01","y":59.4},{"x":"2020-03-01","y":51.6},{"x":"2020-04-01","y":42},{"x":"2020-05-01","y":46.4},{"x":"2020-06-01","y":53.3},{"x":"2020-07-01","y":56.8},{"x":"2020-08-01","y":58.4},{"x":"2020-09-01","y":60.8},{"x":"2020-10-01","y":61.8},{"x":"2020-11-01","y":63.3},{"x":"2020-12-01","y":58.4},{"x":"2021-01-01","y":56.8},{"x":"2021-02-01","y":57.9},{"x":"2021-03-01","y":64.2},{"x":"2021-04-01","y":63.2},{"x":"2021-05-01","y":61.1},{"x":"2021-06-01","y":64.5},{"x":"2021-07-01","y":63.7},{"x":"2021-08-01","y":64},{"x":"2021-09-01","y":66.3},{"x":"2021-10-01","y":64.3},{"x":"2021-11-01","y":68.4},{"x":"2021-12-01","y":64},{"x":"2022-01-01","y":57.5},{"x":"2022-02-01","y":64},{"x":"2022-03-01","y":66.7},{"x":"2022-04-01","y":67.1},{"x":"2022-05-01","y":68},{"x":"2022-06-01","y":69.5},{"x":"2022-07-01","y":67.9},{"x":"2022-08-01","y":69.6},{"x":"2022-09-01","y":68.6},{"x":"2022-10-01","y":66.7},{"x":"2022-11-01","y":68.9},{"x":"2022-12-01","y":63.8}],"dimensions":[{"label":"General","data":[{"x":"2016-01-01","y":62.9},{"x":"2016-02-01","y":64.2},{"x":"2016-03-01","y":64.8},{"x":"2016-04-01","y":64.8},{"x":"2016-05-01","y":65},{"x":"2016-06-01","y":64.9},{"x":"2016-07-01","y":62},{"x":"2016-08-01","y":63.6},{"x":"2016-09-01","y":63.9},{"x":"2016-10-01","y":65.4},{"x":"2016-11-01","y":68.4},{"x":"2016-12-01","y":63.6},{"x":"2017-01-01","y":60.6},{"x":"2017-02-01","y":60},{"x":"2017-03-01","y":65.7},{"x":"2017-04-01","y":64.5},{"x":"2017-05-01","y":65.8},{"x":"2017-06-01","y":67.1},{"x":"2017-07-01","y":65.1},{"x":"2017-08-01","y":67.3},{"x":"2017-09-01","y":66.3},{"x":"2017-10-01","y":68.3},{"x":"2017-11-01","y":69.2},{"x":"2017-12-01","y":64},{"x":"2018-01-01","y":61.6},{"x":"2018-02-01","y":64.4},{"x":"2018-03-01","y":66.8},{"x":"2018-04-01","y":67.6},{"x":"2018-05-01","y":65.1},{"x":"2018-06-01","y":61.8},{"x":"2018-07-01","y":60.1},{"x":"2018-08-01","y":63},{"x":"2018-09-01","y":61.1},{"x":"2018-10-01","y":64.8},{"x":"2018-11-01","y":63.3},{"x":"2018-12-01","y":56.6},{"x":"2019-01-01","y":56.2},{"x":"2019-02-01","y":58.5},{"x":"2019-03-01","y":58.8},{"x":"2019-04-01","y":61.6},{"x":"2019-05-01","y":62},{"x":"2019-06-01","y":59.1},{"x":"2019-07-01","y":58.7},{"x":"2019-08-01","y":60.5},{"x":"2019-09-01","y":57.7},{"x":"2019-10-01","y":62.1},{"x":"2019-11-01","y":60.7},{"x":"2019-12-01","y":56.9},{"x":"2020-01-01","y":56.1},{"x":"2020-02-01","y":59.4},{"x":"2020-03-01","y":51.6},{"x":"2020-04-01","y":42},{"x":"2020-05-01","y":46.4},{"x":"2020-06-01","y":53.3},{"x":"2020-07-01","y":56.8},{"x":"2020-08-01","y":58.4},{"x":"2020-09-01","y":60.8},{"x":"2020-10-01","y":61.8},{"x":"2020-11-01","y":63.3},{"x":"2020-12-01","y":58.4},{"x":"2021-01-01","y":56.8},{"x":"2021-02-01","y":57.9},{"x":"2021-03-01","y":64.2},{"x":"2021-04-01","y":63.2},{"x":"2021-05-01","y":61.1},{"x":"2021-06-01","y":64.5},{"x":"2021-07-01","y":63.7},{"x":"2021-08-01","y":64},{"x":"2021-09-01","y":66.3},{"x":"2021-10-01","y":64.3},{"x":"2021-11-01","y":68.4},{"x":"2021-12-01","y":64},{"x":"2022-01-01","y":57.5},{"x":"2022-02-01","y":64},{"x":"2022-03-01","y":66.7},{"x":"2022-04-01","y":67.1},{"x":"2022-05-01","y":68},{"x":"2022-06-01","y":69.5},{"x":"2022-07-01","y":67.9},{"x":"2022-08-01","y":69.6},{"x":"2022-09-01","y":68.6},{"x":"2022-10-01","y":66.7},{"x":"2022-11-01","y":68.9},{"x":"2022-12-01","y":63.8}],"color":"#2E78D2"},{"label":"Alimentos","data":[{"x":"2016-01-01","y":68.5},{"x":"2016-02-01","y":66.8},{"x":"2016-03-01","y":67.2},{"x":"2016-04-01","y":63.5},{"x":"2016-05-01","y":64.5},{"x":"2016-06-01","y":62.7},{"x":"2016-07-01","y":61.7},{"x":"2016-08-01","y":68.4},{"x":"2016-09-01","y":65.7},{"x":"2016-10-01","y":65.7},{"x":"2016-11-01","y":69},{"x":"2016-12-01","y":66.9},{"x":"2017-01-01","y":65.1},{"x":"2017-02-01","y":62.4},{"x":"2017-03-01","y":70.2},{"x":"2017-04-01","y":64.3},{"x":"2017-05-01","y":65},{"x":"2017-06-01","y":64.3},{"x":"2017-07-01","y":63.9},{"x":"2017-08-01","y":65.9},{"x":"2017-09-01","y":63.8},{"x":"2017-10-01","y":66.3},{"x":"2017-11-01","y":67.7},{"x":"2017-12-01","y":61.2},{"x":"2018-01-01","y":62.7},{"x":"2018-02-01","y":61.4},{"x":"2018-03-01","y":63.3},{"x":"2018-04-01","y":65},{"x":"2018-05-01","y":61.5},{"x":"2018-06-01","y":59.1},{"x":"2018-07-01","y":58.9},{"x":"2018-08-01","y":61.7},{"x":"2018-09-01","y":59.4},{"x":"2018-10-01","y":66.6},{"x":"2018-11-01","y":63.5},{"x":"2018-12-01","y":58.9},{"x":"2019-01-01","y":57.5},{"x":"2019-02-01","y":57.6},{"x":"2019-03-01","y":55.7},{"x":"2019-04-01","y":60.7},{"x":"2019-05-01","y":60.5},{"x":"2019-06-01","y":59.8},{"x":"2019-07-01","y":63.9},{"x":"2019-08-01","y":63.3},{"x":"2019-09-01","y":61.6},{"x":"2019-10-01","y":64.4},{"x":"2019-11-01","y":59.7},{"x":"2019-12-01","y":63.3},{"x":"2020-01-01","y":58.6},{"x":"2020-02-01","y":60.2},{"x":"2020-03-01","y":55.6},{"x":"2020-04-01","y":59.7},{"x":"2020-05-01","y":57},{"x":"2020-06-01","y":60.1},{"x":"2020-07-01","y":59.5},{"x":"2020-08-01","y":60.6},{"x":"2020-09-01","y":64.7},{"x":"2020-10-01","y":63.7},{"x":"2020-11-01","y":65.3},{"x":"2020-12-01","y":56.9},{"x":"2021-01-01","y":60},{"x":"2021-02-01","y":62.8},{"x":"2021-03-01","y":63.9},{"x":"2021-04-01","y":64.8},{"x":"2021-05-01","y":59.1},{"x":"2021-06-01","y":63.2},{"x":"2021-07-01","y":62.2},{"x":"2021-08-01","y":65.7},{"x":"2021-09-01","y":68.5},{"x":"2021-10-01","y":63.7},{"x":"2021-11-01","y":66.6},{"x":"2021-12-01","y":65.3},{"x":"2022-01-01","y":58.5},{"x":"2022-02-01","y":65.4},{"x":"2022-03-01","y":64.4},{"x":"2022-04-01","y":66},{"x":"2022-05-01","y":64.8},{"x":"2022-06-01","y":65.4},{"x":"2022-07-01","y":63.6},{"x":"2022-08-01","y":67.4},{"x":"2022-09-01","y":68.6},{"x":"2022-10-01","y":62.5},{"x":"2022-11-01","y":68.2},{"x":"2022-12-01","y":63.9}],"color":"rgba(46,120,210,0.15)","borderWidth":1},{"label":"Automotriz","data":[{"x":"2016-01-01","y":20.4},{"x":"2016-02-01","y":43.1},{"x":"2016-03-01","y":55.5},{"x":"2016-04-01","y":54.6},{"x":"2016-05-01","y":47.5},{"x":"2016-06-01","y":50.7},{"x":"2016-07-01","y":45},{"x":"2016-08-01","y":51.4},{"x":"2016-09-01","y":51.4},{"x":"2016-10-01","y":44.1},{"x":"2016-11-01","y":56.3},{"x":"2016-12-01","y":45},{"x":"2017-01-01","y":30.7},{"x":"2017-02-01","y":31.5},{"x":"2017-03-01","y":48.2},{"x":"2017-04-01","y":46.5},{"x":"2017-05-01","y":54.5},{"x":"2017-06-01","y":55},{"x":"2017-07-01","y":45.5},{"x":"2017-08-01","y":55.1},{"x":"2017-09-01","y":57.1},{"x":"2017-10-01","y":52.9},{"x":"2017-11-01","y":55},{"x":"2017-12-01","y":38.3},{"x":"2018-01-01","y":25.6},{"x":"2018-02-01","y":50.4},{"x":"2018-03-01","y":58.2},{"x":"2018-04-01","y":55.8},{"x":"2018-05-01","y":55.2},{"x":"2018-06-01","y":47.7},{"x":"2018-07-01","y":48.1},{"x":"2018-08-01","y":57.3},{"x":"2018-09-01","y":44.8},{"x":"2018-10-01","y":45.9},{"x":"2018-11-01","y":44.4},{"x":"2018-12-01","y":25.6},{"x":"2019-01-01","y":15.7},{"x":"2019-02-01","y":42.1},{"x":"2019-03-01","y":35},{"x":"2019-04-01","y":37.6},{"x":"2019-05-01","y":36.6},{"x":"2019-06-01","y":34},{"x":"2019-07-01","y":30},{"x":"2019-08-01","y":43.5},{"x":"2019-09-01","y":37.4},{"x":"2019-10-01","y":43.2},{"x":"2019-11-01","y":38.7},{"x":"2019-12-01","y":21.1},{"x":"2020-01-01","y":26.3},{"x":"2020-02-01","y":37.5},{"x":"2020-03-01","y":25.9},{"x":"2020-04-01","y":0},{"x":"2020-05-01","y":6.2},{"x":"2020-06-01","y":23},{"x":"2020-07-01","y":29.8},{"x":"2020-08-01","y":35.4},{"x":"2020-09-01","y":46.2},{"x":"2020-10-01","y":40.3},{"x":"2020-11-01","y":46.9},{"x":"2020-12-01","y":41},{"x":"2021-01-01","y":31.4},{"x":"2021-02-01","y":33.4},{"x":"2021-03-01","y":54.8},{"x":"2021-04-01","y":39.1},{"x":"2021-05-01","y":44.6},{"x":"2021-06-01","y":51.9},{"x":"2021-07-01","y":41.1},{"x":"2021-08-01","y":47.7},{"x":"2021-09-01","y":55},{"x":"2021-10-01","y":50.8},{"x":"2021-11-01","y":60.2},{"x":"2021-12-01","y":49.8},{"x":"2022-01-01","y":22.5},{"x":"2022-02-01","y":51.6},{"x":"2022-03-01","y":59.5},{"x":"2022-04-01","y":56.9},{"x":"2022-05-01","y":57.1},{"x":"2022-06-01","y":59.8},{"x":"2022-07-01","y":54},{"x":"2022-08-01","y":65.3},{"x":"2022-09-01","y":65.6},{"x":"2022-10-01","y":62.3},{"x":"2022-11-01","y":66.2},{"x":"2022-12-01","y":44.9}],"color":"rgba(46,120,210,0.15)","borderWidth":1},{"label":"Edicion","data":[{"x":"2016-01-01","y":58.3},{"x":"2016-02-01","y":53.6},{"x":"2016-03-01","y":55},{"x":"2016-04-01","y":58.5},{"x":"2016-05-01","y":61.1},{"x":"2016-06-01","y":58.9},{"x":"2016-07-01","y":54.3},{"x":"2016-08-01","y":51.8},{"x":"2016-09-01","y":53.5},{"x":"2016-10-01","y":60.2},{"x":"2016-11-01","y":58.9},{"x":"2016-12-01","y":58.6},{"x":"2017-01-01","y":54},{"x":"2017-02-01","y":47.6},{"x":"2017-03-01","y":55.5},{"x":"2017-04-01","y":56},{"x":"2017-05-01","y":54.6},{"x":"2017-06-01","y":63.1},{"x":"2017-07-01","y":59.1},{"x":"2017-08-01","y":54.1},{"x":"2017-09-01","y":63},{"x":"2017-10-01","y":61.6},{"x":"2017-11-01","y":62.9},{"x":"2017-12-01","y":57.8},{"x":"2018-01-01","y":59.5},{"x":"2018-02-01","y":51.2},{"x":"2018-03-01","y":56.8},{"x":"2018-04-01","y":58.6},{"x":"2018-05-01","y":62.1},{"x":"2018-06-01","y":60.1},{"x":"2018-07-01","y":58.6},{"x":"2018-08-01","y":53.9},{"x":"2018-09-01","y":50.7},{"x":"2018-10-01","y":59.5},{"x":"2018-11-01","y":56.1},{"x":"2018-12-01","y":48.9},{"x":"2019-01-01","y":56.7},{"x":"2019-02-01","y":52.1},{"x":"2019-03-01","y":58.1},{"x":"2019-04-01","y":59.8},{"x":"2019-05-01","y":63.8},{"x":"2019-06-01","y":59.1},{"x":"2019-07-01","y":58.1},{"x":"2019-08-01","y":57.9},{"x":"2019-09-01","y":57.5},{"x":"2019-10-01","y":61.3},{"x":"2019-11-01","y":59.3},{"x":"2019-12-01","y":49.3},{"x":"2020-01-01","y":51.9},{"x":"2020-02-01","y":53.6},{"x":"2020-03-01","y":50.4},{"x":"2020-04-01","y":57.6},{"x":"2020-05-01","y":54.3},{"x":"2020-06-01","y":52.5},{"x":"2020-07-01","y":51.6},{"x":"2020-08-01","y":50.3},{"x":"2020-09-01","y":57.1},{"x":"2020-10-01","y":55.7},{"x":"2020-11-01","y":56.1},{"x":"2020-12-01","y":52.1},{"x":"2021-01-01","y":49.2},{"x":"2021-02-01","y":53.5},{"x":"2021-03-01","y":57.7},{"x":"2021-04-01","y":55.9},{"x":"2021-05-01","y":50.2},{"x":"2021-06-01","y":59.8},{"x":"2021-07-01","y":56.5},{"x":"2021-08-01","y":57.4},{"x":"2021-09-01","y":60.1},{"x":"2021-10-01","y":56.4},{"x":"2021-11-01","y":62.7},{"x":"2021-12-01","y":56.1},{"x":"2022-01-01","y":56.3},{"x":"2022-02-01","y":63.6},{"x":"2022-03-01","y":64.6},{"x":"2022-04-01","y":58.9},{"x":"2022-05-01","y":61.7},{"x":"2022-06-01","y":64.1},{"x":"2022-07-01","y":64.1},{"x":"2022-08-01","y":65.2},{"x":"2022-09-01","y":65.9},{"x":"2022-10-01","y":56.2},{"x":"2022-11-01","y":59.2},{"x":"2022-12-01","y":51.6}],"color":"rgba(46,120,210,0.15)","borderWidth":1},{"label":"Metales","data":[{"x":"2016-01-01","y":65.2},{"x":"2016-02-01","y":70.7},{"x":"2016-03-01","y":63.6},{"x":"2016-04-01","y":65.2},{"x":"2016-05-01","y":73.5},{"x":"2016-06-01","y":73.3},{"x":"2016-07-01","y":68.5},{"x":"2016-08-01","y":66.6},{"x":"2016-09-01","y":65.3},{"x":"2016-10-01","y":72.8},{"x":"2016-11-01","y":71.6},{"x":"2016-12-01","y":62.8},{"x":"2017-01-01","y":58.4},{"x":"2017-02-01","y":65.7},{"x":"2017-03-01","y":75.6},{"x":"2017-04-01","y":73.6},{"x":"2017-05-01","y":75.2},{"x":"2017-06-01","y":73.7},{"x":"2017-07-01","y":75.9},{"x":"2017-08-01","y":79.5},{"x":"2017-09-01","y":81},{"x":"2017-10-01","y":82.9},{"x":"2017-11-01","y":83.1},{"x":"2017-12-01","y":73.3},{"x":"2018-01-01","y":67.4},{"x":"2018-02-01","y":86.2},{"x":"2018-03-01","y":88},{"x":"2018-04-01","y":88.6},{"x":"2018-05-01","y":82},{"x":"2018-06-01","y":80.5},{"x":"2018-07-01","y":86.3},{"x":"2018-08-01","y":85.2},{"x":"2018-09-01","y":84.3},{"x":"2018-10-01","y":83.9},{"x":"2018-11-01","y":88},{"x":"2018-12-01","y":69.4},{"x":"2019-01-01","y":71.7},{"x":"2019-02-01","y":68.7},{"x":"2019-03-01","y":74.7},{"x":"2019-04-01","y":82},{"x":"2019-05-01","y":77.5},{"x":"2019-06-01","y":80.2},{"x":"2019-07-01","y":79.3},{"x":"2019-08-01","y":81.8},{"x":"2019-09-01","y":79.1},{"x":"2019-10-01","y":73.1},{"x":"2019-11-01","y":73.6},{"x":"2019-12-01","y":66.1},{"x":"2020-01-01","y":61.5},{"x":"2020-02-01","y":72.9},{"x":"2020-03-01","y":58.5},{"x":"2020-04-01","y":25.1},{"x":"2020-05-01","y":39},{"x":"2020-06-01","y":48.4},{"x":"2020-07-01","y":61},{"x":"2020-08-01","y":62.9},{"x":"2020-09-01","y":68.7},{"x":"2020-10-01","y":71.3},{"x":"2020-11-01","y":75},{"x":"2020-12-01","y":73.5},{"x":"2021-01-01","y":67.7},{"x":"2021-02-01","y":67.1},{"x":"2021-03-01","y":76.3},{"x":"2021-04-01","y":66},{"x":"2021-05-01","y":71.2},{"x":"2021-06-01","y":74.8},{"x":"2021-07-01","y":77.4},{"x":"2021-08-01","y":76.6},{"x":"2021-09-01","y":80.1},{"x":"2021-10-01","y":80.2},{"x":"2021-11-01","y":83.1},{"x":"2021-12-01","y":77.3},{"x":"2022-01-01","y":65.3},{"x":"2022-02-01","y":65.6},{"x":"2022-03-01","y":76.1},{"x":"2022-04-01","y":68.7},{"x":"2022-05-01","y":81.8},{"x":"2022-06-01","y":87.2},{"x":"2022-07-01","y":84.4},{"x":"2022-08-01","y":83.3},{"x":"2022-09-01","y":81.4},{"x":"2022-10-01","y":89.6},{"x":"2022-11-01","y":86.8},{"x":"2022-12-01","y":81.3}],"color":"rgba(46,120,210,0.15)","borderWidth":1},{"label":"Metalmecanica","data":[{"x":"2016-01-01","y":52.2},{"x":"2016-02-01","y":51.1},{"x":"2016-03-01","y":53.1},{"x":"2016-04-01","y":53.2},{"x":"2016-05-01","y":56},{"x":"2016-06-01","y":54.8},{"x":"2016-07-01","y":51.1},{"x":"2016-08-01","y":51.2},{"x":"2016-09-01","y":51.9},{"x":"2016-10-01","y":55.7},{"x":"2016-11-01","y":57.2},{"x":"2016-12-01","y":54.7},{"x":"2017-01-01","y":47.3},{"x":"2017-02-01","y":42.1},{"x":"2017-03-01","y":50.5},{"x":"2017-04-01","y":54.5},{"x":"2017-05-01","y":58.8},{"x":"2017-06-01","y":58.6},{"x":"2017-07-01","y":59.2},{"x":"2017-08-01","y":61.1},{"x":"2017-09-01","y":54.7},{"x":"2017-10-01","y":62.3},{"x":"2017-11-01","y":61.2},{"x":"2017-12-01","y":55.6},{"x":"2018-01-01","y":48.6},{"x":"2018-02-01","y":46.2},{"x":"2018-03-01","y":54.3},{"x":"2018-04-01","y":55.4},{"x":"2018-05-01","y":54.9},{"x":"2018-06-01","y":53.6},{"x":"2018-07-01","y":51.1},{"x":"2018-08-01","y":53.9},{"x":"2018-09-01","y":46},{"x":"2018-10-01","y":49.2},{"x":"2018-11-01","y":44.5},{"x":"2018-12-01","y":42.8},{"x":"2019-01-01","y":38.4},{"x":"2019-02-01","y":42},{"x":"2019-03-01","y":43.1},{"x":"2019-04-01","y":46.7},{"x":"2019-05-01","y":49.9},{"x":"2019-06-01","y":48.2},{"x":"2019-07-01","y":48.5},{"x":"2019-08-01","y":47.5},{"x":"2019-09-01","y":40},{"x":"2019-10-01","y":47.3},{"x":"2019-11-01","y":42.3},{"x":"2019-12-01","y":40},{"x":"2020-01-01","y":34.6},{"x":"2020-02-01","y":39.8},{"x":"2020-03-01","y":30.4},{"x":"2020-04-01","y":20.1},{"x":"2020-05-01","y":31.7},{"x":"2020-06-01","y":43.1},{"x":"2020-07-01","y":44.6},{"x":"2020-08-01","y":46.9},{"x":"2020-09-01","y":44.7},{"x":"2020-10-01","y":54},{"x":"2020-11-01","y":49.9},{"x":"2020-12-01","y":49.7},{"x":"2021-01-01","y":41.4},{"x":"2021-02-01","y":46.3},{"x":"2021-03-01","y":50.3},{"x":"2021-04-01","y":53.7},{"x":"2021-05-01","y":49.8},{"x":"2021-06-01","y":56},{"x":"2021-07-01","y":54.8},{"x":"2021-08-01","y":55.3},{"x":"2021-09-01","y":53.6},{"x":"2021-10-01","y":54.7},{"x":"2021-11-01","y":54.1},{"x":"2021-12-01","y":51.9},{"x":"2022-01-01","y":41.1},{"x":"2022-02-01","y":52.3},{"x":"2022-03-01","y":53.8},{"x":"2022-04-01","y":61.1},{"x":"2022-05-01","y":57.1},{"x":"2022-06-01","y":59.8},{"x":"2022-07-01","y":63.2},{"x":"2022-08-01","y":61.9},{"x":"2022-09-01","y":56.3},{"x":"2022-10-01","y":54.8},{"x":"2022-11-01","y":54.3},{"x":"2022-12-01","y":54.6}],"color":"rgba(46,120,210,0.15)","borderWidth":1},{"label":"Minerales","data":[{"x":"2016-01-01","y":63.2},{"x":"2016-02-01","y":73.1},{"x":"2016-03-01","y":75.4},{"x":"2016-04-01","y":75.4},{"x":"2016-05-01","y":72.9},{"x":"2016-06-01","y":71.5},{"x":"2016-07-01","y":66.4},{"x":"2016-08-01","y":73.1},{"x":"2016-09-01","y":70.7},{"x":"2016-10-01","y":70.7},{"x":"2016-11-01","y":72.2},{"x":"2016-12-01","y":69.6},{"x":"2017-01-01","y":53.3},{"x":"2017-02-01","y":68.7},{"x":"2017-03-01","y":75.6},{"x":"2017-04-01","y":71},{"x":"2017-05-01","y":72.4},{"x":"2017-06-01","y":76.7},{"x":"2017-07-01","y":72.3},{"x":"2017-08-01","y":77.1},{"x":"2017-09-01","y":74.7},{"x":"2017-10-01","y":77.2},{"x":"2017-11-01","y":80.6},{"x":"2017-12-01","y":76.7},{"x":"2018-01-01","y":67.6},{"x":"2018-02-01","y":74.2},{"x":"2018-03-01","y":76.1},{"x":"2018-04-01","y":74.2},{"x":"2018-05-01","y":72.9},{"x":"2018-06-01","y":70.6},{"x":"2018-07-01","y":71.4},{"x":"2018-08-01","y":72.1},{"x":"2018-09-01","y":74.1},{"x":"2018-10-01","y":73.7},{"x":"2018-11-01","y":72.7},{"x":"2018-12-01","y":61.5},{"x":"2019-01-01","y":57.1},{"x":"2019-02-01","y":67.5},{"x":"2019-03-01","y":62.4},{"x":"2019-04-01","y":67.2},{"x":"2019-05-01","y":64.8},{"x":"2019-06-01","y":67.1},{"x":"2019-07-01","y":67.2},{"x":"2019-08-01","y":71.9},{"x":"2019-09-01","y":75.4},{"x":"2019-10-01","y":72.2},{"x":"2019-11-01","y":71.1},{"x":"2019-12-01","y":57.2},{"x":"2020-01-01","y":54.4},{"x":"2020-02-01","y":62.4},{"x":"2020-03-01","y":42.1},{"x":"2020-04-01","y":22.5},{"x":"2020-05-01","y":38.5},{"x":"2020-06-01","y":61.8},{"x":"2020-07-01","y":67.5},{"x":"2020-08-01","y":70.4},{"x":"2020-09-01","y":77.8},{"x":"2020-10-01","y":77.6},{"x":"2020-11-01","y":80.1},{"x":"2020-12-01","y":69.2},{"x":"2021-01-01","y":71.7},{"x":"2021-02-01","y":75.3},{"x":"2021-03-01","y":77.4},{"x":"2021-04-01","y":74.7},{"x":"2021-05-01","y":68.9},{"x":"2021-06-01","y":74.2},{"x":"2021-07-01","y":77.2},{"x":"2021-08-01","y":79.8},{"x":"2021-09-01","y":79.1},{"x":"2021-10-01","y":78.6},{"x":"2021-11-01","y":81.5},{"x":"2021-12-01","y":70.2},{"x":"2022-01-01","y":67.9},{"x":"2022-02-01","y":76.1},{"x":"2022-03-01","y":76.5},{"x":"2022-04-01","y":79.4},{"x":"2022-05-01","y":81.4},{"x":"2022-06-01","y":82.7},{"x":"2022-07-01","y":81.1},{"x":"2022-08-01","y":83.8},{"x":"2022-09-01","y":83.3},{"x":"2022-10-01","y":79.8},{"x":"2022-11-01","y":80.7},{"x":"2022-12-01","y":69.8}],"color":"rgba(46,120,210,0.15)","borderWidth":1},{"label":"Papel","data":[{"x":"2016-01-01","y":84.4},{"x":"2016-02-01","y":79},{"x":"2016-03-01","y":81.4},{"x":"2016-04-01","y":83.8},{"x":"2016-05-01","y":74.6},{"x":"2016-06-01","y":79},{"x":"2016-07-01","y":83.8},{"x":"2016-08-01","y":91.8},{"x":"2016-09-01","y":80.3},{"x":"2016-10-01","y":86},{"x":"2016-11-01","y":88.2},{"x":"2016-12-01","y":76.7},{"x":"2017-01-01","y":80},{"x":"2017-02-01","y":85},{"x":"2017-03-01","y":87.7},{"x":"2017-04-01","y":79.6},{"x":"2017-05-01","y":71.8},{"x":"2017-06-01","y":77},{"x":"2017-07-01","y":81.6},{"x":"2017-08-01","y":88},{"x":"2017-09-01","y":82.5},{"x":"2017-10-01","y":86.8},{"x":"2017-11-01","y":82.7},{"x":"2017-12-01","y":72.8},{"x":"2018-01-01","y":73.5},{"x":"2018-02-01","y":77.2},{"x":"2018-03-01","y":72.8},{"x":"2018-04-01","y":73.1},{"x":"2018-05-01","y":70.5},{"x":"2018-06-01","y":71.7},{"x":"2018-07-01","y":73.8},{"x":"2018-08-01","y":76.1},{"x":"2018-09-01","y":73.8},{"x":"2018-10-01","y":76.5},{"x":"2018-11-01","y":76.1},{"x":"2018-12-01","y":66.8},{"x":"2019-01-01","y":67.4},{"x":"2019-02-01","y":71.7},{"x":"2019-03-01","y":71.1},{"x":"2019-04-01","y":68.4},{"x":"2019-05-01","y":64.8},{"x":"2019-06-01","y":68.7},{"x":"2019-07-01","y":72.9},{"x":"2019-08-01","y":73.4},{"x":"2019-09-01","y":73.1},{"x":"2019-10-01","y":75.1},{"x":"2019-11-01","y":74.6},{"x":"2019-12-01","y":68.1},{"x":"2020-01-01","y":67.9},{"x":"2020-02-01","y":73.7},{"x":"2020-03-01","y":68.9},{"x":"2020-04-01","y":59.9},{"x":"2020-05-01","y":65},{"x":"2020-06-01","y":68.1},{"x":"2020-07-01","y":65},{"x":"2020-08-01","y":65},{"x":"2020-09-01","y":71.2},{"x":"2020-10-01","y":66.1},{"x":"2020-11-01","y":71.5},{"x":"2020-12-01","y":62.6},{"x":"2021-01-01","y":58.8},{"x":"2021-02-01","y":69.1},{"x":"2021-03-01","y":71.7},{"x":"2021-04-01","y":73},{"x":"2021-05-01","y":74},{"x":"2021-06-01","y":72.5},{"x":"2021-07-01","y":77.7},{"x":"2021-08-01","y":72.4},{"x":"2021-09-01","y":78.5},{"x":"2021-10-01","y":75.4},{"x":"2021-11-01","y":79.5},{"x":"2021-12-01","y":70},{"x":"2022-01-01","y":69.8},{"x":"2022-02-01","y":77.9},{"x":"2022-03-01","y":77.4},{"x":"2022-04-01","y":76.4},{"x":"2022-05-01","y":78},{"x":"2022-06-01","y":78.4},{"x":"2022-07-01","y":81.4},{"x":"2022-08-01","y":77.6},{"x":"2022-09-01","y":78.5},{"x":"2022-10-01","y":75.2},{"x":"2022-11-01","y":73.4},{"x":"2022-12-01","y":67.6}],"color":"rgba(46,120,210,0.15)","borderWidth":1},{"label":"Petroleo","data":[{"x":"2016-01-01","y":85.1},{"x":"2016-02-01","y":86.8},{"x":"2016-03-01","y":83.4},{"x":"2016-04-01","y":82},{"x":"2016-05-01","y":80.9},{"x":"2016-06-01","y":86.1},{"x":"2016-07-01","y":84.5},{"x":"2016-08-01","y":80.2},{"x":"2016-09-01","y":81.3},{"x":"2016-10-01","y":84.5},{"x":"2016-11-01","y":83.2},{"x":"2016-12-01","y":84.4},{"x":"2017-01-01","y":85},{"x":"2017-02-01","y":81.6},{"x":"2017-03-01","y":79.9},{"x":"2017-04-01","y":82.4},{"x":"2017-05-01","y":80.6},{"x":"2017-06-01","y":86.4},{"x":"2017-07-01","y":84.4},{"x":"2017-08-01","y":85.3},{"x":"2017-09-01","y":85.7},{"x":"2017-10-01","y":73.4},{"x":"2017-11-01","y":79},{"x":"2017-12-01","y":86.3},{"x":"2018-01-01","y":81.7},{"x":"2018-02-01","y":82.8},{"x":"2018-03-01","y":78.6},{"x":"2018-04-01","y":78.4},{"x":"2018-05-01","y":77.5},{"x":"2018-06-01","y":68.7},{"x":"2018-07-01","y":66.2},{"x":"2018-08-01","y":78.1},{"x":"2018-09-01","y":75.7},{"x":"2018-10-01","y":78.8},{"x":"2018-11-01","y":73.2},{"x":"2018-12-01","y":77.4},{"x":"2019-01-01","y":76.6},{"x":"2019-02-01","y":71.7},{"x":"2019-03-01","y":76.6},{"x":"2019-04-01","y":72.1},{"x":"2019-05-01","y":78.3},{"x":"2019-06-01","y":73.8},{"x":"2019-07-01","y":75.1},{"x":"2019-08-01","y":79.8},{"x":"2019-09-01","y":77},{"x":"2019-10-01","y":80.8},{"x":"2019-11-01","y":78.7},{"x":"2019-12-01","y":78.6},{"x":"2020-01-01","y":80.7},{"x":"2020-02-01","y":80.1},{"x":"2020-03-01","y":70.8},{"x":"2020-04-01","y":46.2},{"x":"2020-05-01","y":57},{"x":"2020-06-01","y":67.3},{"x":"2020-07-01","y":68.1},{"x":"2020-08-01","y":69.1},{"x":"2020-09-01","y":59.5},{"x":"2020-10-01","y":64.3},{"x":"2020-11-01","y":69.7},{"x":"2020-12-01","y":72},{"x":"2021-01-01","y":77.5},{"x":"2021-02-01","y":77.3},{"x":"2021-03-01","y":73.8},{"x":"2021-04-01","y":73.1},{"x":"2021-05-01","y":75.4},{"x":"2021-06-01","y":73.6},{"x":"2021-07-01","y":72.1},{"x":"2021-08-01","y":75.4},{"x":"2021-09-01","y":75.8},{"x":"2021-10-01","y":77.4},{"x":"2021-11-01","y":77.5},{"x":"2021-12-01","y":79.2},{"x":"2022-01-01","y":77.2},{"x":"2022-02-01","y":69.1},{"x":"2022-03-01","y":71.9},{"x":"2022-04-01","y":81.4},{"x":"2022-05-01","y":81.3},{"x":"2022-06-01","y":81.2},{"x":"2022-07-01","y":78.3},{"x":"2022-08-01","y":80.7},{"x":"2022-09-01","y":77.9},{"x":"2022-10-01","y":72.4},{"x":"2022-11-01","y":79},{"x":"2022-12-01","y":85.1}],"color":"rgba(46,120,210,0.15)","borderWidth":1},{"label":"Plastico","data":[{"x":"2016-01-01","y":58.8},{"x":"2016-02-01","y":53.6},{"x":"2016-03-01","y":56.2},{"x":"2016-04-01","y":60.2},{"x":"2016-05-01","y":60.4},{"x":"2016-06-01","y":62},{"x":"2016-07-01","y":58.2},{"x":"2016-08-01","y":56.6},{"x":"2016-09-01","y":55.2},{"x":"2016-10-01","y":52.8},{"x":"2016-11-01","y":62.6},{"x":"2016-12-01","y":62.9},{"x":"2017-01-01","y":58.5},{"x":"2017-02-01","y":54.1},{"x":"2017-03-01","y":55},{"x":"2017-04-01","y":57.9},{"x":"2017-05-01","y":64},{"x":"2017-06-01","y":65.8},{"x":"2017-07-01","y":65},{"x":"2017-08-01","y":60.1},{"x":"2017-09-01","y":56.9},{"x":"2017-10-01","y":55.5},{"x":"2017-11-01","y":59.9},{"x":"2017-12-01","y":61.5},{"x":"2018-01-01","y":58.2},{"x":"2018-02-01","y":53.3},{"x":"2018-03-01","y":56.7},{"x":"2018-04-01","y":61.8},{"x":"2018-05-01","y":62.4},{"x":"2018-06-01","y":54.8},{"x":"2018-07-01","y":54.3},{"x":"2018-08-01","y":57.6},{"x":"2018-09-01","y":52.4},{"x":"2018-10-01","y":52.1},{"x":"2018-11-01","y":51.6},{"x":"2018-12-01","y":47.2},{"x":"2019-01-01","y":48.4},{"x":"2019-02-01","y":50.8},{"x":"2019-03-01","y":48.7},{"x":"2019-04-01","y":51.5},{"x":"2019-05-01","y":50.9},{"x":"2019-06-01","y":50.1},{"x":"2019-07-01","y":51.6},{"x":"2019-08-01","y":50.2},{"x":"2019-09-01","y":51.3},{"x":"2019-10-01","y":53.4},{"x":"2019-11-01","y":54.7},{"x":"2019-12-01","y":44.7},{"x":"2020-01-01","y":45.1},{"x":"2020-02-01","y":47},{"x":"2020-03-01","y":39.8},{"x":"2020-04-01","y":31.7},{"x":"2020-05-01","y":36.4},{"x":"2020-06-01","y":46.6},{"x":"2020-07-01","y":47.3},{"x":"2020-08-01","y":48.6},{"x":"2020-09-01","y":52.8},{"x":"2020-10-01","y":54.2},{"x":"2020-11-01","y":57.2},{"x":"2020-12-01","y":49.5},{"x":"2021-01-01","y":52.6},{"x":"2021-02-01","y":50.6},{"x":"2021-03-01","y":56.1},{"x":"2021-04-01","y":52.1},{"x":"2021-05-01","y":50.5},{"x":"2021-06-01","y":54.3},{"x":"2021-07-01","y":52.4},{"x":"2021-08-01","y":56},{"x":"2021-09-01","y":60},{"x":"2021-10-01","y":55.2},{"x":"2021-11-01","y":60.1},{"x":"2021-12-01","y":51.5},{"x":"2022-01-01","y":46.8},{"x":"2022-02-01","y":54.7},{"x":"2022-03-01","y":59.7},{"x":"2022-04-01","y":59.9},{"x":"2022-05-01","y":55.4},{"x":"2022-06-01","y":55.6},{"x":"2022-07-01","y":53.8},{"x":"2022-08-01","y":57},{"x":"2022-09-01","y":55.3},{"x":"2022-10-01","y":56.9},{"x":"2022-11-01","y":56.6},{"x":"2022-12-01","y":47.2}],"color":"rgba(46,120,210,0.15)","borderWidth":1},{"label":"Quimicos","data":[{"x":"2016-01-01","y":66.1},{"x":"2016-02-01","y":66.8},{"x":"2016-03-01","y":66.3},{"x":"2016-04-01","y":67.9},{"x":"2016-05-01","y":65.3},{"x":"2016-06-01","y":64.6},{"x":"2016-07-01","y":60.6},{"x":"2016-08-01","y":59.1},{"x":"2016-09-01","y":68.5},{"x":"2016-10-01","y":70.3},{"x":"2016-11-01","y":74.3},{"x":"2016-12-01","y":65.1},{"x":"2017-01-01","y":68.5},{"x":"2017-02-01","y":68.8},{"x":"2017-03-01","y":67.3},{"x":"2017-04-01","y":68.6},{"x":"2017-05-01","y":66.9},{"x":"2017-06-01","y":67.5},{"x":"2017-07-01","y":59.1},{"x":"2017-08-01","y":62.3},{"x":"2017-09-01","y":64},{"x":"2017-10-01","y":70.9},{"x":"2017-11-01","y":71},{"x":"2017-12-01","y":68.9},{"x":"2018-01-01","y":70.8},{"x":"2018-02-01","y":73},{"x":"2018-03-01","y":71.9},{"x":"2018-04-01","y":72.4},{"x":"2018-05-01","y":65.6},{"x":"2018-06-01","y":61.8},{"x":"2018-07-01","y":50.8},{"x":"2018-08-01","y":54.1},{"x":"2018-09-01","y":63.2},{"x":"2018-10-01","y":69.1},{"x":"2018-11-01","y":70},{"x":"2018-12-01","y":66.4},{"x":"2019-01-01","y":68.9},{"x":"2019-02-01","y":69.4},{"x":"2019-03-01","y":69.6},{"x":"2019-04-01","y":70.5},{"x":"2019-05-01","y":70.8},{"x":"2019-06-01","y":57.2},{"x":"2019-07-01","y":47.5},{"x":"2019-08-01","y":51.6},{"x":"2019-09-01","y":47.7},{"x":"2019-10-01","y":63.7},{"x":"2019-11-01","y":68.7},{"x":"2019-12-01","y":68.8},{"x":"2020-01-01","y":73.8},{"x":"2020-02-01","y":71.4},{"x":"2020-03-01","y":68.5},{"x":"2020-04-01","y":69.3},{"x":"2020-05-01","y":63},{"x":"2020-06-01","y":59.8},{"x":"2020-07-01","y":68.7},{"x":"2020-08-01","y":71.1},{"x":"2020-09-01","y":69.8},{"x":"2020-10-01","y":69.3},{"x":"2020-11-01","y":68.7},{"x":"2020-12-01","y":63.7},{"x":"2021-01-01","y":62.9},{"x":"2021-02-01","y":55.5},{"x":"2021-03-01","y":70.3},{"x":"2021-04-01","y":75.4},{"x":"2021-05-01","y":71.7},{"x":"2021-06-01","y":69.6},{"x":"2021-07-01","y":70.2},{"x":"2021-08-01","y":63.5},{"x":"2021-09-01","y":64.9},{"x":"2021-10-01","y":64.2},{"x":"2021-11-01","y":73.6},{"x":"2021-12-01","y":70.8},{"x":"2022-01-01","y":73.1},{"x":"2022-02-01","y":71.9},{"x":"2022-03-01","y":75.9},{"x":"2022-04-01","y":73.3},{"x":"2022-05-01","y":74.3},{"x":"2022-06-01","y":73.3},{"x":"2022-07-01","y":68.9},{"x":"2022-08-01","y":69.4},{"x":"2022-09-01","y":69.8},{"x":"2022-10-01","y":71.3},{"x":"2022-11-01","y":74.4},{"x":"2022-12-01","y":70.6}],"color":"rgba(46,120,210,0.15)","borderWidth":1},{"label":"Tabaco","data":[{"x":"2016-01-01","y":83.9},{"x":"2016-02-01","y":81.3},{"x":"2016-03-01","y":84.1},{"x":"2016-04-01","y":81.4},{"x":"2016-05-01","y":79},{"x":"2016-06-01","y":69.1},{"x":"2016-07-01","y":72.8},{"x":"2016-08-01","y":73.4},{"x":"2016-09-01","y":80.8},{"x":"2016-10-01","y":57},{"x":"2016-11-01","y":73.3},{"x":"2016-12-01","y":75.5},{"x":"2017-01-01","y":80.3},{"x":"2017-02-01","y":78.3},{"x":"2017-03-01","y":76},{"x":"2017-04-01","y":62.4},{"x":"2017-05-01","y":71.7},{"x":"2017-06-01","y":76.1},{"x":"2017-07-01","y":83.1},{"x":"2017-08-01","y":77},{"x":"2017-09-01","y":77.3},{"x":"2017-10-01","y":71.6},{"x":"2017-11-01","y":70.5},{"x":"2017-12-01","y":61.8},{"x":"2018-01-01","y":77.8},{"x":"2018-02-01","y":71.5},{"x":"2018-03-01","y":74.4},{"x":"2018-04-01","y":69.2},{"x":"2018-05-01","y":79.5},{"x":"2018-06-01","y":68},{"x":"2018-07-01","y":73},{"x":"2018-08-01","y":76.7},{"x":"2018-09-01","y":66.5},{"x":"2018-10-01","y":71.4},{"x":"2018-11-01","y":74.6},{"x":"2018-12-01","y":56},{"x":"2019-01-01","y":83.9},{"x":"2019-02-01","y":72.9},{"x":"2019-03-01","y":63.8},{"x":"2019-04-01","y":58.6},{"x":"2019-05-01","y":70.8},{"x":"2019-06-01","y":54.6},{"x":"2019-07-01","y":68.9},{"x":"2019-08-01","y":64.6},{"x":"2019-09-01","y":69.2},{"x":"2019-10-01","y":73.1},{"x":"2019-11-01","y":69.7},{"x":"2019-12-01","y":50.1},{"x":"2020-01-01","y":67.3},{"x":"2020-02-01","y":58.2},{"x":"2020-03-01","y":53.6},{"x":"2020-04-01","y":0},{"x":"2020-05-01","y":62.2},{"x":"2020-06-01","y":97.1},{"x":"2020-07-01","y":79.5},{"x":"2020-08-01","y":61.5},{"x":"2020-09-01","y":64.1},{"x":"2020-10-01","y":54.5},{"x":"2020-11-01","y":59.1},{"x":"2020-12-01","y":46.7},{"x":"2021-01-01","y":49.3},{"x":"2021-02-01","y":56.7},{"x":"2021-03-01","y":68.8},{"x":"2021-04-01","y":65.7},{"x":"2021-05-01","y":52.3},{"x":"2021-06-01","y":64.2},{"x":"2021-07-01","y":55.7},{"x":"2021-08-01","y":60.7},{"x":"2021-09-01","y":66.1},{"x":"2021-10-01","y":59.9},{"x":"2021-11-01","y":62.9},{"x":"2021-12-01","y":53},{"x":"2022-01-01","y":50.6},{"x":"2022-02-01","y":66.4},{"x":"2022-03-01","y":66.3},{"x":"2022-04-01","y":58.8},{"x":"2022-05-01","y":61.5},{"x":"2022-06-01","y":55.9},{"x":"2022-07-01","y":65.1},{"x":"2022-08-01","y":64.1},{"x":"2022-09-01","y":63.5},{"x":"2022-10-01","y":57.5},{"x":"2022-11-01","y":65.7},{"x":"2022-12-01","y":52.6}],"color":"rgba(46,120,210,0.15)","borderWidth":1},{"label":"Textiles","data":[{"x":"2016-01-01","y":66.9},{"x":"2016-02-01","y":72.2},{"x":"2016-03-01","y":73.5},{"x":"2016-04-01","y":74.4},{"x":"2016-05-01","y":73.3},{"x":"2016-06-01","y":73.9},{"x":"2016-07-01","y":71.9},{"x":"2016-08-01","y":74},{"x":"2016-09-01","y":69.1},{"x":"2016-10-01","y":59},{"x":"2016-11-01","y":58.8},{"x":"2016-12-01","y":48.9},{"x":"2017-01-01","y":57.5},{"x":"2017-02-01","y":53.9},{"x":"2017-03-01","y":57.3},{"x":"2017-04-01","y":54.9},{"x":"2017-05-01","y":61.4},{"x":"2017-06-01","y":66.2},{"x":"2017-07-01","y":65.5},{"x":"2017-08-01","y":69.1},{"x":"2017-09-01","y":68.3},{"x":"2017-10-01","y":62.5},{"x":"2017-11-01","y":60.9},{"x":"2017-12-01","y":55.7},{"x":"2018-01-01","y":57.2},{"x":"2018-02-01","y":48.3},{"x":"2018-03-01","y":53.6},{"x":"2018-04-01","y":52.3},{"x":"2018-05-01","y":59.9},{"x":"2018-06-01","y":55.4},{"x":"2018-07-01","y":53.6},{"x":"2018-08-01","y":53.4},{"x":"2018-09-01","y":49.1},{"x":"2018-10-01","y":47.4},{"x":"2018-11-01","y":43.9},{"x":"2018-12-01","y":32.3},{"x":"2019-01-01","y":31.4},{"x":"2019-02-01","y":43.2},{"x":"2019-03-01","y":49.8},{"x":"2019-04-01","y":49.5},{"x":"2019-05-01","y":54.6},{"x":"2019-06-01","y":53.5},{"x":"2019-07-01","y":60.6},{"x":"2019-08-01","y":58.8},{"x":"2019-09-01","y":57.8},{"x":"2019-10-01","y":51.4},{"x":"2019-11-01","y":51.6},{"x":"2019-12-01","y":41.1},{"x":"2020-01-01","y":44.4},{"x":"2020-02-01","y":43.9},{"x":"2020-03-01","y":28.7},{"x":"2020-04-01","y":4.2},{"x":"2020-05-01","y":17.8},{"x":"2020-06-01","y":37.8},{"x":"2020-07-01","y":43.1},{"x":"2020-08-01","y":42.3},{"x":"2020-09-01","y":48.5},{"x":"2020-10-01","y":48},{"x":"2020-11-01","y":49.1},{"x":"2020-12-01","y":42.4},{"x":"2021-01-01","y":43},{"x":"2021-02-01","y":49.8},{"x":"2021-03-01","y":50.7},{"x":"2021-04-01","y":52.4},{"x":"2021-05-01","y":52.3},{"x":"2021-06-01","y":62.1},{"x":"2021-07-01","y":58.4},{"x":"2021-08-01","y":54.4},{"x":"2021-09-01","y":60.6},{"x":"2021-10-01","y":54.8},{"x":"2021-11-01","y":59.1},{"x":"2021-12-01","y":47.4},{"x":"2022-01-01","y":38.1},{"x":"2022-02-01","y":58.1},{"x":"2022-03-01","y":53.4},{"x":"2022-04-01","y":55},{"x":"2022-05-01","y":59.5},{"x":"2022-06-01","y":67.6},{"x":"2022-07-01","y":63.8},{"x":"2022-08-01","y":64.5},{"x":"2022-09-01","y":62.6},{"x":"2022-10-01","y":53},{"x":"2022-11-01","y":56.3},{"x":"2022-12-01","y":43.7}],"color":"rgba(46,120,210,0.15)","borderWidth":1}]}}