{"kpi":"uvi","t":"UVI","st":"Unidad de Vivienda","sd":"Este indicador <em>refleja la evolución mensual de la actividad económica</em> de 16 sectores productivos. Permite anticipar las tasas de variación del producto interno bruto (PIB) trimestral.","c":"<p>La Unidad de Vivienda (UVI) es una unidad de medida creada por el Banco Central de la República Argentina (BCRA) en 2016 para ajustar el valor de los créditos hipotecarios en función de la inflación y permitir que más personas puedan acceder a una vivienda propia. </p><p>El valor de la UVI se actualiza diariamente de acuerdo con el Coeficiente de Estabilización de Referencia (CER), que a su vez se ajusta por la variación del índice de precios al consumidor (IPC). De esta manera, el monto de un crédito hipotecario en UVIs se ajusta automáticamente de acuerdo con la inflación, lo que protege a los deudores de las fluctuaciones del mercado y les permite planificar mejor sus pagos. </p><p>Además, el BCRA establece una tasa de interés máxima para los créditos hipotecarios en UVIs, lo que evita que los bancos puedan imponer tasas excesivas a los prestatarios y garantiza que las condiciones sean más justas y accesibles para todos. </p>","fd":"datos.gob.ar","fdr":"https://datos.gob.ar/ar/dataset/sspm-cer-uva-uvi/archivo/sspm_94.2","fu":"MECON","fur":"https://www.argentina.gob.ar/economia/politicaeconomica/macroeconomica","frec":"Diaria","fruc":"mean","d":"El Estimador mensual de actividad económica (EMAE) refleja la evolución mensual de la actividad económica del conjunto de los sectores productivos a nivel nacional. Este indicador permite anticipar las tasas de variación del producto interno bruto (PIB) trimestral.","dimensions":[{"fillColor":"rgba(46,120,210,0.05)","label":"UVI","data":[{"x":"2016-03-31","y":14.05},{"x":"2016-04-01","y":14.05},{"x":"2016-04-02","y":14.06},{"x":"2016-04-03","y":14.06},{"x":"2016-04-04","y":14.06},{"x":"2016-04-05","y":14.1},{"x":"2016-04-06","y":14.12},{"x":"2016-04-07","y":14.13},{"x":"2016-04-08","y":14.14},{"x":"2016-04-09","y":14.16},{"x":"2016-04-10","y":14.16},{"x":"2016-04-11","y":14.16},{"x":"2016-04-12","y":14.2},{"x":"2016-04-13","y":14.21},{"x":"2016-04-14","y":14.23},{"x":"2016-04-15","y":14.24},{"x":"2016-04-16","y":14.25},{"x":"2016-04-17","y":14.25},{"x":"2016-04-18","y":14.25},{"x":"2016-04-19","y":14.29},{"x":"2016-04-20","y":14.31},{"x":"2016-04-21","y":14.32},{"x":"2016-04-22","y":14.33},{"x":"2016-04-23","y":14.35},{"x":"2016-04-24","y":14.35},{"x":"2016-04-25","y":14.35},{"x":"2016-04-26","y":14.39},{"x":"2016-04-27","y":14.39},{"x":"2016-04-28","y":14.4},{"x":"2016-04-29","y":14.4},{"x":"2016-04-30","y":14.41},{"x":"2016-05-01","y":14.41},{"x":"2016-05-02","y":14.41},{"x":"2016-05-03","y":14.42},{"x":"2016-05-04","y":14.42},{"x":"2016-05-05","y":14.43},{"x":"2016-05-06","y":14.43},{"x":"2016-05-07","y":14.44},{"x":"2016-05-08","y":14.44},{"x":"2016-05-09","y":14.44},{"x":"2016-05-10","y":14.45},{"x":"2016-05-11","y":14.45},{"x":"2016-05-12","y":14.46},{"x":"2016-05-13","y":14.46},{"x":"2016-05-14","y":14.47},{"x":"2016-05-15","y":14.47},{"x":"2016-05-16","y":14.47},{"x":"2016-05-17","y":14.48},{"x":"2016-05-18","y":14.48},{"x":"2016-05-19","y":14.49},{"x":"2016-05-20","y":14.49},{"x":"2016-05-21","y":14.5},{"x":"2016-05-22","y":14.5},{"x":"2016-05-23","y":14.5},{"x":"2016-05-24","y":14.51},{"x":"2016-05-25","y":14.52},{"x":"2016-05-26","y":14.52},{"x":"2016-05-27","y":14.57},{"x":"2016-05-28","y":14.62},{"x":"2016-05-29","y":14.62},{"x":"2016-05-30","y":14.62},{"x":"2016-05-31","y":14.77},{"x":"2016-06-01","y":14.82},{"x":"2016-06-02","y":14.87},{"x":"2016-06-03","y":14.92},{"x":"2016-06-04","y":14.97},{"x":"2016-06-05","y":14.97},{"x":"2016-06-06","y":14.97},{"x":"2016-06-07","y":15.12},{"x":"2016-06-08","y":15.17},{"x":"2016-06-09","y":15.23},{"x":"2016-06-10","y":15.28},{"x":"2016-06-11","y":15.33},{"x":"2016-06-12","y":15.33},{"x":"2016-06-13","y":15.33},{"x":"2016-06-14","y":15.49},{"x":"2016-06-15","y":15.54},{"x":"2016-06-16","y":15.59},{"x":"2016-06-17","y":15.65},{"x":"2016-06-18","y":15.65},{"x":"2016-06-19","y":15.65},{"x":"2016-06-20","y":15.65},{"x":"2016-06-21","y":15.65},{"x":"2016-06-22","y":15.91},{"x":"2016-06-23","y":15.97},{"x":"2016-06-24","y":16.02},{"x":"2016-06-25","y":16.08},{"x":"2016-06-26","y":16.08},{"x":"2016-06-27","y":16.08},{"x":"2016-06-28","y":16.15},{"x":"2016-06-29","y":16.15},{"x":"2016-06-30","y":16.16},{"x":"2016-07-01","y":16.17},{"x":"2016-07-02","y":16.18},{"x":"2016-07-03","y":16.18},{"x":"2016-07-04","y":16.18},{"x":"2016-07-05","y":16.2},{"x":"2016-07-06","y":16.21},{"x":"2016-07-07","y":16.22},{"x":"2016-07-08","y":16.22},{"x":"2016-07-09","y":16.22},{"x":"2016-07-10","y":16.22},{"x":"2016-07-11","y":16.22},{"x":"2016-07-12","y":16.26},{"x":"2016-07-13","y":16.26},{"x":"2016-07-14","y":16.27},{"x":"2016-07-15","y":16.28},{"x":"2016-07-16","y":16.29},{"x":"2016-07-17","y":16.29},{"x":"2016-07-18","y":16.29},{"x":"2016-07-19","y":16.31},{"x":"2016-07-20","y":16.32},{"x":"2016-07-21","y":16.33},{"x":"2016-07-22","y":16.34},{"x":"2016-07-23","y":16.34},{"x":"2016-07-24","y":16.34},{"x":"2016-07-25","y":16.34},{"x":"2016-07-26","y":16.37},{"x":"2016-07-27","y":16.38},{"x":"2016-07-28","y":16.39},{"x":"2016-07-29","y":16.39},{"x":"2016-07-30","y":16.4},{"x":"2016-07-31","y":16.4},{"x":"2016-08-01","y":16.4},{"x":"2016-08-02","y":16.43},{"x":"2016-08-03","y":16.44},{"x":"2016-08-04","y":16.44},{"x":"2016-08-05","y":16.45},{"x":"2016-08-06","y":16.46},{"x":"2016-08-07","y":16.46},{"x":"2016-08-08","y":16.46},{"x":"2016-08-09","y":16.49},{"x":"2016-08-10","y":16.49},{"x":"2016-08-11","y":16.5},{"x":"2016-08-12","y":16.51},{"x":"2016-08-13","y":16.52},{"x":"2016-08-14","y":16.52},{"x":"2016-08-15","y":16.52},{"x":"2016-08-16","y":16.52},{"x":"2016-08-17","y":16.55},{"x":"2016-08-18","y":16.56},{"x":"2016-08-19","y":16.57},{"x":"2016-08-20","y":16.58},{"x":"2016-08-21","y":16.58},{"x":"2016-08-22","y":16.58},{"x":"2016-08-23","y":16.6},{"x":"2016-08-24","y":16.6},{"x":"2016-08-25","y":16.61},{"x":"2016-08-26","y":16.61},{"x":"2016-08-27","y":16.62},{"x":"2016-08-28","y":16.62},{"x":"2016-08-29","y":16.62},{"x":"2016-08-30","y":16.63},{"x":"2016-08-31","y":16.64},{"x":"2016-09-01","y":16.65},{"x":"2016-09-02","y":16.65},{"x":"2016-09-03","y":16.66},{"x":"2016-09-04","y":16.66},{"x":"2016-09-05","y":16.66},{"x":"2016-09-06","y":16.67},{"x":"2016-09-07","y":16.68},{"x":"2016-09-08","y":16.68},{"x":"2016-09-09","y":16.69},{"x":"2016-09-10","y":16.69},{"x":"2016-09-11","y":16.69},{"x":"2016-09-12","y":16.69},{"x":"2016-09-13","y":16.71},{"x":"2016-09-14","y":16.72},{"x":"2016-09-15","y":16.72},{"x":"2016-09-16","y":16.73},{"x":"2016-09-17","y":16.73},{"x":"2016-09-18","y":16.73},{"x":"2016-09-19","y":16.73},{"x":"2016-09-20","y":16.75},{"x":"2016-09-21","y":16.75},{"x":"2016-09-22","y":16.76},{"x":"2016-09-23","y":16.76},{"x":"2016-09-24","y":16.76},{"x":"2016-09-25","y":16.76},{"x":"2016-09-26","y":16.76},{"x":"2016-09-27","y":16.77},{"x":"2016-09-28","y":16.78},{"x":"2016-09-29","y":16.78},{"x":"2016-09-30","y":16.78},{"x":"2016-10-01","y":16.79},{"x":"2016-10-02","y":16.79},{"x":"2016-10-03","y":16.79},{"x":"2016-10-04","y":16.8},{"x":"2016-10-05","y":16.8},{"x":"2016-10-06","y":16.8},{"x":"2016-10-07","y":16.81},{"x":"2016-10-08","y":16.81},{"x":"2016-10-09","y":16.81},{"x":"2016-10-10","y":16.81},{"x":"2016-10-11","y":16.81},{"x":"2016-10-12","y":16.83},{"x":"2016-10-13","y":16.83},{"x":"2016-10-14","y":16.83},{"x":"2016-10-15","y":16.84},{"x":"2016-10-16","y":16.84},{"x":"2016-10-17","y":16.84},{"x":"2016-10-18","y":16.85},{"x":"2016-10-19","y":16.85},{"x":"2016-10-20","y":16.85},{"x":"2016-10-21","y":16.86},{"x":"2016-10-22","y":16.87},{"x":"2016-10-23","y":16.87},{"x":"2016-10-24","y":16.87},{"x":"2016-10-25","y":16.89},{"x":"2016-10-26","y":16.9},{"x":"2016-10-27","y":16.91},{"x":"2016-10-28","y":16.92},{"x":"2016-10-29","y":16.93},{"x":"2016-10-30","y":16.93},{"x":"2016-10-31","y":16.93},{"x":"2016-11-01","y":16.95},{"x":"2016-11-02","y":16.96},{"x":"2016-11-03","y":16.97},{"x":"2016-11-04","y":16.97},{"x":"2016-11-05","y":16.98},{"x":"2016-11-06","y":16.98},{"x":"2016-11-07","y":16.98},{"x":"2016-11-08","y":17.01},{"x":"2016-11-09","y":17.01},{"x":"2016-11-10","y":17.02},{"x":"2016-11-11","y":17.03},{"x":"2016-11-12","y":17.04},{"x":"2016-11-13","y":17.04},{"x":"2016-11-14","y":17.04},{"x":"2016-11-15","y":17.06},{"x":"2016-11-16","y":17.07},{"x":"2016-11-17","y":17.08},{"x":"2016-11-18","y":17.09},{"x":"2016-11-19","y":17.09},{"x":"2016-11-20","y":17.09},{"x":"2016-11-21","y":17.09},{"x":"2016-11-22","y":17.16},{"x":"2016-11-23","y":17.19},{"x":"2016-11-24","y":17.22},{"x":"2016-11-25","y":17.25},{"x":"2016-11-26","y":17.29},{"x":"2016-11-27","y":17.29},{"x":"2016-11-28","y":17.29},{"x":"2016-11-29","y":17.29},{"x":"2016-11-30","y":17.41},{"x":"2016-12-01","y":17.44},{"x":"2016-12-02","y":17.47},{"x":"2016-12-03","y":17.5},{"x":"2016-12-04","y":17.5},{"x":"2016-12-05","y":17.5},{"x":"2016-12-06","y":17.6},{"x":"2016-12-07","y":17.63},{"x":"2016-12-08","y":17.66},{"x":"2016-12-09","y":17.66},{"x":"2016-12-10","y":17.66},{"x":"2016-12-11","y":17.66},{"x":"2016-12-12","y":17.66},{"x":"2016-12-13","y":17.82},{"x":"2016-12-14","y":17.85},{"x":"2016-12-15","y":17.88},{"x":"2016-12-16","y":17.91},{"x":"2016-12-17","y":17.95},{"x":"2016-12-18","y":17.95},{"x":"2016-12-19","y":17.95},{"x":"2016-12-20","y":18.04},{"x":"2016-12-21","y":18.05},{"x":"2016-12-22","y":18.06},{"x":"2016-12-23","y":18.06},{"x":"2016-12-24","y":18.07},{"x":"2016-12-25","y":18.07},{"x":"2016-12-26","y":18.07},{"x":"2016-12-27","y":18.09},{"x":"2016-12-28","y":18.1},{"x":"2016-12-29","y":18.11},{"x":"2016-12-30","y":18.12},{"x":"2016-12-31","y":18.12},{"x":"2017-01-01","y":18.12},{"x":"2017-01-02","y":18.12},{"x":"2017-01-03","y":18.15},{"x":"2017-01-04","y":18.15},{"x":"2017-01-05","y":18.16},{"x":"2017-01-06","y":18.17},{"x":"2017-01-07","y":18.18},{"x":"2017-01-08","y":18.18},{"x":"2017-01-09","y":18.18},{"x":"2017-01-10","y":18.2},{"x":"2017-01-11","y":18.21},{"x":"2017-01-12","y":18.22},{"x":"2017-01-13","y":18.22},{"x":"2017-01-14","y":18.23},{"x":"2017-01-15","y":18.23},{"x":"2017-01-16","y":18.23},{"x":"2017-01-17","y":18.25},{"x":"2017-01-18","y":18.26},{"x":"2017-01-19","y":18.27},{"x":"2017-01-20","y":18.28},{"x":"2017-01-21","y":18.28},{"x":"2017-01-22","y":18.28},{"x":"2017-01-23","y":18.28},{"x":"2017-01-24","y":18.29},{"x":"2017-01-25","y":18.3},{"x":"2017-01-26","y":18.3},{"x":"2017-01-27","y":18.31},{"x":"2017-01-28","y":18.31},{"x":"2017-01-29","y":18.31},{"x":"2017-01-30","y":18.31},{"x":"2017-01-31","y":18.32},{"x":"2017-02-01","y":18.33},{"x":"2017-02-02","y":18.33},{"x":"2017-02-03","y":18.34},{"x":"2017-02-04","y":18.34},{"x":"2017-02-05","y":18.34},{"x":"2017-02-06","y":18.34},{"x":"2017-02-07","y":18.35},{"x":"2017-02-08","y":18.36},{"x":"2017-02-09","y":18.36},{"x":"2017-02-10","y":18.36},{"x":"2017-02-11","y":18.37},{"x":"2017-02-12","y":18.37},{"x":"2017-02-13","y":18.37},{"x":"2017-02-14","y":18.38},{"x":"2017-02-15","y":18.39},{"x":"2017-02-16","y":18.39},{"x":"2017-02-17","y":18.39},{"x":"2017-02-18","y":18.4},{"x":"2017-02-19","y":18.4},{"x":"2017-02-20","y":18.4},{"x":"2017-02-21","y":18.42},{"x":"2017-02-22","y":18.44},{"x":"2017-02-23","y":18.45},{"x":"2017-02-24","y":18.46},{"x":"2017-02-25","y":18.48},{"x":"2017-02-26","y":18.48},{"x":"2017-02-27","y":18.48},{"x":"2017-02-28","y":18.48},{"x":"2017-03-01","y":18.48},{"x":"2017-03-02","y":18.55},{"x":"2017-03-03","y":18.57},{"x":"2017-03-04","y":18.58},{"x":"2017-03-05","y":18.58},{"x":"2017-03-06","y":18.58},{"x":"2017-03-07","y":18.62},{"x":"2017-03-08","y":18.64},{"x":"2017-03-09","y":18.65},{"x":"2017-03-10","y":18.67},{"x":"2017-03-11","y":18.68},{"x":"2017-03-12","y":18.68},{"x":"2017-03-13","y":18.68},{"x":"2017-03-14","y":18.72},{"x":"2017-03-15","y":18.74},{"x":"2017-03-16","y":18.75},{"x":"2017-03-17","y":18.77},{"x":"2017-03-18","y":18.78},{"x":"2017-03-19","y":18.78},{"x":"2017-03-20","y":18.78},{"x":"2017-03-21","y":18.82},{"x":"2017-03-22","y":18.83},{"x":"2017-03-23","y":18.83},{"x":"2017-03-24","y":18.84},{"x":"2017-03-25","y":18.84},{"x":"2017-03-26","y":18.84},{"x":"2017-03-27","y":18.84},{"x":"2017-03-28","y":18.87},{"x":"2017-03-29","y":18.88},{"x":"2017-03-30","y":18.88},{"x":"2017-03-31","y":18.89},{"x":"2017-04-01","y":18.9},{"x":"2017-04-02","y":18.9},{"x":"2017-04-03","y":18.9},{"x":"2017-04-04","y":18.92},{"x":"2017-04-05","y":18.93},{"x":"2017-04-06","y":18.93},{"x":"2017-04-07","y":18.94},{"x":"2017-04-08","y":18.95},{"x":"2017-04-09","y":18.95},{"x":"2017-04-10","y":18.95},{"x":"2017-04-11","y":18.97},{"x":"2017-04-12","y":18.98},{"x":"2017-04-13","y":18.98},{"x":"2017-04-14","y":18.98},{"x":"2017-04-15","y":18.98},{"x":"2017-04-16","y":18.98},{"x":"2017-04-17","y":18.98},{"x":"2017-04-18","y":19.02},{"x":"2017-04-19","y":19.03},{"x":"2017-04-20","y":19.03},{"x":"2017-04-21","y":19.04},{"x":"2017-04-22","y":19.05},{"x":"2017-04-23","y":19.05},{"x":"2017-04-24","y":19.05},{"x":"2017-04-25","y":19.07},{"x":"2017-04-26","y":19.07},{"x":"2017-04-27","y":19.08},{"x":"2017-04-28","y":19.09},{"x":"2017-04-29","y":19.09},{"x":"2017-04-30","y":19.09},{"x":"2017-05-01","y":19.09},{"x":"2017-05-02","y":19.09},{"x":"2017-05-03","y":19.12},{"x":"2017-05-04","y":19.12},{"x":"2017-05-05","y":19.13},{"x":"2017-05-06","y":19.14},{"x":"2017-05-07","y":19.14},{"x":"2017-05-08","y":19.14},{"x":"2017-05-09","y":19.16},{"x":"2017-05-10","y":19.16},{"x":"2017-05-11","y":19.17},{"x":"2017-05-12","y":19.18},{"x":"2017-05-13","y":19.18},{"x":"2017-05-14","y":19.18},{"x":"2017-05-15","y":19.18},{"x":"2017-05-16","y":19.2},{"x":"2017-05-17","y":19.21},{"x":"2017-05-18","y":19.22},{"x":"2017-05-19","y":19.22},{"x":"2017-05-20","y":19.23},{"x":"2017-05-21","y":19.23},{"x":"2017-05-22","y":19.23},{"x":"2017-05-23","y":19.32},{"x":"2017-05-24","y":19.36},{"x":"2017-05-25","y":19.39},{"x":"2017-05-26","y":19.39},{"x":"2017-05-27","y":19.45},{"x":"2017-05-28","y":19.45},{"x":"2017-05-29","y":19.45},{"x":"2017-05-30","y":19.55},{"x":"2017-05-31","y":19.58},{"x":"2017-06-01","y":19.61},{"x":"2017-06-02","y":19.64},{"x":"2017-06-03","y":19.68},{"x":"2017-06-04","y":19.68},{"x":"2017-06-05","y":19.68},{"x":"2017-06-06","y":19.77},{"x":"2017-06-07","y":19.81},{"x":"2017-06-08","y":19.84},{"x":"2017-06-09","y":19.87},{"x":"2017-06-10","y":19.9},{"x":"2017-06-11","y":19.9},{"x":"2017-06-12","y":19.9},{"x":"2017-06-13","y":20},{"x":"2017-06-14","y":20.04},{"x":"2017-06-15","y":20.07},{"x":"2017-06-16","y":20.1},{"x":"2017-06-17","y":20.14},{"x":"2017-06-18","y":20.14},{"x":"2017-06-19","y":20.14},{"x":"2017-06-20","y":20.23},{"x":"2017-06-21","y":20.23},{"x":"2017-06-22","y":20.25},{"x":"2017-06-23","y":20.26},{"x":"2017-06-24","y":20.26},{"x":"2017-06-25","y":20.26},{"x":"2017-06-26","y":20.26},{"x":"2017-06-27","y":20.28},{"x":"2017-06-28","y":20.29},{"x":"2017-06-29","y":20.3},{"x":"2017-06-30","y":20.3},{"x":"2017-07-01","y":20.31},{"x":"2017-07-02","y":20.31},{"x":"2017-07-03","y":20.31},{"x":"2017-07-04","y":20.33},{"x":"2017-07-05","y":20.34},{"x":"2017-07-06","y":20.35},{"x":"2017-07-07","y":20.35},{"x":"2017-07-08","y":20.36},{"x":"2017-07-09","y":20.36},{"x":"2017-07-10","y":20.36},{"x":"2017-07-11","y":20.38},{"x":"2017-07-12","y":20.39},{"x":"2017-07-13","y":20.39},{"x":"2017-07-14","y":20.4},{"x":"2017-07-15","y":20.41},{"x":"2017-07-16","y":20.41},{"x":"2017-07-17","y":20.41},{"x":"2017-07-18","y":20.43},{"x":"2017-07-19","y":20.44},{"x":"2017-07-20","y":20.44},{"x":"2017-07-21","y":20.45},{"x":"2017-07-22","y":20.45},{"x":"2017-07-23","y":20.45},{"x":"2017-07-24","y":20.45},{"x":"2017-07-25","y":20.46},{"x":"2017-07-26","y":20.47},{"x":"2017-07-27","y":20.47},{"x":"2017-07-28","y":20.47},{"x":"2017-07-29","y":20.48},{"x":"2017-07-30","y":20.48},{"x":"2017-07-31","y":20.48},{"x":"2017-08-01","y":20.49},{"x":"2017-08-02","y":20.49},{"x":"2017-08-03","y":20.5},{"x":"2017-08-04","y":20.5},{"x":"2017-08-05","y":20.5},{"x":"2017-08-06","y":20.5},{"x":"2017-08-07","y":20.5},{"x":"2017-08-08","y":20.52},{"x":"2017-08-09","y":20.52},{"x":"2017-08-10","y":20.52},{"x":"2017-08-11","y":20.53},{"x":"2017-08-12","y":20.53},{"x":"2017-08-13","y":20.53},{"x":"2017-08-14","y":20.53},{"x":"2017-08-15","y":20.54},{"x":"2017-08-16","y":20.55},{"x":"2017-08-17","y":20.55},{"x":"2017-08-18","y":20.55},{"x":"2017-08-19","y":20.56},{"x":"2017-08-20","y":20.56},{"x":"2017-08-21","y":20.56},{"x":"2017-08-22","y":20.56},{"x":"2017-08-23","y":20.66},{"x":"2017-08-24","y":20.69},{"x":"2017-08-25","y":20.72},{"x":"2017-08-26","y":20.75},{"x":"2017-08-27","y":20.75},{"x":"2017-08-28","y":20.75},{"x":"2017-08-29","y":20.85},{"x":"2017-08-30","y":20.88},{"x":"2017-08-31","y":20.91},{"x":"2017-09-01","y":20.94},{"x":"2017-09-02","y":20.98},{"x":"2017-09-03","y":20.98},{"x":"2017-09-04","y":20.98},{"x":"2017-09-05","y":21.07},{"x":"2017-09-06","y":21.11},{"x":"2017-09-07","y":21.14},{"x":"2017-09-08","y":21.17},{"x":"2017-09-09","y":21.2},{"x":"2017-09-10","y":21.2},{"x":"2017-09-11","y":21.2},{"x":"2017-09-12","y":21.3},{"x":"2017-09-13","y":21.34},{"x":"2017-09-14","y":21.37},{"x":"2017-09-15","y":21.4},{"x":"2017-09-16","y":21.43},{"x":"2017-09-17","y":21.43},{"x":"2017-09-18","y":21.43},{"x":"2017-09-19","y":21.53},{"x":"2017-09-20","y":21.57},{"x":"2017-09-21","y":21.57},{"x":"2017-09-22","y":21.57},{"x":"2017-09-23","y":21.57},{"x":"2017-09-24","y":21.57},{"x":"2017-09-25","y":21.57},{"x":"2017-09-26","y":21.57},{"x":"2017-09-27","y":21.57},{"x":"2017-09-28","y":21.57},{"x":"2017-09-29","y":21.57},{"x":"2017-09-30","y":21.58},{"x":"2017-10-01","y":21.58},{"x":"2017-10-02","y":21.58},{"x":"2017-10-03","y":21.58},{"x":"2017-10-04","y":21.58},{"x":"2017-10-05","y":21.58},{"x":"2017-10-06","y":21.58},{"x":"2017-10-07","y":21.58},{"x":"2017-10-08","y":21.58},{"x":"2017-10-09","y":21.58},{"x":"2017-10-10","y":21.58},{"x":"2017-10-11","y":21.58},{"x":"2017-10-12","y":21.59},{"x":"2017-10-13","y":21.59},{"x":"2017-10-14","y":21.59},{"x":"2017-10-15","y":21.59},{"x":"2017-10-16","y":21.59},{"x":"2017-10-17","y":21.59},{"x":"2017-10-18","y":21.59},{"x":"2017-10-19","y":21.59},{"x":"2017-10-20","y":21.59},{"x":"2017-10-21","y":21.6},{"x":"2017-10-22","y":21.6},{"x":"2017-10-23","y":21.6},{"x":"2017-10-24","y":21.62},{"x":"2017-10-25","y":21.63},{"x":"2017-10-26","y":21.64},{"x":"2017-10-27","y":21.65},{"x":"2017-10-28","y":21.65},{"x":"2017-10-29","y":21.65},{"x":"2017-10-30","y":21.65},{"x":"2017-10-31","y":21.68},{"x":"2017-11-01","y":21.68},{"x":"2017-11-02","y":21.69},{"x":"2017-11-03","y":21.7},{"x":"2017-11-04","y":21.71},{"x":"2017-11-05","y":21.71},{"x":"2017-11-06","y":21.71},{"x":"2017-11-07","y":21.71},{"x":"2017-11-08","y":21.74},{"x":"2017-11-09","y":21.74},{"x":"2017-11-10","y":21.75},{"x":"2017-11-11","y":21.76},{"x":"2017-11-12","y":21.76},{"x":"2017-11-13","y":21.76},{"x":"2017-11-14","y":21.78},{"x":"2017-11-15","y":21.79},{"x":"2017-11-16","y":21.8},{"x":"2017-11-17","y":21.8},{"x":"2017-11-18","y":21.81},{"x":"2017-11-19","y":21.81},{"x":"2017-11-20","y":21.81},{"x":"2017-11-21","y":21.81},{"x":"2017-11-22","y":21.84},{"x":"2017-11-23","y":21.85},{"x":"2017-11-24","y":21.85},{"x":"2017-11-25","y":21.86},{"x":"2017-11-26","y":21.86},{"x":"2017-11-27","y":21.86},{"x":"2017-11-28","y":21.88},{"x":"2017-11-29","y":21.89},{"x":"2017-11-30","y":21.89},{"x":"2017-12-01","y":21.9},{"x":"2017-12-02","y":21.91},{"x":"2017-12-03","y":21.91},{"x":"2017-12-04","y":21.91},{"x":"2017-12-05","y":21.93},{"x":"2017-12-06","y":21.93},{"x":"2017-12-07","y":21.94},{"x":"2017-12-08","y":21.94},{"x":"2017-12-09","y":21.94},{"x":"2017-12-10","y":21.94},{"x":"2017-12-11","y":21.94},{"x":"2017-12-12","y":21.97},{"x":"2017-12-13","y":21.98},{"x":"2017-12-14","y":21.98},{"x":"2017-12-15","y":21.99},{"x":"2017-12-16","y":22},{"x":"2017-12-17","y":22},{"x":"2017-12-18","y":22},{"x":"2017-12-19","y":22.02},{"x":"2017-12-20","y":22.02},{"x":"2017-12-21","y":22.03},{"x":"2017-12-22","y":22.03},{"x":"2017-12-23","y":22.04},{"x":"2017-12-24","y":22.04},{"x":"2017-12-25","y":22.04},{"x":"2017-12-26","y":22.04},{"x":"2017-12-27","y":22.06},{"x":"2017-12-28","y":22.07},{"x":"2017-12-29","y":22.07},{"x":"2017-12-30","y":22.08},{"x":"2017-12-31","y":22.08},{"x":"2018-01-01","y":22.08},{"x":"2018-01-02","y":22.08},{"x":"2018-01-03","y":22.1},{"x":"2018-01-04","y":22.11},{"x":"2018-01-05","y":22.11},{"x":"2018-01-06","y":22.12},{"x":"2018-01-07","y":22.12},{"x":"2018-01-08","y":22.12},{"x":"2018-01-09","y":22.13},{"x":"2018-01-10","y":22.14},{"x":"2018-01-11","y":22.14},{"x":"2018-01-12","y":22.15},{"x":"2018-01-13","y":22.15},{"x":"2018-01-14","y":22.15},{"x":"2018-01-15","y":22.15},{"x":"2018-01-16","y":22.17},{"x":"2018-01-17","y":22.18},{"x":"2018-01-18","y":22.18},{"x":"2018-01-19","y":22.19},{"x":"2018-01-20","y":22.19},{"x":"2018-01-21","y":22.19},{"x":"2018-01-22","y":22.19},{"x":"2018-01-23","y":22.21},{"x":"2018-01-24","y":22.22},{"x":"2018-01-25","y":22.23},{"x":"2018-01-26","y":22.23},{"x":"2018-01-27","y":22.24},{"x":"2018-01-28","y":22.24},{"x":"2018-01-29","y":22.24},{"x":"2018-01-30","y":22.26},{"x":"2018-01-31","y":22.26},{"x":"2018-02-01","y":22.27},{"x":"2018-02-02","y":22.28},{"x":"2018-02-03","y":22.28},{"x":"2018-02-04","y":22.28},{"x":"2018-02-05","y":22.28},{"x":"2018-02-06","y":22.3},{"x":"2018-02-07","y":22.31},{"x":"2018-02-08","y":22.32},{"x":"2018-02-09","y":22.32},{"x":"2018-02-10","y":22.33},{"x":"2018-02-11","y":22.33},{"x":"2018-02-12","y":22.33},{"x":"2018-02-13","y":22.33},{"x":"2018-02-14","y":22.33},{"x":"2018-02-15","y":22.36},{"x":"2018-02-16","y":22.37},{"x":"2018-02-17","y":22.37},{"x":"2018-02-18","y":22.37},{"x":"2018-02-19","y":22.37},{"x":"2018-02-20","y":22.39},{"x":"2018-02-21","y":22.4},{"x":"2018-02-22","y":22.41},{"x":"2018-02-23","y":22.42},{"x":"2018-02-24","y":22.43},{"x":"2018-02-25","y":22.43},{"x":"2018-02-26","y":22.43},{"x":"2018-02-27","y":22.45},{"x":"2018-02-28","y":22.46},{"x":"2018-03-01","y":22.47},{"x":"2018-03-02","y":22.48},{"x":"2018-03-03","y":22.49},{"x":"2018-03-04","y":22.49},{"x":"2018-03-05","y":22.49},{"x":"2018-03-06","y":22.51},{"x":"2018-03-07","y":22.52},{"x":"2018-03-08","y":22.53},{"x":"2018-03-09","y":22.54},{"x":"2018-03-10","y":22.55},{"x":"2018-03-11","y":22.55},{"x":"2018-03-12","y":22.55},{"x":"2018-03-13","y":22.58},{"x":"2018-03-14","y":22.58},{"x":"2018-03-15","y":22.59},{"x":"2018-03-16","y":22.6},{"x":"2018-03-17","y":22.61},{"x":"2018-03-18","y":22.61},{"x":"2018-03-19","y":22.61},{"x":"2018-03-20","y":22.64},{"x":"2018-03-21","y":22.65},{"x":"2018-03-22","y":22.67},{"x":"2018-03-23","y":22.69},{"x":"2018-03-24","y":22.71},{"x":"2018-03-25","y":22.71},{"x":"2018-03-26","y":22.71},{"x":"2018-03-27","y":22.76},{"x":"2018-03-28","y":22.78},{"x":"2018-03-29","y":22.79},{"x":"2018-03-30","y":22.79},{"x":"2018-03-31","y":22.79},{"x":"2018-04-01","y":22.79},{"x":"2018-04-02","y":22.79},{"x":"2018-04-03","y":22.79},{"x":"2018-04-04","y":22.9},{"x":"2018-04-05","y":22.92},{"x":"2018-04-06","y":22.93},{"x":"2018-04-07","y":22.95},{"x":"2018-04-08","y":22.95},{"x":"2018-04-09","y":22.95},{"x":"2018-04-10","y":23},{"x":"2018-04-11","y":23.02},{"x":"2018-04-12","y":23.04},{"x":"2018-04-13","y":23.06},{"x":"2018-04-14","y":23.07},{"x":"2018-04-15","y":23.07},{"x":"2018-04-16","y":23.07},{"x":"2018-04-17","y":23.13},{"x":"2018-04-18","y":23.14},{"x":"2018-04-19","y":23.16},{"x":"2018-04-20","y":23.18},{"x":"2018-04-21","y":23.19},{"x":"2018-04-22","y":23.19},{"x":"2018-04-23","y":23.19},{"x":"2018-04-24","y":23.23},{"x":"2018-04-25","y":23.25},{"x":"2018-04-26","y":23.26},{"x":"2018-04-27","y":23.27},{"x":"2018-04-28","y":23.28},{"x":"2018-04-29","y":23.28},{"x":"2018-04-30","y":23.28},{"x":"2018-05-01","y":23.28},{"x":"2018-05-02","y":23.28},{"x":"2018-05-03","y":23.35},{"x":"2018-05-04","y":23.36},{"x":"2018-05-05","y":23.38},{"x":"2018-05-06","y":23.38},{"x":"2018-05-07","y":23.38},{"x":"2018-05-08","y":23.42},{"x":"2018-05-09","y":23.43},{"x":"2018-05-10","y":23.44},{"x":"2018-05-11","y":23.46},{"x":"2018-05-12","y":23.47},{"x":"2018-05-13","y":23.47},{"x":"2018-05-14","y":23.47},{"x":"2018-05-15","y":23.51},{"x":"2018-05-16","y":23.52},{"x":"2018-05-17","y":23.53},{"x":"2018-05-18","y":23.55},{"x":"2018-05-19","y":23.56},{"x":"2018-05-20","y":23.56},{"x":"2018-05-21","y":23.56},{"x":"2018-05-22","y":23.65},{"x":"2018-05-23","y":23.69},{"x":"2018-05-24","y":23.73},{"x":"2018-05-25","y":23.76},{"x":"2018-05-26","y":23.76},{"x":"2018-05-27","y":23.76},{"x":"2018-05-28","y":23.76},{"x":"2018-05-29","y":23.92},{"x":"2018-05-30","y":23.96},{"x":"2018-05-31","y":23.99},{"x":"2018-06-01","y":24.03},{"x":"2018-06-02","y":24.07},{"x":"2018-06-03","y":24.07},{"x":"2018-06-04","y":24.07},{"x":"2018-06-05","y":24.19},{"x":"2018-06-06","y":24.23},{"x":"2018-06-07","y":24.27},{"x":"2018-06-08","y":24.3},{"x":"2018-06-09","y":24.34},{"x":"2018-06-10","y":24.34},{"x":"2018-06-11","y":24.34},{"x":"2018-06-12","y":24.46},{"x":"2018-06-13","y":24.5},{"x":"2018-06-14","y":24.54},{"x":"2018-06-15","y":24.58},{"x":"2018-06-16","y":24.62},{"x":"2018-06-17","y":24.62},{"x":"2018-06-18","y":24.62},{"x":"2018-06-19","y":24.74},{"x":"2018-06-20","y":24.78},{"x":"2018-06-21","y":24.78},{"x":"2018-06-22","y":24.82},{"x":"2018-06-23","y":24.84},{"x":"2018-06-24","y":24.84},{"x":"2018-06-25","y":24.84},{"x":"2018-06-26","y":24.9},{"x":"2018-06-27","y":24.93},{"x":"2018-06-28","y":24.95},{"x":"2018-06-29","y":24.97},{"x":"2018-06-30","y":24.99},{"x":"2018-07-01","y":24.99},{"x":"2018-07-02","y":24.99},{"x":"2018-07-03","y":25.05},{"x":"2018-07-04","y":25.08},{"x":"2018-07-05","y":25.1},{"x":"2018-07-06","y":25.12},{"x":"2018-07-07","y":25.14},{"x":"2018-07-08","y":25.14},{"x":"2018-07-09","y":25.14},{"x":"2018-07-10","y":25.14},{"x":"2018-07-11","y":25.23},{"x":"2018-07-12","y":25.25},{"x":"2018-07-13","y":25.27},{"x":"2018-07-14","y":25.29},{"x":"2018-07-15","y":25.29},{"x":"2018-07-16","y":25.29},{"x":"2018-07-17","y":25.36},{"x":"2018-07-18","y":25.38},{"x":"2018-07-19","y":25.4},{"x":"2018-07-20","y":25.42},{"x":"2018-07-21","y":25.44},{"x":"2018-07-22","y":25.44},{"x":"2018-07-23","y":25.44},{"x":"2018-07-24","y":25.5},{"x":"2018-07-25","y":25.52},{"x":"2018-07-26","y":25.54},{"x":"2018-07-27","y":25.56},{"x":"2018-07-28","y":25.58},{"x":"2018-07-29","y":25.58},{"x":"2018-07-30","y":25.58},{"x":"2018-07-31","y":25.64},{"x":"2018-08-01","y":25.66},{"x":"2018-08-02","y":25.69},{"x":"2018-08-03","y":25.71},{"x":"2018-08-04","y":25.73},{"x":"2018-08-05","y":25.73},{"x":"2018-08-06","y":25.73},{"x":"2018-08-07","y":25.79},{"x":"2018-08-08","y":25.81},{"x":"2018-08-09","y":25.83},{"x":"2018-08-10","y":25.85},{"x":"2018-08-11","y":25.87},{"x":"2018-08-12","y":25.87},{"x":"2018-08-13","y":25.87},{"x":"2018-08-14","y":25.93},{"x":"2018-08-15","y":25.95},{"x":"2018-08-16","y":25.97},{"x":"2018-08-17","y":25.99},{"x":"2018-08-18","y":26.01},{"x":"2018-08-19","y":26.01},{"x":"2018-08-20","y":26.01},{"x":"2018-08-21","y":26.01},{"x":"2018-08-22","y":26.09},{"x":"2018-08-23","y":26.11},{"x":"2018-08-24","y":26.12},{"x":"2018-08-25","y":26.14},{"x":"2018-08-26","y":26.14},{"x":"2018-08-27","y":26.14},{"x":"2018-08-28","y":26.19},{"x":"2018-08-29","y":26.21},{"x":"2018-08-30","y":26.22},{"x":"2018-08-31","y":26.24},{"x":"2018-09-01","y":26.26},{"x":"2018-09-02","y":26.26},{"x":"2018-09-03","y":26.26},{"x":"2018-09-04","y":26.31},{"x":"2018-09-05","y":26.32},{"x":"2018-09-06","y":26.34},{"x":"2018-09-07","y":26.36},{"x":"2018-09-08","y":26.37},{"x":"2018-09-09","y":26.37},{"x":"2018-09-10","y":26.37},{"x":"2018-09-11","y":26.43},{"x":"2018-09-12","y":26.44},{"x":"2018-09-13","y":26.46},{"x":"2018-09-14","y":26.48},{"x":"2018-09-15","y":26.49},{"x":"2018-09-16","y":26.49},{"x":"2018-09-17","y":26.49},{"x":"2018-09-18","y":26.54},{"x":"2018-09-19","y":26.56},{"x":"2018-09-20","y":26.58},{"x":"2018-09-21","y":26.61},{"x":"2018-09-22","y":26.64},{"x":"2018-09-23","y":26.64},{"x":"2018-09-24","y":26.64},{"x":"2018-09-25","y":26.73},{"x":"2018-09-26","y":26.77},{"x":"2018-09-27","y":26.8},{"x":"2018-09-28","y":26.83},{"x":"2018-09-29","y":26.86},{"x":"2018-09-30","y":26.86},{"x":"2018-10-01","y":26.86},{"x":"2018-10-02","y":26.96},{"x":"2018-10-03","y":26.99},{"x":"2018-10-04","y":27.02},{"x":"2018-10-05","y":27.05},{"x":"2018-10-06","y":27.08},{"x":"2018-10-07","y":27.08},{"x":"2018-10-08","y":27.08},{"x":"2018-10-09","y":27.18},{"x":"2018-10-10","y":27.21},{"x":"2018-10-11","y":27.24},{"x":"2018-10-12","y":27.28},{"x":"2018-10-13","y":27.31},{"x":"2018-10-14","y":27.31},{"x":"2018-10-15","y":27.31},{"x":"2018-10-16","y":27.31},{"x":"2018-10-17","y":27.44},{"x":"2018-10-18","y":27.47},{"x":"2018-10-19","y":27.5},{"x":"2018-10-20","y":27.53},{"x":"2018-10-21","y":27.53},{"x":"2018-10-22","y":27.53},{"x":"2018-10-23","y":27.73},{"x":"2018-10-24","y":27.8},{"x":"2018-10-25","y":27.87},{"x":"2018-10-26","y":27.93},{"x":"2018-10-27","y":28},{"x":"2018-10-28","y":28},{"x":"2018-10-29","y":28},{"x":"2018-10-30","y":28.2},{"x":"2018-10-31","y":28.27},{"x":"2018-11-01","y":28.34},{"x":"2018-11-02","y":28.4},{"x":"2018-11-03","y":28.47},{"x":"2018-11-04","y":28.47},{"x":"2018-11-05","y":28.47},{"x":"2018-11-06","y":28.68},{"x":"2018-11-07","y":28.68},{"x":"2018-11-08","y":28.81},{"x":"2018-11-09","y":28.88},{"x":"2018-11-10","y":28.95},{"x":"2018-11-11","y":28.95},{"x":"2018-11-12","y":28.95},{"x":"2018-11-13","y":29.16},{"x":"2018-11-14","y":29.23},{"x":"2018-11-15","y":29.3},{"x":"2018-11-16","y":29.37},{"x":"2018-11-17","y":29.44},{"x":"2018-11-18","y":29.44},{"x":"2018-11-19","y":29.44},{"x":"2018-11-20","y":29.44},{"x":"2018-11-21","y":29.68},{"x":"2018-11-22","y":29.71},{"x":"2018-11-23","y":29.74},{"x":"2018-11-24","y":29.77},{"x":"2018-11-25","y":29.77},{"x":"2018-11-26","y":29.77},{"x":"2018-11-27","y":29.85},{"x":"2018-11-28","y":29.88},{"x":"2018-11-29","y":29.91},{"x":"2018-11-30","y":29.94},{"x":"2018-12-01","y":29.94},{"x":"2018-12-02","y":29.94},{"x":"2018-12-03","y":29.94},{"x":"2018-12-04","y":30.05},{"x":"2018-12-05","y":30.08},{"x":"2018-12-06","y":30.11},{"x":"2018-12-07","y":30.14},{"x":"2018-12-08","y":30.17},{"x":"2018-12-09","y":30.17},{"x":"2018-12-10","y":30.17},{"x":"2018-12-11","y":30.25},{"x":"2018-12-12","y":30.28},{"x":"2018-12-13","y":30.31},{"x":"2018-12-14","y":30.34},{"x":"2018-12-15","y":30.37},{"x":"2018-12-16","y":30.37},{"x":"2018-12-17","y":30.37},{"x":"2018-12-18","y":30.46},{"x":"2018-12-19","y":30.49},{"x":"2018-12-20","y":30.51},{"x":"2018-12-21","y":30.54},{"x":"2018-12-22","y":30.56},{"x":"2018-12-23","y":30.56},{"x":"2018-12-24","y":30.56},{"x":"2018-12-25","y":30.56},{"x":"2018-12-26","y":30.56},{"x":"2018-12-27","y":30.66},{"x":"2018-12-28","y":30.69},{"x":"2018-12-29","y":30.71},{"x":"2018-12-30","y":30.71},{"x":"2018-12-31","y":30.71},{"x":"2019-01-01","y":30.71},{"x":"2019-01-02","y":30.71},{"x":"2019-01-03","y":30.82},{"x":"2019-01-04","y":30.84},{"x":"2019-01-05","y":30.86},{"x":"2019-01-06","y":30.86},{"x":"2019-01-07","y":30.86},{"x":"2019-01-08","y":30.92},{"x":"2019-01-09","y":30.95},{"x":"2019-01-10","y":30.97},{"x":"2019-01-11","y":30.99},{"x":"2019-01-12","y":31.01},{"x":"2019-01-13","y":31.01},{"x":"2019-01-14","y":31.01},{"x":"2019-01-15","y":31.08},{"x":"2019-01-16","y":31.1},{"x":"2019-01-17","y":31.12},{"x":"2019-01-18","y":31.14},{"x":"2019-01-19","y":31.16},{"x":"2019-01-20","y":31.16},{"x":"2019-01-21","y":31.16},{"x":"2019-01-22","y":31.24},{"x":"2019-01-23","y":31.27},{"x":"2019-01-24","y":31.3},{"x":"2019-01-25","y":31.33},{"x":"2019-01-26","y":31.36},{"x":"2019-01-27","y":31.36},{"x":"2019-01-28","y":31.36},{"x":"2019-01-29","y":31.45},{"x":"2019-01-30","y":31.47},{"x":"2019-01-31","y":31.5},{"x":"2019-02-01","y":31.53},{"x":"2019-02-02","y":31.56},{"x":"2019-02-03","y":31.56},{"x":"2019-02-04","y":31.56},{"x":"2019-02-05","y":31.65},{"x":"2019-02-06","y":31.68},{"x":"2019-02-07","y":31.71},{"x":"2019-02-08","y":31.74},{"x":"2019-02-09","y":31.77},{"x":"2019-02-10","y":31.77},{"x":"2019-02-11","y":31.77},{"x":"2019-02-12","y":31.85},{"x":"2019-02-13","y":31.88},{"x":"2019-02-14","y":31.91},{"x":"2019-02-15","y":31.94},{"x":"2019-02-16","y":31.97},{"x":"2019-02-17","y":31.97},{"x":"2019-02-18","y":31.97},{"x":"2019-02-19","y":32.06},{"x":"2019-02-20","y":32.09},{"x":"2019-02-21","y":32.1},{"x":"2019-02-22","y":32.12},{"x":"2019-02-23","y":32.13},{"x":"2019-02-24","y":32.13},{"x":"2019-02-25","y":32.13},{"x":"2019-02-26","y":32.18},{"x":"2019-02-27","y":32.19},{"x":"2019-02-28","y":32.21},{"x":"2019-03-01","y":32.22},{"x":"2019-03-02","y":32.24},{"x":"2019-03-03","y":32.24},{"x":"2019-03-04","y":32.24},{"x":"2019-03-05","y":32.24},{"x":"2019-03-06","y":32.24},{"x":"2019-03-07","y":32.31},{"x":"2019-03-08","y":32.33},{"x":"2019-03-09","y":32.34},{"x":"2019-03-10","y":32.34},{"x":"2019-03-11","y":32.34},{"x":"2019-03-12","y":32.39},{"x":"2019-03-13","y":32.4},{"x":"2019-03-14","y":32.42},{"x":"2019-03-15","y":32.43},{"x":"2019-03-16","y":32.45},{"x":"2019-03-17","y":32.45},{"x":"2019-03-18","y":32.45},{"x":"2019-03-19","y":32.49},{"x":"2019-03-20","y":32.51},{"x":"2019-03-21","y":32.52},{"x":"2019-03-22","y":32.53},{"x":"2019-03-23","y":32.55},{"x":"2019-03-24","y":32.55},{"x":"2019-03-25","y":32.55},{"x":"2019-03-26","y":32.59},{"x":"2019-03-27","y":32.6},{"x":"2019-03-28","y":32.62},{"x":"2019-03-29","y":32.63},{"x":"2019-03-30","y":32.64},{"x":"2019-03-31","y":32.64},{"x":"2019-04-01","y":32.64},{"x":"2019-04-02","y":32.68},{"x":"2019-04-03","y":32.68},{"x":"2019-04-04","y":32.71},{"x":"2019-04-05","y":32.72},{"x":"2019-04-06","y":32.74},{"x":"2019-04-07","y":32.74},{"x":"2019-04-08","y":32.74},{"x":"2019-04-09","y":32.78},{"x":"2019-04-10","y":32.79},{"x":"2019-04-11","y":32.81},{"x":"2019-04-12","y":32.82},{"x":"2019-04-13","y":32.83},{"x":"2019-04-14","y":32.83},{"x":"2019-04-15","y":32.83},{"x":"2019-04-16","y":32.87},{"x":"2019-04-17","y":32.89},{"x":"2019-04-18","y":32.9},{"x":"2019-04-19","y":32.9},{"x":"2019-04-20","y":32.9},{"x":"2019-04-21","y":32.9},{"x":"2019-04-22","y":32.9},{"x":"2019-04-23","y":33.02},{"x":"2019-04-24","y":33.06},{"x":"2019-04-25","y":33.09},{"x":"2019-04-26","y":33.12},{"x":"2019-04-27","y":33.15},{"x":"2019-04-28","y":33.15},{"x":"2019-04-29","y":33.15},{"x":"2019-04-30","y":33.25},{"x":"2019-05-01","y":33.28},{"x":"2019-05-02","y":33.28},{"x":"2019-05-03","y":33.34},{"x":"2019-05-04","y":33.37},{"x":"2019-05-05","y":33.37},{"x":"2019-05-06","y":33.37},{"x":"2019-05-07","y":33.47},{"x":"2019-05-08","y":33.5},{"x":"2019-05-09","y":33.53},{"x":"2019-05-10","y":33.56},{"x":"2019-05-11","y":33.6},{"x":"2019-05-12","y":33.6},{"x":"2019-05-13","y":33.6},{"x":"2019-05-14","y":33.69},{"x":"2019-05-15","y":33.72},{"x":"2019-05-16","y":33.76},{"x":"2019-05-17","y":33.79},{"x":"2019-05-18","y":33.82},{"x":"2019-05-19","y":33.82},{"x":"2019-05-20","y":33.82},{"x":"2019-05-21","y":33.91},{"x":"2019-05-22","y":33.94},{"x":"2019-05-23","y":33.96},{"x":"2019-05-24","y":33.99},{"x":"2019-05-25","y":34.01},{"x":"2019-05-26","y":34.01},{"x":"2019-05-27","y":34.01},{"x":"2019-05-28","y":34.09},{"x":"2019-05-29","y":34.12},{"x":"2019-05-30","y":34.14},{"x":"2019-05-31","y":34.17},{"x":"2019-06-01","y":34.2},{"x":"2019-06-02","y":34.2},{"x":"2019-06-03","y":34.2},{"x":"2019-06-04","y":34.28},{"x":"2019-06-05","y":34.3},{"x":"2019-06-06","y":34.33},{"x":"2019-06-07","y":34.35},{"x":"2019-06-08","y":34.38},{"x":"2019-06-09","y":34.38},{"x":"2019-06-10","y":34.38},{"x":"2019-06-11","y":34.46},{"x":"2019-06-12","y":34.49},{"x":"2019-06-13","y":34.51},{"x":"2019-06-14","y":34.54},{"x":"2019-06-15","y":34.57},{"x":"2019-06-16","y":34.57},{"x":"2019-06-17","y":34.57},{"x":"2019-06-18","y":34.57},{"x":"2019-06-19","y":34.67},{"x":"2019-06-20","y":34.7},{"x":"2019-06-21","y":34.7},{"x":"2019-06-22","y":34.77},{"x":"2019-06-23","y":34.77},{"x":"2019-06-24","y":34.77},{"x":"2019-06-25","y":34.87},{"x":"2019-06-26","y":34.91},{"x":"2019-06-27","y":34.95},{"x":"2019-06-28","y":34.98},{"x":"2019-06-29","y":35.02},{"x":"2019-06-30","y":35.02},{"x":"2019-07-01","y":35.02},{"x":"2019-07-02","y":35.12},{"x":"2019-07-03","y":35.16},{"x":"2019-07-04","y":35.2},{"x":"2019-07-05","y":35.23},{"x":"2019-07-06","y":35.27},{"x":"2019-07-07","y":35.27},{"x":"2019-07-08","y":35.27},{"x":"2019-07-09","y":35.27},{"x":"2019-07-10","y":35.27},{"x":"2019-07-11","y":35.45},{"x":"2019-07-12","y":35.48},{"x":"2019-07-13","y":35.52},{"x":"2019-07-14","y":35.52},{"x":"2019-07-15","y":35.52},{"x":"2019-07-16","y":35.63},{"x":"2019-07-17","y":35.66},{"x":"2019-07-18","y":35.7},{"x":"2019-07-19","y":35.74},{"x":"2019-07-20","y":35.77},{"x":"2019-07-21","y":35.77},{"x":"2019-07-22","y":35.77},{"x":"2019-07-23","y":35.81},{"x":"2019-07-24","y":35.83},{"x":"2019-07-25","y":35.84},{"x":"2019-07-26","y":35.86},{"x":"2019-07-27","y":35.87},{"x":"2019-07-28","y":35.87},{"x":"2019-07-29","y":35.87},{"x":"2019-07-30","y":35.91},{"x":"2019-07-31","y":35.93},{"x":"2019-08-01","y":35.94},{"x":"2019-08-02","y":35.95},{"x":"2019-08-03","y":35.97},{"x":"2019-08-04","y":35.97},{"x":"2019-08-05","y":35.97},{"x":"2019-08-06","y":36.01},{"x":"2019-08-07","y":36.02},{"x":"2019-08-08","y":36.04},{"x":"2019-08-09","y":36.05},{"x":"2019-08-10","y":36.06},{"x":"2019-08-11","y":36.06},{"x":"2019-08-12","y":36.06},{"x":"2019-08-13","y":36.11},{"x":"2019-08-14","y":36.12},{"x":"2019-08-15","y":36.13},{"x":"2019-08-16","y":36.15},{"x":"2019-08-17","y":36.16},{"x":"2019-08-18","y":36.16},{"x":"2019-08-19","y":36.16},{"x":"2019-08-20","y":36.16},{"x":"2019-08-21","y":36.21},{"x":"2019-08-22","y":36.22},{"x":"2019-08-23","y":36.23},{"x":"2019-08-24","y":36.24},{"x":"2019-08-25","y":36.24},{"x":"2019-08-26","y":36.24},{"x":"2019-08-27","y":36.28},{"x":"2019-08-28","y":36.29},{"x":"2019-08-29","y":36.3},{"x":"2019-08-30","y":36.31},{"x":"2019-08-31","y":36.32},{"x":"2019-09-01","y":36.32},{"x":"2019-09-02","y":36.32},{"x":"2019-09-03","y":36.35},{"x":"2019-09-04","y":36.36},{"x":"2019-09-05","y":36.37},{"x":"2019-09-06","y":36.38},{"x":"2019-09-07","y":36.39},{"x":"2019-09-08","y":36.39},{"x":"2019-09-09","y":36.39},{"x":"2019-09-10","y":36.42},{"x":"2019-09-11","y":36.43},{"x":"2019-09-12","y":36.44},{"x":"2019-09-13","y":36.45},{"x":"2019-09-14","y":36.47},{"x":"2019-09-15","y":36.47},{"x":"2019-09-16","y":36.47},{"x":"2019-09-17","y":36.5},{"x":"2019-09-18","y":36.51},{"x":"2019-09-19","y":36.52},{"x":"2019-09-20","y":36.53},{"x":"2019-09-21","y":36.61},{"x":"2019-09-22","y":36.61},{"x":"2019-09-23","y":36.61},{"x":"2019-09-24","y":36.85},{"x":"2019-09-25","y":36.93},{"x":"2019-09-26","y":37.01},{"x":"2019-09-27","y":37.09},{"x":"2019-09-28","y":37.17},{"x":"2019-09-29","y":37.17},{"x":"2019-09-30","y":37.17},{"x":"2019-10-01","y":37.41},{"x":"2019-10-02","y":37.49},{"x":"2019-10-03","y":37.57},{"x":"2019-10-04","y":37.65},{"x":"2019-10-05","y":37.73},{"x":"2019-10-06","y":37.73},{"x":"2019-10-07","y":37.73},{"x":"2019-10-08","y":37.98},{"x":"2019-10-09","y":38.06},{"x":"2019-10-10","y":38.14},{"x":"2019-10-11","y":38.23},{"x":"2019-10-12","y":38.31},{"x":"2019-10-13","y":38.31},{"x":"2019-10-14","y":38.31},{"x":"2019-10-15","y":38.31},{"x":"2019-10-16","y":38.64},{"x":"2019-10-17","y":38.72},{"x":"2019-10-18","y":38.81},{"x":"2019-10-19","y":38.89},{"x":"2019-10-20","y":38.89},{"x":"2019-10-21","y":38.89},{"x":"2019-10-22","y":39.05},{"x":"2019-10-23","y":39.08},{"x":"2019-10-24","y":39.12},{"x":"2019-10-25","y":39.15},{"x":"2019-10-26","y":39.18},{"x":"2019-10-27","y":39.18},{"x":"2019-10-28","y":39.18},{"x":"2019-10-29","y":39.29},{"x":"2019-10-30","y":39.32},{"x":"2019-10-31","y":39.36},{"x":"2019-11-01","y":39.39},{"x":"2019-11-02","y":39.43},{"x":"2019-11-03","y":39.43},{"x":"2019-11-04","y":39.43},{"x":"2019-11-05","y":39.54},{"x":"2019-11-06","y":39.57},{"x":"2019-11-07","y":39.57},{"x":"2019-11-08","y":39.64},{"x":"2019-11-09","y":39.68},{"x":"2019-11-10","y":39.68},{"x":"2019-11-11","y":39.68},{"x":"2019-11-12","y":39.78},{"x":"2019-11-13","y":39.82},{"x":"2019-11-14","y":39.85},{"x":"2019-11-15","y":39.89},{"x":"2019-11-16","y":39.92},{"x":"2019-11-17","y":39.92},{"x":"2019-11-18","y":39.92},{"x":"2019-11-19","y":39.92},{"x":"2019-11-20","y":40.07},{"x":"2019-11-21","y":40.13},{"x":"2019-11-22","y":40.2},{"x":"2019-11-23","y":40.26},{"x":"2019-11-24","y":40.26},{"x":"2019-11-25","y":40.26},{"x":"2019-11-26","y":40.45},{"x":"2019-11-27","y":40.52},{"x":"2019-11-28","y":40.58},{"x":"2019-11-29","y":40.65},{"x":"2019-11-30","y":40.71},{"x":"2019-12-01","y":40.71},{"x":"2019-12-02","y":40.71},{"x":"2019-12-03","y":40.91},{"x":"2019-12-04","y":40.97},{"x":"2019-12-05","y":41.04},{"x":"2019-12-06","y":41.1},{"x":"2019-12-07","y":41.17},{"x":"2019-12-08","y":41.17},{"x":"2019-12-09","y":41.17},{"x":"2019-12-10","y":41.37},{"x":"2019-12-11","y":41.43},{"x":"2019-12-12","y":41.5},{"x":"2019-12-13","y":41.56},{"x":"2019-12-14","y":41.63},{"x":"2019-12-15","y":41.63},{"x":"2019-12-16","y":41.63},{"x":"2019-12-17","y":41.83},{"x":"2019-12-18","y":41.9},{"x":"2019-12-19","y":41.96},{"x":"2019-12-20","y":42.03},{"x":"2019-12-21","y":42.09},{"x":"2019-12-22","y":42.09},{"x":"2019-12-23","y":42.09},{"x":"2019-12-24","y":42.26},{"x":"2019-12-25","y":42.32},{"x":"2019-12-26","y":42.32},{"x":"2019-12-27","y":42.44},{"x":"2019-12-28","y":42.5},{"x":"2019-12-29","y":42.5},{"x":"2019-12-30","y":42.5},{"x":"2019-12-31","y":42.68},{"x":"2020-01-01","y":42.74},{"x":"2020-01-02","y":42.74},{"x":"2020-01-03","y":42.86},{"x":"2020-01-04","y":42.92},{"x":"2020-01-05","y":42.92},{"x":"2020-01-06","y":42.92},{"x":"2020-01-07","y":43.09},{"x":"2020-01-08","y":43.15},{"x":"2020-01-09","y":43.21},{"x":"2020-01-10","y":43.27},{"x":"2020-01-11","y":43.33},{"x":"2020-01-12","y":43.33},{"x":"2020-01-13","y":43.33},{"x":"2020-01-14","y":43.52},{"x":"2020-01-15","y":43.58},{"x":"2020-01-16","y":43.64},{"x":"2020-01-17","y":43.7},{"x":"2020-01-18","y":43.76},{"x":"2020-01-19","y":43.76},{"x":"2020-01-20","y":43.76},{"x":"2020-01-21","y":43.9},{"x":"2020-01-22","y":43.92},{"x":"2020-01-23","y":43.93},{"x":"2020-01-24","y":43.95},{"x":"2020-01-25","y":43.97},{"x":"2020-01-26","y":43.97},{"x":"2020-01-27","y":43.97},{"x":"2020-01-28","y":44.03},{"x":"2020-01-29","y":44.04},{"x":"2020-01-30","y":44.06},{"x":"2020-01-31","y":44.08},{"x":"2020-02-01","y":44.1},{"x":"2020-02-02","y":44.1},{"x":"2020-02-03","y":44.1},{"x":"2020-02-04","y":44.16},{"x":"2020-02-05","y":44.17},{"x":"2020-02-06","y":44.19},{"x":"2020-02-07","y":44.21},{"x":"2020-02-08","y":44.23},{"x":"2020-02-09","y":44.23},{"x":"2020-02-10","y":44.23},{"x":"2020-02-11","y":44.28},{"x":"2020-02-12","y":44.3},{"x":"2020-02-13","y":44.32},{"x":"2020-02-14","y":44.34},{"x":"2020-02-15","y":44.36},{"x":"2020-02-16","y":44.36},{"x":"2020-02-17","y":44.36},{"x":"2020-02-18","y":44.41},{"x":"2020-02-19","y":44.43},{"x":"2020-02-20","y":44.45},{"x":"2020-02-21","y":44.53},{"x":"2020-02-22","y":44.6},{"x":"2020-02-23","y":44.6},{"x":"2020-02-24","y":44.6},{"x":"2020-02-25","y":44.6},{"x":"2020-02-26","y":44.6},{"x":"2020-02-27","y":44.98},{"x":"2020-02-28","y":45.05},{"x":"2020-02-29","y":45.13},{"x":"2020-03-01","y":45.13},{"x":"2020-03-02","y":45.13},{"x":"2020-03-03","y":45.36},{"x":"2020-03-04","y":45.43},{"x":"2020-03-05","y":45.51},{"x":"2020-03-06","y":45.59},{"x":"2020-03-07","y":45.66},{"x":"2020-03-08","y":45.66},{"x":"2020-03-09","y":45.66},{"x":"2020-03-10","y":45.89},{"x":"2020-03-11","y":45.97},{"x":"2020-03-12","y":46.05},{"x":"2020-03-13","y":46.13},{"x":"2020-03-14","y":46.2},{"x":"2020-03-15","y":46.2},{"x":"2020-03-16","y":46.2},{"x":"2020-03-17","y":46.44},{"x":"2020-03-18","y":46.52},{"x":"2020-03-19","y":46.59},{"x":"2020-03-20","y":46.67},{"x":"2020-03-21","y":46.74},{"x":"2020-03-22","y":46.74},{"x":"2020-03-23","y":46.74},{"x":"2020-03-24","y":46.74},{"x":"2020-03-25","y":46.74},{"x":"2020-03-26","y":47.07},{"x":"2020-03-27","y":47.14},{"x":"2020-03-28","y":47.21},{"x":"2020-03-29","y":47.21},{"x":"2020-03-30","y":47.21},{"x":"2020-03-31","y":47.41},{"x":"2020-04-01","y":47.41},{"x":"2020-04-02","y":47.54},{"x":"2020-04-03","y":47.61},{"x":"2020-04-04","y":47.68},{"x":"2020-04-05","y":47.68},{"x":"2020-04-06","y":47.68},{"x":"2020-04-07","y":47.88},{"x":"2020-04-08","y":47.95},{"x":"2020-04-09","y":48.02},{"x":"2020-04-10","y":48.02},{"x":"2020-04-11","y":48.02},{"x":"2020-04-12","y":48.02},{"x":"2020-04-13","y":48.02},{"x":"2020-04-14","y":48.36},{"x":"2020-04-15","y":48.43},{"x":"2020-04-16","y":48.5},{"x":"2020-04-17","y":48.57},{"x":"2020-04-18","y":48.64},{"x":"2020-04-19","y":48.64},{"x":"2020-04-20","y":48.64},{"x":"2020-04-21","y":48.79},{"x":"2020-04-22","y":48.81},{"x":"2020-04-23","y":48.83},{"x":"2020-04-24","y":48.85},{"x":"2020-04-25","y":48.87},{"x":"2020-04-26","y":48.87},{"x":"2020-04-27","y":48.87},{"x":"2020-04-28","y":48.93},{"x":"2020-04-29","y":48.95},{"x":"2020-04-30","y":48.97},{"x":"2020-05-01","y":48.99},{"x":"2020-05-02","y":48.99},{"x":"2020-05-03","y":48.99},{"x":"2020-05-04","y":48.99},{"x":"2020-05-05","y":49.07},{"x":"2020-05-06","y":49.08},{"x":"2020-05-07","y":49.1},{"x":"2020-05-08","y":49.12},{"x":"2020-05-09","y":49.14},{"x":"2020-05-10","y":49.14},{"x":"2020-05-11","y":49.14},{"x":"2020-05-12","y":49.2},{"x":"2020-05-13","y":49.22},{"x":"2020-05-14","y":49.24},{"x":"2020-05-15","y":49.26},{"x":"2020-05-16","y":49.28},{"x":"2020-05-17","y":49.28},{"x":"2020-05-18","y":49.28},{"x":"2020-05-19","y":49.34},{"x":"2020-05-20","y":49.36},{"x":"2020-05-21","y":49.37},{"x":"2020-05-22","y":49.37},{"x":"2020-05-23","y":49.38},{"x":"2020-05-24","y":49.38},{"x":"2020-05-25","y":49.38},{"x":"2020-05-26","y":49.38},{"x":"2020-05-27","y":49.41},{"x":"2020-05-28","y":49.42},{"x":"2020-05-29","y":49.43},{"x":"2020-05-30","y":49.44},{"x":"2020-05-31","y":49.44},{"x":"2020-06-01","y":49.44},{"x":"2020-06-02","y":49.46},{"x":"2020-06-03","y":49.47},{"x":"2020-06-04","y":49.48},{"x":"2020-06-05","y":49.49},{"x":"2020-06-06","y":49.49},{"x":"2020-06-07","y":49.49},{"x":"2020-06-08","y":49.49},{"x":"2020-06-09","y":49.52},{"x":"2020-06-10","y":49.53},{"x":"2020-06-11","y":49.53},{"x":"2020-06-12","y":49.54},{"x":"2020-06-13","y":49.55},{"x":"2020-06-14","y":49.55},{"x":"2020-06-15","y":49.55},{"x":"2020-06-16","y":49.55},{"x":"2020-06-17","y":49.58},{"x":"2020-06-18","y":49.59},{"x":"2020-06-19","y":49.6},{"x":"2020-06-20","y":49.61},{"x":"2020-06-21","y":49.61},{"x":"2020-06-22","y":49.61},{"x":"2020-06-23","y":49.62},{"x":"2020-06-24","y":49.62},{"x":"2020-06-25","y":49.62},{"x":"2020-06-26","y":49.63},{"x":"2020-06-27","y":49.63},{"x":"2020-06-28","y":49.63},{"x":"2020-06-29","y":49.63},{"x":"2020-06-30","y":49.64},{"x":"2020-07-01","y":49.64},{"x":"2020-07-02","y":49.65},{"x":"2020-07-03","y":49.65},{"x":"2020-07-04","y":49.65},{"x":"2020-07-05","y":49.65},{"x":"2020-07-06","y":49.65},{"x":"2020-07-07","y":49.66},{"x":"2020-07-08","y":49.66},{"x":"2020-07-09","y":49.67},{"x":"2020-07-10","y":49.67},{"x":"2020-07-11","y":49.67},{"x":"2020-07-12","y":49.67},{"x":"2020-07-13","y":49.67},{"x":"2020-07-14","y":49.68},{"x":"2020-07-15","y":49.69},{"x":"2020-07-16","y":49.69},{"x":"2020-07-17","y":49.69},{"x":"2020-07-18","y":49.7},{"x":"2020-07-19","y":49.7},{"x":"2020-07-20","y":49.7},{"x":"2020-07-21","y":49.74},{"x":"2020-07-22","y":49.77},{"x":"2020-07-23","y":49.8},{"x":"2020-07-24","y":49.83},{"x":"2020-07-25","y":49.86},{"x":"2020-07-26","y":49.86},{"x":"2020-07-27","y":49.86},{"x":"2020-07-28","y":49.96},{"x":"2020-07-29","y":49.99},{"x":"2020-07-30","y":50.02},{"x":"2020-07-31","y":50.06},{"x":"2020-08-01","y":50.09},{"x":"2020-08-02","y":50.09},{"x":"2020-08-03","y":50.09},{"x":"2020-08-04","y":50.18},{"x":"2020-08-05","y":50.22},{"x":"2020-08-06","y":50.25},{"x":"2020-08-07","y":50.28},{"x":"2020-08-08","y":50.31},{"x":"2020-08-09","y":50.31},{"x":"2020-08-10","y":50.31},{"x":"2020-08-11","y":50.41},{"x":"2020-08-12","y":50.44},{"x":"2020-08-13","y":50.47},{"x":"2020-08-14","y":50.5},{"x":"2020-08-15","y":50.54},{"x":"2020-08-16","y":50.54},{"x":"2020-08-17","y":50.54},{"x":"2020-08-18","y":50.54},{"x":"2020-08-19","y":50.67},{"x":"2020-08-20","y":50.7},{"x":"2020-08-21","y":50.74},{"x":"2020-08-22","y":50.77},{"x":"2020-08-23","y":50.77},{"x":"2020-08-24","y":50.77},{"x":"2020-08-25","y":50.89},{"x":"2020-08-26","y":50.92},{"x":"2020-08-27","y":50.96},{"x":"2020-08-28","y":51},{"x":"2020-08-29","y":51.03},{"x":"2020-08-30","y":51.03},{"x":"2020-08-31","y":51.03},{"x":"2020-09-01","y":51.15},{"x":"2020-09-02","y":51.18},{"x":"2020-09-03","y":51.22},{"x":"2020-09-04","y":51.26},{"x":"2020-09-05","y":51.3},{"x":"2020-09-06","y":51.3},{"x":"2020-09-07","y":51.3},{"x":"2020-09-08","y":51.41},{"x":"2020-09-09","y":51.45},{"x":"2020-09-10","y":51.49},{"x":"2020-09-11","y":51.52},{"x":"2020-09-12","y":51.56},{"x":"2020-09-13","y":51.56},{"x":"2020-09-14","y":51.56},{"x":"2020-09-15","y":51.67},{"x":"2020-09-16","y":51.71},{"x":"2020-09-17","y":51.75},{"x":"2020-09-18","y":51.79},{"x":"2020-09-19","y":51.83},{"x":"2020-09-20","y":51.83},{"x":"2020-09-21","y":51.83},{"x":"2020-09-22","y":51.96},{"x":"2020-09-23","y":52.01},{"x":"2020-09-24","y":52.06},{"x":"2020-09-25","y":52.1},{"x":"2020-09-26","y":52.15},{"x":"2020-09-27","y":52.15},{"x":"2020-09-28","y":52.15},{"x":"2020-09-29","y":52.3},{"x":"2020-09-30","y":52.34},{"x":"2020-10-01","y":52.39},{"x":"2020-10-02","y":52.44},{"x":"2020-10-03","y":52.49},{"x":"2020-10-04","y":52.49},{"x":"2020-10-05","y":52.49},{"x":"2020-10-06","y":52.63},{"x":"2020-10-07","y":52.68},{"x":"2020-10-08","y":52.73},{"x":"2020-10-09","y":52.78},{"x":"2020-10-10","y":52.83},{"x":"2020-10-11","y":52.83},{"x":"2020-10-12","y":52.83},{"x":"2020-10-13","y":52.83},{"x":"2020-10-14","y":53.02},{"x":"2020-10-15","y":53.07},{"x":"2020-10-16","y":53.12},{"x":"2020-10-17","y":53.17},{"x":"2020-10-18","y":53.17},{"x":"2020-10-19","y":53.17},{"x":"2020-10-20","y":53.32},{"x":"2020-10-21","y":53.38},{"x":"2020-10-22","y":53.44},{"x":"2020-10-23","y":53.5},{"x":"2020-10-24","y":53.57},{"x":"2020-10-25","y":53.57},{"x":"2020-10-26","y":53.57},{"x":"2020-10-27","y":53.76},{"x":"2020-10-28","y":53.82},{"x":"2020-10-29","y":53.88},{"x":"2020-10-30","y":53.95},{"x":"2020-10-31","y":54.01},{"x":"2020-11-01","y":54.01},{"x":"2020-11-02","y":54.01},{"x":"2020-11-03","y":54.2},{"x":"2020-11-04","y":54.26},{"x":"2020-11-05","y":54.33},{"x":"2020-11-06","y":54.39},{"x":"2020-11-07","y":54.39},{"x":"2020-11-08","y":54.39},{"x":"2020-11-09","y":54.39},{"x":"2020-11-10","y":54.65},{"x":"2020-11-11","y":54.71},{"x":"2020-11-12","y":54.77},{"x":"2020-11-13","y":54.84},{"x":"2020-11-14","y":54.9},{"x":"2020-11-15","y":54.9},{"x":"2020-11-16","y":54.9},{"x":"2020-11-17","y":55.1},{"x":"2020-11-18","y":55.16},{"x":"2020-11-19","y":55.22},{"x":"2020-11-20","y":55.29},{"x":"2020-11-21","y":55.38},{"x":"2020-11-22","y":55.38},{"x":"2020-11-23","y":55.38},{"x":"2020-11-24","y":55.38},{"x":"2020-11-25","y":55.73},{"x":"2020-11-26","y":55.82},{"x":"2020-11-27","y":55.91},{"x":"2020-11-28","y":56},{"x":"2020-11-29","y":56},{"x":"2020-11-30","y":56},{"x":"2020-12-01","y":56.27},{"x":"2020-12-02","y":56.36},{"x":"2020-12-03","y":56.45},{"x":"2020-12-04","y":56.54},{"x":"2020-12-05","y":56.63},{"x":"2020-12-06","y":56.63},{"x":"2020-12-07","y":56.63},{"x":"2020-12-08","y":56.63},{"x":"2020-12-09","y":56.63},{"x":"2020-12-10","y":57.08},{"x":"2020-12-11","y":57.17},{"x":"2020-12-12","y":57.26},{"x":"2020-12-13","y":57.26},{"x":"2020-12-14","y":57.26},{"x":"2020-12-15","y":57.54},{"x":"2020-12-16","y":57.63},{"x":"2020-12-17","y":57.72},{"x":"2020-12-18","y":57.81},{"x":"2020-12-19","y":57.91},{"x":"2020-12-20","y":57.91},{"x":"2020-12-21","y":57.91},{"x":"2020-12-22","y":58.54},{"x":"2020-12-23","y":58.81},{"x":"2020-12-24","y":59.09},{"x":"2020-12-25","y":59.09},{"x":"2020-12-26","y":59.09},{"x":"2020-12-27","y":59.09},{"x":"2020-12-28","y":59.09},{"x":"2020-12-29","y":60.48},{"x":"2020-12-30","y":60.76},{"x":"2020-12-31","y":61.04},{"x":"2021-01-01","y":61.04},{"x":"2021-01-02","y":61.04},{"x":"2021-01-03","y":61.04},{"x":"2021-01-04","y":61.04},{"x":"2021-01-05","y":62.48},{"x":"2021-01-06","y":62.77},{"x":"2021-01-07","y":63.06},{"x":"2021-01-08","y":63.35},{"x":"2021-01-09","y":63.65},{"x":"2021-01-10","y":63.65},{"x":"2021-01-11","y":63.65},{"x":"2021-01-12","y":64.54},{"x":"2021-01-13","y":64.84},{"x":"2021-01-14","y":65.15},{"x":"2021-01-15","y":65.45},{"x":"2021-01-16","y":65.75},{"x":"2021-01-17","y":65.75},{"x":"2021-01-18","y":65.75},{"x":"2021-01-19","y":66.68},{"x":"2021-01-20","y":66.99},{"x":"2021-01-21","y":67.08},{"x":"2021-01-22","y":67.18},{"x":"2021-01-23","y":67.27},{"x":"2021-01-24","y":67.27},{"x":"2021-01-25","y":67.27},{"x":"2021-01-26","y":67.55},{"x":"2021-01-27","y":67.64},{"x":"2021-01-28","y":67.74},{"x":"2021-01-29","y":67.83},{"x":"2021-01-30","y":67.93},{"x":"2021-01-31","y":67.93},{"x":"2021-02-01","y":67.93},{"x":"2021-02-02","y":68.21},{"x":"2021-02-03","y":68.3},{"x":"2021-02-04","y":68.4},{"x":"2021-02-05","y":68.49},{"x":"2021-02-06","y":68.59},{"x":"2021-02-07","y":68.59},{"x":"2021-02-08","y":68.59},{"x":"2021-02-09","y":68.88},{"x":"2021-02-10","y":68.97},{"x":"2021-02-11","y":69.07},{"x":"2021-02-12","y":69.16},{"x":"2021-02-13","y":69.26},{"x":"2021-02-14","y":69.26},{"x":"2021-02-15","y":69.26},{"x":"2021-02-16","y":69.26},{"x":"2021-02-17","y":69.26},{"x":"2021-02-18","y":69.74},{"x":"2021-02-19","y":69.84},{"x":"2021-02-20","y":69.94},{"x":"2021-02-21","y":69.94},{"x":"2021-02-22","y":69.94},{"x":"2021-02-23","y":70.26},{"x":"2021-02-24","y":70.37},{"x":"2021-02-25","y":70.48},{"x":"2021-02-26","y":70.58},{"x":"2021-02-27","y":70.69},{"x":"2021-02-28","y":70.69},{"x":"2021-03-01","y":70.69},{"x":"2021-03-02","y":71.02},{"x":"2021-03-03","y":71.13},{"x":"2021-03-04","y":71.24},{"x":"2021-03-05","y":71.35},{"x":"2021-03-06","y":71.46},{"x":"2021-03-07","y":71.46},{"x":"2021-03-08","y":71.46},{"x":"2021-03-09","y":71.79},{"x":"2021-03-10","y":71.9},{"x":"2021-03-11","y":72.01},{"x":"2021-03-12","y":72.12},{"x":"2021-03-13","y":72.23},{"x":"2021-03-14","y":72.23},{"x":"2021-03-15","y":72.23},{"x":"2021-03-16","y":72.57},{"x":"2021-03-17","y":72.68},{"x":"2021-03-18","y":72.79},{"x":"2021-03-19","y":72.9},{"x":"2021-03-20","y":73.01},{"x":"2021-03-21","y":73.01},{"x":"2021-03-22","y":73.01},{"x":"2021-03-23","y":73.39},{"x":"2021-03-24","y":73.52},{"x":"2021-03-25","y":73.52},{"x":"2021-03-26","y":73.77},{"x":"2021-03-27","y":73.9},{"x":"2021-03-28","y":73.9},{"x":"2021-03-29","y":73.9},{"x":"2021-03-30","y":74.29},{"x":"2021-03-31","y":74.41},{"x":"2021-04-01","y":74.54},{"x":"2021-04-02","y":74.54},{"x":"2021-04-03","y":74.54},{"x":"2021-04-04","y":74.54},{"x":"2021-04-05","y":74.54},{"x":"2021-04-06","y":75.19},{"x":"2021-04-07","y":75.32},{"x":"2021-04-08","y":75.45},{"x":"2021-04-09","y":75.58},{"x":"2021-04-10","y":75.71},{"x":"2021-04-11","y":75.71},{"x":"2021-04-12","y":75.71},{"x":"2021-04-13","y":76.1},{"x":"2021-04-14","y":76.24},{"x":"2021-04-15","y":76.37},{"x":"2021-04-16","y":76.5},{"x":"2021-04-17","y":76.63},{"x":"2021-04-18","y":76.63},{"x":"2021-04-19","y":76.63},{"x":"2021-04-20","y":77.03},{"x":"2021-04-21","y":77.09},{"x":"2021-04-22","y":77.16},{"x":"2021-04-23","y":77.22},{"x":"2021-04-24","y":77.28},{"x":"2021-04-25","y":77.28},{"x":"2021-04-26","y":77.28},{"x":"2021-04-27","y":77.47},{"x":"2021-04-28","y":77.54},{"x":"2021-04-29","y":77.6},{"x":"2021-04-30","y":77.67},{"x":"2021-05-01","y":77.73},{"x":"2021-05-02","y":77.73},{"x":"2021-05-03","y":77.73},{"x":"2021-05-04","y":77.92},{"x":"2021-05-05","y":77.99},{"x":"2021-05-06","y":78.05},{"x":"2021-05-07","y":78.11},{"x":"2021-05-08","y":78.18},{"x":"2021-05-09","y":78.18},{"x":"2021-05-10","y":78.18},{"x":"2021-05-11","y":78.37},{"x":"2021-05-12","y":78.44},{"x":"2021-05-13","y":78.5},{"x":"2021-05-14","y":78.57},{"x":"2021-05-15","y":78.63},{"x":"2021-05-16","y":78.63},{"x":"2021-05-17","y":78.63},{"x":"2021-05-18","y":78.83},{"x":"2021-05-19","y":78.89},{"x":"2021-05-20","y":78.95},{"x":"2021-05-21","y":79.11},{"x":"2021-05-22","y":79.26},{"x":"2021-05-23","y":79.26},{"x":"2021-05-24","y":79.26},{"x":"2021-05-25","y":79.26},{"x":"2021-05-26","y":79.26},{"x":"2021-05-27","y":80.03},{"x":"2021-05-28","y":80.19},{"x":"2021-05-29","y":80.35},{"x":"2021-05-30","y":80.35},{"x":"2021-05-31","y":80.35},{"x":"2021-06-01","y":80.82},{"x":"2021-06-02","y":80.97},{"x":"2021-06-03","y":81.13},{"x":"2021-06-04","y":81.29},{"x":"2021-06-05","y":81.44},{"x":"2021-06-06","y":81.44},{"x":"2021-06-07","y":81.44},{"x":"2021-06-08","y":81.92},{"x":"2021-06-09","y":82.08},{"x":"2021-06-10","y":82.24},{"x":"2021-06-11","y":82.4},{"x":"2021-06-12","y":82.56},{"x":"2021-06-13","y":82.56},{"x":"2021-06-14","y":82.56},{"x":"2021-06-15","y":83.04},{"x":"2021-06-16","y":83.2},{"x":"2021-06-17","y":83.36},{"x":"2021-06-18","y":83.53},{"x":"2021-06-19","y":83.69},{"x":"2021-06-20","y":83.69},{"x":"2021-06-21","y":83.69},{"x":"2021-06-22","y":83.69},{"x":"2021-06-23","y":84.03},{"x":"2021-06-24","y":84.09},{"x":"2021-06-25","y":84.15},{"x":"2021-06-26","y":84.22},{"x":"2021-06-27","y":84.22},{"x":"2021-06-28","y":84.22},{"x":"2021-06-29","y":84.4},{"x":"2021-06-30","y":84.46},{"x":"2021-07-01","y":84.52},{"x":"2021-07-02","y":84.58},{"x":"2021-07-03","y":84.64},{"x":"2021-07-04","y":84.64},{"x":"2021-07-05","y":84.64},{"x":"2021-07-06","y":84.83},{"x":"2021-07-07","y":84.89},{"x":"2021-07-08","y":84.95},{"x":"2021-07-09","y":85.01},{"x":"2021-07-10","y":85.01},{"x":"2021-07-11","y":85.01},{"x":"2021-07-12","y":85.01},{"x":"2021-07-13","y":85.26},{"x":"2021-07-14","y":85.32},{"x":"2021-07-15","y":85.38},{"x":"2021-07-16","y":85.45},{"x":"2021-07-17","y":85.51},{"x":"2021-07-18","y":85.51},{"x":"2021-07-19","y":85.51},{"x":"2021-07-20","y":85.69},{"x":"2021-07-21","y":85.76},{"x":"2021-07-22","y":85.83},{"x":"2021-07-23","y":85.9},{"x":"2021-07-24","y":85.97},{"x":"2021-07-25","y":85.97},{"x":"2021-07-26","y":85.97},{"x":"2021-07-27","y":86.17},{"x":"2021-07-28","y":86.24},{"x":"2021-07-29","y":86.31},{"x":"2021-07-30","y":86.38},{"x":"2021-07-31","y":86.45},{"x":"2021-08-01","y":86.45},{"x":"2021-08-02","y":86.45},{"x":"2021-08-03","y":86.66},{"x":"2021-08-04","y":86.72},{"x":"2021-08-05","y":86.79},{"x":"2021-08-06","y":86.86},{"x":"2021-08-07","y":86.93},{"x":"2021-08-08","y":86.93},{"x":"2021-08-09","y":86.93},{"x":"2021-08-10","y":87.14},{"x":"2021-08-11","y":87.21},{"x":"2021-08-12","y":87.28},{"x":"2021-08-13","y":87.35},{"x":"2021-08-14","y":87.42},{"x":"2021-08-15","y":87.42},{"x":"2021-08-16","y":87.42},{"x":"2021-08-17","y":87.42},{"x":"2021-08-18","y":87.7},{"x":"2021-08-19","y":87.77},{"x":"2021-08-20","y":87.84},{"x":"2021-08-21","y":87.95},{"x":"2021-08-22","y":87.95},{"x":"2021-08-23","y":87.95},{"x":"2021-08-24","y":88.29},{"x":"2021-08-25","y":88.41},{"x":"2021-08-26","y":88.52},{"x":"2021-08-27","y":88.64},{"x":"2021-08-28","y":88.75},{"x":"2021-08-29","y":88.75},{"x":"2021-08-30","y":88.75},{"x":"2021-08-31","y":89.1},{"x":"2021-09-01","y":89.21},{"x":"2021-09-02","y":89.33},{"x":"2021-09-03","y":89.45},{"x":"2021-09-04","y":89.56},{"x":"2021-09-05","y":89.56},{"x":"2021-09-06","y":89.56},{"x":"2021-09-07","y":89.91},{"x":"2021-09-08","y":90.03},{"x":"2021-09-09","y":90.14},{"x":"2021-09-10","y":90.26},{"x":"2021-09-11","y":90.38},{"x":"2021-09-12","y":90.38},{"x":"2021-09-13","y":90.38},{"x":"2021-09-14","y":90.73},{"x":"2021-09-15","y":90.85},{"x":"2021-09-16","y":90.97},{"x":"2021-09-17","y":91.08},{"x":"2021-09-18","y":91.2},{"x":"2021-09-19","y":91.2},{"x":"2021-09-20","y":91.2},{"x":"2021-09-21","y":91.5},{"x":"2021-09-22","y":91.56},{"x":"2021-09-23","y":91.62},{"x":"2021-09-24","y":91.68},{"x":"2021-09-25","y":91.74},{"x":"2021-09-26","y":91.74},{"x":"2021-09-27","y":91.74},{"x":"2021-09-28","y":91.92},{"x":"2021-09-29","y":91.98},{"x":"2021-09-30","y":92.04},{"x":"2021-10-01","y":92.1},{"x":"2021-10-02","y":92.17},{"x":"2021-10-03","y":92.17},{"x":"2021-10-04","y":92.17},{"x":"2021-10-05","y":92.35},{"x":"2021-10-06","y":92.41},{"x":"2021-10-07","y":92.47},{"x":"2021-10-08","y":92.53},{"x":"2021-10-09","y":92.53},{"x":"2021-10-10","y":92.53},{"x":"2021-10-11","y":92.53},{"x":"2021-10-12","y":92.53},{"x":"2021-10-13","y":92.84},{"x":"2021-10-14","y":92.9},{"x":"2021-10-15","y":92.96},{"x":"2021-10-16","y":93.02},{"x":"2021-10-17","y":93.02},{"x":"2021-10-18","y":93.02},{"x":"2021-10-19","y":93.21},{"x":"2021-10-20","y":93.27},{"x":"2021-10-21","y":93.35},{"x":"2021-10-22","y":93.43},{"x":"2021-10-23","y":93.51},{"x":"2021-10-24","y":93.51},{"x":"2021-10-25","y":93.51},{"x":"2021-10-26","y":93.75},{"x":"2021-10-27","y":93.83},{"x":"2021-10-28","y":93.91},{"x":"2021-10-29","y":93.99},{"x":"2021-10-30","y":94.07},{"x":"2021-10-31","y":94.07},{"x":"2021-11-01","y":94.07},{"x":"2021-11-02","y":94.32},{"x":"2021-11-03","y":94.4},{"x":"2021-11-04","y":94.48},{"x":"2021-11-05","y":94.56},{"x":"2021-11-06","y":94.64},{"x":"2021-11-07","y":94.64},{"x":"2021-11-08","y":94.64},{"x":"2021-11-09","y":94.88},{"x":"2021-11-10","y":94.97},{"x":"2021-11-11","y":95.05},{"x":"2021-11-12","y":95.13},{"x":"2021-11-13","y":95.21},{"x":"2021-11-14","y":95.21},{"x":"2021-11-15","y":95.21},{"x":"2021-11-16","y":95.46},{"x":"2021-11-17","y":95.54},{"x":"2021-11-18","y":95.62},{"x":"2021-11-19","y":95.7},{"x":"2021-11-20","y":95.79},{"x":"2021-11-21","y":95.79},{"x":"2021-11-22","y":95.79},{"x":"2021-11-23","y":95.79},{"x":"2021-11-24","y":96.23},{"x":"2021-11-25","y":96.34},{"x":"2021-11-26","y":96.45},{"x":"2021-11-27","y":96.56},{"x":"2021-11-28","y":96.56},{"x":"2021-11-29","y":96.56},{"x":"2021-11-30","y":96.89},{"x":"2021-12-01","y":97},{"x":"2021-12-02","y":97.11},{"x":"2021-12-03","y":97.22},{"x":"2021-12-04","y":97.34},{"x":"2021-12-05","y":97.34},{"x":"2021-12-06","y":97.34},{"x":"2021-12-07","y":97.67},{"x":"2021-12-08","y":97.78},{"x":"2021-12-09","y":97.78},{"x":"2021-12-10","y":98.01},{"x":"2021-12-11","y":98.12},{"x":"2021-12-12","y":98.12},{"x":"2021-12-13","y":98.12},{"x":"2021-12-14","y":98.46},{"x":"2021-12-15","y":98.57},{"x":"2021-12-16","y":98.68},{"x":"2021-12-17","y":98.8},{"x":"2021-12-18","y":98.91},{"x":"2021-12-19","y":98.91},{"x":"2021-12-20","y":98.91},{"x":"2021-12-21","y":99.2},{"x":"2021-12-22","y":99.26},{"x":"2021-12-23","y":99.33},{"x":"2021-12-24","y":99.39},{"x":"2021-12-25","y":99.39},{"x":"2021-12-26","y":99.39},{"x":"2021-12-27","y":99.39},{"x":"2021-12-28","y":99.65},{"x":"2021-12-29","y":99.71},{"x":"2021-12-30","y":99.77},{"x":"2021-12-31","y":99.84},{"x":"2022-01-01","y":99.84},{"x":"2022-01-02","y":99.84},{"x":"2022-01-03","y":99.84},{"x":"2022-01-04","y":100.09},{"x":"2022-01-05","y":100.16},{"x":"2022-01-06","y":100.22},{"x":"2022-01-07","y":100.28},{"x":"2022-01-08","y":100.35},{"x":"2022-01-09","y":100.35},{"x":"2022-01-10","y":100.35},{"x":"2022-01-11","y":100.54},{"x":"2022-01-12","y":100.61},{"x":"2022-01-13","y":100.67},{"x":"2022-01-14","y":100.73},{"x":"2022-01-15","y":100.8},{"x":"2022-01-16","y":100.8},{"x":"2022-01-17","y":100.8},{"x":"2022-01-18","y":100.99},{"x":"2022-01-19","y":101.06},{"x":"2022-01-20","y":101.12},{"x":"2022-01-21","y":101.16},{"x":"2022-01-22","y":101.19},{"x":"2022-01-23","y":101.19},{"x":"2022-01-24","y":101.19},{"x":"2022-01-25","y":101.3},{"x":"2022-01-26","y":101.34},{"x":"2022-01-27","y":101.37},{"x":"2022-01-28","y":101.41},{"x":"2022-01-29","y":101.44},{"x":"2022-01-30","y":101.44},{"x":"2022-01-31","y":101.44},{"x":"2022-02-01","y":101.55},{"x":"2022-02-02","y":101.59},{"x":"2022-02-03","y":101.62},{"x":"2022-02-04","y":101.66},{"x":"2022-02-05","y":101.69},{"x":"2022-02-06","y":101.69},{"x":"2022-02-07","y":101.69},{"x":"2022-02-08","y":101.8},{"x":"2022-02-09","y":101.84},{"x":"2022-02-10","y":101.87},{"x":"2022-02-11","y":101.91},{"x":"2022-02-12","y":101.94},{"x":"2022-02-13","y":101.94},{"x":"2022-02-14","y":101.94},{"x":"2022-02-15","y":102.05},{"x":"2022-02-16","y":102.09},{"x":"2022-02-17","y":102.12},{"x":"2022-02-18","y":102.16},{"x":"2022-02-19","y":102.2},{"x":"2022-02-20","y":102.2},{"x":"2022-02-21","y":102.2},{"x":"2022-02-22","y":102.46},{"x":"2022-02-23","y":102.57},{"x":"2022-02-24","y":102.68},{"x":"2022-02-25","y":102.79},{"x":"2022-02-26","y":102.9},{"x":"2022-02-27","y":102.9},{"x":"2022-02-28","y":102.9},{"x":"2022-03-01","y":102.9},{"x":"2022-03-02","y":102.9},{"x":"2022-03-03","y":103.47},{"x":"2022-03-04","y":103.58},{"x":"2022-03-05","y":103.69},{"x":"2022-03-06","y":103.69},{"x":"2022-03-07","y":103.69},{"x":"2022-03-08","y":104.03},{"x":"2022-03-09","y":104.15},{"x":"2022-03-10","y":104.26},{"x":"2022-03-11","y":104.37},{"x":"2022-03-12","y":104.49},{"x":"2022-03-13","y":104.49},{"x":"2022-03-14","y":104.49},{"x":"2022-03-15","y":104.83},{"x":"2022-03-16","y":104.94},{"x":"2022-03-17","y":105.06},{"x":"2022-03-18","y":105.17},{"x":"2022-03-19","y":105.29},{"x":"2022-03-20","y":105.29},{"x":"2022-03-21","y":105.29},{"x":"2022-03-22","y":105.65},{"x":"2022-03-23","y":105.77},{"x":"2022-03-24","y":105.9},{"x":"2022-03-25","y":105.9},{"x":"2022-03-26","y":106.15},{"x":"2022-03-27","y":106.15},{"x":"2022-03-28","y":106.15},{"x":"2022-03-29","y":106.52},{"x":"2022-03-30","y":106.64},{"x":"2022-03-31","y":106.77},{"x":"2022-04-01","y":106.9},{"x":"2022-04-02","y":107.02},{"x":"2022-04-03","y":107.02},{"x":"2022-04-04","y":107.02},{"x":"2022-04-05","y":107.4},{"x":"2022-04-06","y":107.52},{"x":"2022-04-07","y":107.65},{"x":"2022-04-08","y":107.78},{"x":"2022-04-09","y":107.9},{"x":"2022-04-10","y":107.9},{"x":"2022-04-11","y":107.9},{"x":"2022-04-12","y":108.28},{"x":"2022-04-13","y":108.41},{"x":"2022-04-14","y":108.54},{"x":"2022-04-15","y":108.54},{"x":"2022-04-16","y":108.54},{"x":"2022-04-17","y":108.54},{"x":"2022-04-18","y":108.54},{"x":"2022-04-19","y":109.17},{"x":"2022-04-20","y":109.3},{"x":"2022-04-21","y":109.45},{"x":"2022-04-22","y":109.6},{"x":"2022-04-23","y":109.74},{"x":"2022-04-24","y":109.74},{"x":"2022-04-25","y":109.74},{"x":"2022-04-26","y":110.18},{"x":"2022-04-27","y":110.33},{"x":"2022-04-28","y":110.48},{"x":"2022-04-29","y":110.63},{"x":"2022-04-30","y":110.78},{"x":"2022-05-01","y":110.78},{"x":"2022-05-02","y":110.78},{"x":"2022-05-03","y":111.22},{"x":"2022-05-04","y":111.37},{"x":"2022-05-05","y":111.52},{"x":"2022-05-06","y":111.67},{"x":"2022-05-07","y":111.82},{"x":"2022-05-08","y":111.82},{"x":"2022-05-09","y":111.82},{"x":"2022-05-10","y":112.27},{"x":"2022-05-11","y":112.42},{"x":"2022-05-12","y":112.57},{"x":"2022-05-13","y":112.72},{"x":"2022-05-14","y":112.87},{"x":"2022-05-15","y":112.87},{"x":"2022-05-16","y":112.87},{"x":"2022-05-17","y":113.33},{"x":"2022-05-18","y":113.48},{"x":"2022-05-19","y":113.48},{"x":"2022-05-20","y":113.78},{"x":"2022-05-21","y":113.87},{"x":"2022-05-22","y":113.87},{"x":"2022-05-23","y":113.87},{"x":"2022-05-24","y":114.13},{"x":"2022-05-25","y":114.22},{"x":"2022-05-26","y":114.22},{"x":"2022-05-27","y":114.39},{"x":"2022-05-28","y":114.48},{"x":"2022-05-29","y":114.48},{"x":"2022-05-30","y":114.48},{"x":"2022-05-31","y":114.75},{"x":"2022-06-01","y":114.83},{"x":"2022-06-02","y":114.92},{"x":"2022-06-03","y":115.01},{"x":"2022-06-04","y":115.1},{"x":"2022-06-05","y":115.1},{"x":"2022-06-06","y":115.1},{"x":"2022-06-07","y":115.36},{"x":"2022-06-08","y":115.45},{"x":"2022-06-09","y":115.54},{"x":"2022-06-10","y":115.63},{"x":"2022-06-11","y":115.71},{"x":"2022-06-12","y":115.71},{"x":"2022-06-13","y":115.71},{"x":"2022-06-14","y":115.98},{"x":"2022-06-15","y":116.07},{"x":"2022-06-16","y":116.16},{"x":"2022-06-17","y":116.25},{"x":"2022-06-18","y":116.25},{"x":"2022-06-19","y":116.25},{"x":"2022-06-20","y":116.25},{"x":"2022-06-21","y":116.25},{"x":"2022-06-22","y":116.95},{"x":"2022-06-23","y":117.17},{"x":"2022-06-24","y":117.39},{"x":"2022-06-25","y":117.61},{"x":"2022-06-26","y":117.61},{"x":"2022-06-27","y":117.61},{"x":"2022-06-28","y":118.28},{"x":"2022-06-29","y":118.5},{"x":"2022-06-30","y":118.72},{"x":"2022-07-01","y":118.95},{"x":"2022-07-02","y":119.17},{"x":"2022-07-03","y":119.17},{"x":"2022-07-04","y":119.17},{"x":"2022-07-05","y":119.85},{"x":"2022-07-06","y":120.07},{"x":"2022-07-07","y":120.3},{"x":"2022-07-08","y":120.52},{"x":"2022-07-09","y":120.75},{"x":"2022-07-10","y":120.75},{"x":"2022-07-11","y":120.75},{"x":"2022-07-12","y":121.43},{"x":"2022-07-13","y":121.66},{"x":"2022-07-14","y":121.89},{"x":"2022-07-15","y":122.12},{"x":"2022-07-16","y":122.35},{"x":"2022-07-17","y":122.35},{"x":"2022-07-18","y":122.35},{"x":"2022-07-19","y":123.04},{"x":"2022-07-20","y":123.27},{"x":"2022-07-21","y":123.52},{"x":"2022-07-22","y":123.77},{"x":"2022-07-23","y":124.01},{"x":"2022-07-24","y":124.01},{"x":"2022-07-25","y":124.01},{"x":"2022-07-26","y":124.76},{"x":"2022-07-27","y":125.01},{"x":"2022-07-28","y":125.26},{"x":"2022-07-29","y":125.51},{"x":"2022-07-30","y":125.76},{"x":"2022-07-31","y":125.76},{"x":"2022-08-01","y":125.76},{"x":"2022-08-02","y":126.52},{"x":"2022-08-03","y":126.77},{"x":"2022-08-04","y":127.03},{"x":"2022-08-05","y":127.28},{"x":"2022-08-06","y":127.54},{"x":"2022-08-07","y":127.54},{"x":"2022-08-08","y":127.54},{"x":"2022-08-09","y":128.31},{"x":"2022-08-10","y":128.56},{"x":"2022-08-11","y":128.82},{"x":"2022-08-12","y":129.08},{"x":"2022-08-13","y":129.34},{"x":"2022-08-14","y":129.34},{"x":"2022-08-15","y":129.34},{"x":"2022-08-16","y":129.34},{"x":"2022-08-17","y":130.38},{"x":"2022-08-18","y":130.64},{"x":"2022-08-19","y":130.9},{"x":"2022-08-20","y":131.16},{"x":"2022-08-21","y":131.16},{"x":"2022-08-22","y":131.16},{"x":"2022-08-23","y":131.89},{"x":"2022-08-24","y":132.14},{"x":"2022-08-25","y":132.38},{"x":"2022-08-26","y":132.63},{"x":"2022-08-27","y":132.87},{"x":"2022-08-28","y":132.87},{"x":"2022-08-29","y":132.87},{"x":"2022-08-30","y":133.61},{"x":"2022-08-31","y":133.86},{"x":"2022-09-01","y":134.1},{"x":"2022-09-02","y":134.35},{"x":"2022-09-03","y":134.6},{"x":"2022-09-04","y":134.6},{"x":"2022-09-05","y":134.6},{"x":"2022-09-06","y":135.35},{"x":"2022-09-07","y":135.6},{"x":"2022-09-08","y":135.85},{"x":"2022-09-09","y":136.1},{"x":"2022-09-10","y":136.36},{"x":"2022-09-11","y":136.36},{"x":"2022-09-12","y":136.36},{"x":"2022-09-13","y":137.11},{"x":"2022-09-14","y":137.37},{"x":"2022-09-15","y":137.62},{"x":"2022-09-16","y":137.88},{"x":"2022-09-17","y":138.13},{"x":"2022-09-18","y":138.13},{"x":"2022-09-19","y":138.13},{"x":"2022-09-20","y":138.9},{"x":"2022-09-21","y":139.2},{"x":"2022-09-22","y":139.49},{"x":"2022-09-23","y":139.79},{"x":"2022-09-24","y":140.09},{"x":"2022-09-25","y":140.09},{"x":"2022-09-26","y":140.09},{"x":"2022-09-27","y":140.99},{"x":"2022-09-28","y":141.29},{"x":"2022-09-29","y":141.59},{"x":"2022-09-30","y":141.89},{"x":"2022-10-01","y":142.19},{"x":"2022-10-02","y":142.19},{"x":"2022-10-03","y":142.19},{"x":"2022-10-04","y":143.11},{"x":"2022-10-05","y":143.41},{"x":"2022-10-06","y":143.72},{"x":"2022-10-07","y":144.02},{"x":"2022-10-08","y":144.02},{"x":"2022-10-09","y":144.02},{"x":"2022-10-10","y":144.02},{"x":"2022-10-11","y":144.02},{"x":"2022-10-12","y":145.57},{"x":"2022-10-13","y":145.88},{"x":"2022-10-14","y":146.19},{"x":"2022-10-15","y":146.5},{"x":"2022-10-16","y":146.5},{"x":"2022-10-17","y":146.5},{"x":"2022-10-18","y":147.44},{"x":"2022-10-19","y":147.75},{"x":"2022-10-20","y":148.07},{"x":"2022-10-21","y":148.38},{"x":"2022-10-22","y":148.7},{"x":"2022-10-23","y":148.7},{"x":"2022-10-24","y":148.7},{"x":"2022-10-25","y":149.65},{"x":"2022-10-26","y":149.97},{"x":"2022-10-27","y":150.28},{"x":"2022-10-28","y":150.6},{"x":"2022-10-29","y":150.92},{"x":"2022-10-30","y":150.92},{"x":"2022-10-31","y":150.92},{"x":"2022-11-01","y":151.89},{"x":"2022-11-02","y":152.21},{"x":"2022-11-03","y":152.53},{"x":"2022-11-04","y":152.86},{"x":"2022-11-05","y":153.18},{"x":"2022-11-06","y":153.18},{"x":"2022-11-07","y":153.18},{"x":"2022-11-08","y":154.16},{"x":"2022-11-09","y":154.49},{"x":"2022-11-10","y":154.82},{"x":"2022-11-11","y":155.14},{"x":"2022-11-12","y":155.47},{"x":"2022-11-13","y":155.47},{"x":"2022-11-14","y":155.47},{"x":"2022-11-15","y":156.47},{"x":"2022-11-16","y":156.8},{"x":"2022-11-17","y":157.13},{"x":"2022-11-18","y":157.47},{"x":"2022-11-19","y":157.8},{"x":"2022-11-20","y":157.8},{"x":"2022-11-21","y":157.8},{"x":"2022-11-22","y":157.8},{"x":"2022-11-23","y":159.14},{"x":"2022-11-24","y":159.47},{"x":"2022-11-25","y":159.8},{"x":"2022-11-26","y":160.14},{"x":"2022-11-27","y":160.14},{"x":"2022-11-28","y":160.14},{"x":"2022-11-29","y":161.15},{"x":"2022-11-30","y":161.49},{"x":"2022-12-01","y":161.83},{"x":"2022-12-02","y":162.17},{"x":"2022-12-03","y":162.51},{"x":"2022-12-04","y":162.51},{"x":"2022-12-05","y":162.51},{"x":"2022-12-06","y":163.54},{"x":"2022-12-07","y":163.88},{"x":"2022-12-08","y":164.23},{"x":"2022-12-09","y":164.23},{"x":"2022-12-10","y":164.23},{"x":"2022-12-11","y":164.23},{"x":"2022-12-12","y":164.23},{"x":"2022-12-13","y":165.96},{"x":"2022-12-14","y":166.31},{"x":"2022-12-15","y":166.66},{"x":"2022-12-16","y":167.01},{"x":"2022-12-17","y":167.36},{"x":"2022-12-18","y":167.36},{"x":"2022-12-19","y":167.36},{"x":"2022-12-20","y":168.42},{"x":"2022-12-21","y":168.73},{"x":"2022-12-22","y":169.05},{"x":"2022-12-23","y":169.37},{"x":"2022-12-24","y":169.69},{"x":"2022-12-25","y":169.69},{"x":"2022-12-26","y":169.69},{"x":"2022-12-27","y":170.65},{"x":"2022-12-28","y":170.97},{"x":"2022-12-29","y":171.29},{"x":"2022-12-30","y":171.61},{"x":"2022-12-31","y":171.93},{"x":"2023-01-01","y":171.93},{"x":"2023-01-02","y":171.93},{"x":"2023-01-03","y":172.91},{"x":"2023-01-04","y":173.23},{"x":"2023-01-05","y":173.56},{"x":"2023-01-06","y":173.88},{"x":"2023-01-07","y":174.21},{"x":"2023-01-08","y":174.21},{"x":"2023-01-09","y":174.21},{"x":"2023-01-10","y":175.2},{"x":"2023-01-11","y":175.53},{"x":"2023-01-12","y":175.86},{"x":"2023-01-13","y":176.19},{"x":"2023-01-14","y":176.52},{"x":"2023-01-15","y":176.52},{"x":"2023-01-16","y":176.52},{"x":"2023-01-17","y":177.52},{"x":"2023-01-18","y":177.85},{"x":"2023-01-19","y":178.18},{"x":"2023-01-20","y":178.52},{"x":"2023-01-21","y":178.84},{"x":"2023-01-22","y":178.84},{"x":"2023-01-23","y":178.84},{"x":"2023-01-24","y":179.8},{"x":"2023-01-25","y":180.12},{"x":"2023-01-26","y":180.45},{"x":"2023-01-27","y":180.77},{"x":"2023-01-28","y":181.09},{"x":"2023-01-29","y":181.09},{"x":"2023-01-30","y":181.09},{"x":"2023-01-31","y":182.07},{"x":"2023-02-01","y":182.39},{"x":"2023-02-02","y":182.72},{"x":"2023-02-03","y":183.05},{"x":"2023-02-04","y":183.37},{"x":"2023-02-05","y":183.37},{"x":"2023-02-06","y":183.37},{"x":"2023-02-07","y":184.36},{"x":"2023-02-08","y":184.69},{"x":"2023-02-09","y":185.02},{"x":"2023-02-10","y":185.35},{"x":"2023-02-11","y":185.68},{"x":"2023-02-12","y":185.68},{"x":"2023-02-13","y":185.68},{"x":"2023-02-14","y":186.68},{"x":"2023-02-15","y":187.02},{"x":"2023-02-16","y":187.35},{"x":"2023-02-17","y":187.69},{"x":"2023-02-18","y":188.02},{"x":"2023-02-19","y":188.02},{"x":"2023-02-20","y":188.02},{"x":"2023-02-21","y":188.02},{"x":"2023-02-22","y":188.02},{"x":"2023-02-23","y":189.97},{"x":"2023-02-24","y":190.4},{"x":"2023-02-25","y":190.83},{"x":"2023-02-26","y":190.83},{"x":"2023-02-27","y":190.83},{"x":"2023-02-28","y":192.12},{"x":"2023-03-01","y":192.55},{"x":"2023-03-02","y":192.99},{"x":"2023-03-03","y":193.42},{"x":"2023-03-04","y":193.86},{"x":"2023-03-05","y":193.86},{"x":"2023-03-06","y":193.86},{"x":"2023-03-07","y":195.17},{"x":"2023-03-08","y":195.61},{"x":"2023-03-09","y":196.05},{"x":"2023-03-10","y":196.49},{"x":"2023-03-11","y":196.93},{"x":"2023-03-12","y":196.93},{"x":"2023-03-13","y":196.93},{"x":"2023-03-14","y":198.27},{"x":"2023-03-15","y":198.71},{"x":"2023-03-16","y":199.16},{"x":"2023-03-17","y":199.61},{"x":"2023-03-18","y":200.06},{"x":"2023-03-19","y":200.06},{"x":"2023-03-20","y":200.06},{"x":"2023-03-21","y":201.28},{"x":"2023-03-22","y":201.61},{"x":"2023-03-23","y":201.93},{"x":"2023-03-24","y":202.25},{"x":"2023-03-25","y":202.25},{"x":"2023-03-26","y":202.25},{"x":"2023-03-27","y":202.25},{"x":"2023-03-28","y":203.56},{"x":"2023-03-29","y":203.88},{"x":"2023-03-30","y":204.21},{"x":"2023-03-31","y":204.54},{"x":"2023-04-01","y":204.87},{"x":"2023-04-02","y":204.87},{"x":"2023-04-03","y":204.87},{"x":"2023-04-04","y":205.86},{"x":"2023-04-05","y":206.19},{"x":"2023-04-06","y":206.52},{"x":"2023-04-07","y":206.52},{"x":"2023-04-08","y":206.52},{"x":"2023-04-09","y":206.52},{"x":"2023-04-10","y":206.52},{"x":"2023-04-11","y":208.18},{"x":"2023-04-12","y":208.52},{"x":"2023-04-13","y":208.85},{"x":"2023-04-14","y":209.19},{"x":"2023-04-15","y":209.52},{"x":"2023-04-16","y":209.52},{"x":"2023-04-17","y":209.52},{"x":"2023-04-18","y":210.53},{"x":"2023-04-19","y":210.87}],"color":"rgba(46,120,210,1)"}]}