{"kpi":"ventasnaftas","t":"Ventas Naftas","st":"Por Empresa","sd":"Este indicador <em>refleja la evolución mensual de la actividad económica</em> de 16 sectores productivos. Permite anticipar las tasas de variación del producto interno bruto (PIB) trimestral.","c":"<p>El indicador de Producción de Petróleo en Argentina se refiere a la cantidad total de petróleo crudo producido en el país en un período determinado, medido en millones de metros cúbicos (m3). La producción de petróleo es uno de los indicadores clave de la economía argentina, ya que el país tiene una importante industria petrolera que es una fuente importante de ingresos y empleo.</p><p>La producción de petróleo en Argentina ha experimentado altibajos en las últimas décadas, con períodos de crecimiento y de declive. En general, la producción de petróleo se ha visto afectada por una serie de factores, como los precios del petróleo, las inversiones en la industria, la exploración de nuevas reservas y los avances tecnológicos.</p><p>El pico de producción de petróleo en Argentina se alcanzó en la década de 1990, cuando se producían más de 1.000 millones de metros cúbicos de petróleo crudo al año. Sin embargo, la producción ha disminuido desde entonces, alcanzando su nivel más bajo en 2017, cuando se produjeron alrededor de 470 millones de metros cúbicos. Desde entonces, la producción ha mostrado cierta recuperación, alcanzando los 554 millones de metros cúbicos en 2019.</p><p>Es importante destacar que la producción de petróleo de Argentina se concentra en las cuencas del golfo San Jorge, Neuquina y Cuyana, que representan la mayor parte de la producción de petróleo del país. También hay una producción menor en las cuencas del Chaco, Austral y Colorado.</p>","fd":"datos.gob.ar","fdr":"https://datos.gob.ar/it/dataset/sspm-produccion-ventas-petroleo-derivados/archivo/sspm_363.3","fu":"MECON","fur":"https://www.argentina.gob.ar/economia/politicaeconomica/macroeconomica","frec":"Mensual","fruc":"mean","d":"El Estimador mensual de actividad económica (EMAE) refleja la evolución mensual de la actividad económica del conjunto de los sectores productivos a nivel nacional. Este indicador permite anticipar las tasas de variación del producto interno bruto (PIB) trimestral.","dimensions":[{"label":"YPF","data":[{"x":"1999-01-01","y":205505},{"x":"1999-02-01","y":186777},{"x":"1999-03-01","y":197474},{"x":"1999-04-01","y":186014},{"x":"1999-05-01","y":181994},{"x":"1999-06-01","y":177637},{"x":"1999-07-01","y":192028},{"x":"1999-08-01","y":188259},{"x":"1999-09-01","y":183972},{"x":"1999-10-01","y":187932},{"x":"1999-11-01","y":177373},{"x":"1999-12-01","y":201841},{"x":"2000-01-01","y":184284},{"x":"2000-02-01","y":168291},{"x":"2000-03-01","y":173092},{"x":"2000-04-01","y":166557},{"x":"2000-05-01","y":157992},{"x":"2000-06-01","y":153217},{"x":"2000-07-01","y":162536},{"x":"2000-08-01","y":160716},{"x":"2000-09-01","y":154606},{"x":"2000-10-01","y":156059},{"x":"2000-11-01","y":149894},{"x":"2000-12-01","y":174939},{"x":"2001-01-01","y":171664},{"x":"2001-02-01","y":152234},{"x":"2001-03-01","y":157288},{"x":"2001-04-01","y":145993},{"x":"2001-05-01","y":142352},{"x":"2001-06-01","y":137139},{"x":"2001-07-01","y":152763},{"x":"2001-08-01","y":142494},{"x":"2001-09-01","y":133871},{"x":"2001-10-01","y":140213},{"x":"2001-11-01","y":137582},{"x":"2001-12-01","y":148163},{"x":"2002-01-01","y":145595},{"x":"2002-02-01","y":145881},{"x":"2002-03-01","y":154290},{"x":"2002-04-01","y":144081},{"x":"2002-05-01","y":143370},{"x":"2002-06-01","y":129048},{"x":"2002-07-01","y":135890},{"x":"2002-08-01","y":130884},{"x":"2002-09-01","y":116105},{"x":"2002-10-01","y":125467},{"x":"2002-11-01","y":123131},{"x":"2002-12-01","y":137779},{"x":"2003-01-01","y":141676},{"x":"2003-02-01","y":124153},{"x":"2003-03-01","y":126888},{"x":"2003-04-01","y":128755},{"x":"2003-05-01","y":120435},{"x":"2003-06-01","y":114983},{"x":"2003-07-01","y":129992},{"x":"2003-08-01","y":122901},{"x":"2003-09-01","y":121262},{"x":"2003-10-01","y":128846},{"x":"2003-11-01","y":115163},{"x":"2003-12-01","y":140091},{"x":"2004-01-01","y":138245},{"x":"2004-02-01","y":122125},{"x":"2004-03-01","y":127789},{"x":"2004-04-01","y":125405},{"x":"2004-05-01","y":121673},{"x":"2004-06-01","y":120419},{"x":"2004-07-01","y":134067},{"x":"2004-08-01","y":124468},{"x":"2004-09-01","y":124499},{"x":"2004-10-01","y":128188},{"x":"2004-11-01","y":126354},{"x":"2004-12-01","y":150488},{"x":"2005-01-01","y":148415},{"x":"2005-02-01","y":133148},{"x":"2005-03-01","y":156126},{"x":"2005-04-01","y":138931},{"x":"2005-05-01","y":137516},{"x":"2005-06-01","y":132385},{"x":"2005-07-01","y":145694},{"x":"2005-08-01","y":148104},{"x":"2005-09-01","y":145098},{"x":"2005-10-01","y":155922},{"x":"2005-11-01","y":154939},{"x":"2005-12-01","y":169819},{"x":"2006-01-01","y":178285},{"x":"2006-02-01","y":162925},{"x":"2006-03-01","y":168065},{"x":"2006-04-01","y":165642},{"x":"2006-05-01","y":166414},{"x":"2006-06-01","y":155678},{"x":"2006-07-01","y":169097},{"x":"2006-08-01","y":180723},{"x":"2006-09-01","y":172453},{"x":"2006-10-01","y":182283},{"x":"2006-11-01","y":179928},{"x":"2006-12-01","y":206815},{"x":"2007-01-01","y":215483},{"x":"2007-02-01","y":191099},{"x":"2007-03-01","y":203831},{"x":"2007-04-01","y":186757},{"x":"2007-05-01","y":196758},{"x":"2007-06-01","y":202327},{"x":"2007-07-01","y":220663},{"x":"2007-08-01","y":217760},{"x":"2007-09-01","y":205612},{"x":"2007-10-01","y":225371},{"x":"2007-11-01","y":213620},{"x":"2007-12-01","y":240993},{"x":"2008-01-01","y":257086},{"x":"2008-02-01","y":223899},{"x":"2008-03-01","y":237711},{"x":"2008-04-01","y":211858},{"x":"2008-05-01","y":205985},{"x":"2008-06-01","y":204032},{"x":"2008-07-01","y":240733},{"x":"2008-08-01","y":243727},{"x":"2008-09-01","y":242127},{"x":"2008-10-01","y":252803},{"x":"2008-11-01","y":242741},{"x":"2008-12-01","y":294662},{"x":"2009-01-01","y":285960},{"x":"2009-02-01","y":257650},{"x":"2009-03-01","y":267778},{"x":"2009-04-01","y":260399},{"x":"2009-05-01","y":252556},{"x":"2009-06-01","y":253943},{"x":"2009-07-01","y":255264},{"x":"2009-08-01","y":265183},{"x":"2009-09-01","y":263246},{"x":"2009-10-01","y":280887},{"x":"2009-11-01","y":264925},{"x":"2009-12-01","y":307204},{"x":"2010-01-01","y":314302},{"x":"2010-02-01","y":262665},{"x":"2010-03-01","y":279251},{"x":"2010-04-01","y":267318},{"x":"2010-05-01","y":270413},{"x":"2010-06-01","y":262710},{"x":"2010-07-01","y":285048.13},{"x":"2010-08-01","y":286631},{"x":"2010-09-01","y":279432},{"x":"2010-10-01","y":295881.6},{"x":"2010-11-01","y":289820},{"x":"2010-12-01","y":346619},{"x":"2011-01-01","y":339764},{"x":"2011-02-01","y":296449},{"x":"2011-03-01","y":329024},{"x":"2011-04-01","y":300008},{"x":"2011-05-01","y":288702},{"x":"2011-06-01","y":284921},{"x":"2011-07-01","y":317492},{"x":"2011-08-01","y":312690},{"x":"2011-09-01","y":305584},{"x":"2011-10-01","y":318449},{"x":"2011-11-01","y":316551},{"x":"2011-12-01","y":377910},{"x":"2012-01-01","y":349532},{"x":"2012-02-01","y":311493},{"x":"2012-03-01","y":341831},{"x":"2012-04-01","y":308637},{"x":"2012-05-01","y":300568},{"x":"2012-06-01","y":303857},{"x":"2012-07-01","y":348665},{"x":"2012-08-01","y":344254},{"x":"2012-09-01","y":346145},{"x":"2012-10-01","y":358790},{"x":"2012-11-01","y":349623},{"x":"2012-12-01","y":402642},{"x":"2013-01-01","y":396815},{"x":"2013-02-01","y":354370},{"x":"2013-03-01","y":382338},{"x":"2013-04-01","y":328994},{"x":"2013-05-01","y":349323},{"x":"2013-06-01","y":348629},{"x":"2013-07-01","y":378151},{"x":"2013-08-01","y":372771},{"x":"2013-09-01","y":354893},{"x":"2013-10-01","y":389953},{"x":"2013-11-01","y":377133},{"x":"2013-12-01","y":420680},{"x":"2014-01-01","y":438445},{"x":"2014-02-01","y":395797},{"x":"2014-03-01","y":399686},{"x":"2014-04-01","y":397972},{"x":"2014-05-01","y":385130},{"x":"2014-06-01","y":380577},{"x":"2014-07-01","y":414338},{"x":"2014-08-01","y":394106},{"x":"2014-09-01","y":391693},{"x":"2014-10-01","y":410580},{"x":"2014-11-01","y":392290},{"x":"2014-12-01","y":452489},{"x":"2015-01-01","y":423148},{"x":"2015-02-01","y":382747},{"x":"2015-03-01","y":400200},{"x":"2015-04-01","y":375560},{"x":"2015-05-01","y":376545},{"x":"2015-06-01","y":358339},{"x":"2015-07-01","y":386428},{"x":"2015-08-01","y":383138},{"x":"2015-09-01","y":377730},{"x":"2015-10-01","y":396085},{"x":"2015-11-01","y":377242},{"x":"2015-12-01","y":428897},{"x":"2016-01-01","y":437657},{"x":"2016-02-01","y":414003},{"x":"2016-03-01","y":413760},{"x":"2016-04-01","y":370082},{"x":"2016-05-01","y":372940},{"x":"2016-06-01","y":359247},{"x":"2016-07-01","y":395600},{"x":"2016-08-01","y":387930},{"x":"2016-09-01","y":376184},{"x":"2016-10-01","y":394855},{"x":"2016-11-01","y":388277},{"x":"2016-12-01","y":440295},{"x":"2017-01-01","y":445406},{"x":"2017-02-01","y":397697},{"x":"2017-03-01","y":428299},{"x":"2017-04-01","y":407132},{"x":"2017-05-01","y":407339},{"x":"2017-06-01","y":396798},{"x":"2017-07-01","y":433633},{"x":"2017-08-01","y":424733},{"x":"2017-09-01","y":419243},{"x":"2017-10-01","y":445381},{"x":"2017-11-01","y":436435},{"x":"2017-12-01","y":474920},{"x":"2018-01-01","y":481246},{"x":"2018-02-01","y":431975},{"x":"2018-03-01","y":457326},{"x":"2018-04-01","y":431645},{"x":"2018-05-01","y":428579},{"x":"2018-06-01","y":410902},{"x":"2018-07-01","y":436120},{"x":"2018-08-01","y":429977},{"x":"2018-09-01","y":402213},{"x":"2018-10-01","y":426796},{"x":"2018-11-01","y":421287},{"x":"2018-12-01","y":474735},{"x":"2019-01-01","y":460051},{"x":"2019-02-01","y":424651},{"x":"2019-03-01","y":446361},{"x":"2019-04-01","y":410740},{"x":"2019-05-01","y":421253},{"x":"2019-06-01","y":393893},{"x":"2019-07-01","y":429720},{"x":"2019-08-01","y":424457},{"x":"2019-09-01","y":402673},{"x":"2019-10-01","y":430700},{"x":"2019-11-01","y":420409},{"x":"2019-12-01","y":454758},{"x":"2020-01-01","y":452780},{"x":"2020-02-01","y":428522},{"x":"2020-03-01","y":297892},{"x":"2020-04-01","y":121662},{"x":"2020-05-01","y":194759},{"x":"2020-06-01","y":237768},{"x":"2020-07-01","y":256738},{"x":"2020-08-01","y":261561},{"x":"2020-09-01","y":260594},{"x":"2020-10-01","y":294538},{"x":"2020-11-01","y":319958},{"x":"2020-12-01","y":416995},{"x":"2021-01-01","y":400101},{"x":"2021-02-01","y":374478},{"x":"2021-03-01","y":402710},{"x":"2021-04-01","y":340728},{"x":"2021-05-01","y":297269},{"x":"2021-06-01","y":313109},{"x":"2021-07-01","y":391011},{"x":"2021-08-01","y":393430},{"x":"2021-09-01","y":396782},{"x":"2021-10-01","y":433518},{"x":"2021-11-01","y":432773},{"x":"2021-12-01","y":488146},{"x":"2022-01-01","y":447494},{"x":"2022-02-01","y":433302},{"x":"2022-03-01","y":445933},{"x":"2022-04-01","y":430899},{"x":"2022-05-01","y":424092},{"x":"2022-06-01","y":426237},{"x":"2022-07-01","y":452132},{"x":"2022-08-01","y":448670},{"x":"2022-09-01","y":435990},{"x":"2022-10-01","y":461430},{"x":"2022-11-01","y":445326},{"x":"2022-12-01","y":488828}],"color":"#2E78D2"},{"label":"AXXION","data":[{"x":"1999-01-01","y":72774},{"x":"1999-02-01","y":65786},{"x":"1999-03-01","y":73013},{"x":"1999-04-01","y":69079},{"x":"1999-05-01","y":70429},{"x":"1999-06-01","y":67453},{"x":"1999-07-01","y":69446},{"x":"1999-08-01","y":69685},{"x":"1999-09-01","y":65955},{"x":"1999-10-01","y":69607},{"x":"1999-11-01","y":64694},{"x":"1999-12-01","y":73776},{"x":"2000-01-01","y":63291},{"x":"2000-02-01","y":58688},{"x":"2000-03-01","y":63045},{"x":"2000-04-01","y":63437},{"x":"2000-05-01","y":61964},{"x":"2000-06-01","y":60345},{"x":"2000-07-01","y":62791},{"x":"2000-08-01","y":61904},{"x":"2000-09-01","y":61484},{"x":"2000-10-01","y":60785},{"x":"2000-11-01","y":59026},{"x":"2000-12-01","y":64246},{"x":"2001-01-01","y":57530},{"x":"2001-02-01","y":51520},{"x":"2001-03-01","y":56852},{"x":"2001-04-01","y":52593},{"x":"2001-05-01","y":53138},{"x":"2001-06-01","y":53285},{"x":"2001-07-01","y":57903},{"x":"2001-08-01","y":52880},{"x":"2001-09-01","y":50751},{"x":"2001-10-01","y":52671},{"x":"2001-11-01","y":51348},{"x":"2001-12-01","y":54688},{"x":"2002-01-01","y":50129},{"x":"2002-02-01","y":48057},{"x":"2002-03-01","y":46203},{"x":"2002-04-01","y":46766},{"x":"2002-05-01","y":47895},{"x":"2002-06-01","y":46192},{"x":"2002-07-01","y":47765},{"x":"2002-08-01","y":47280},{"x":"2002-09-01","y":42614},{"x":"2002-10-01","y":46544},{"x":"2002-11-01","y":42886},{"x":"2002-12-01","y":47001},{"x":"2003-01-01","y":45499},{"x":"2003-02-01","y":39834},{"x":"2003-03-01","y":42348},{"x":"2003-04-01","y":42250},{"x":"2003-05-01","y":42920},{"x":"2003-06-01","y":41057},{"x":"2003-07-01","y":45188},{"x":"2003-08-01","y":42905},{"x":"2003-09-01","y":41906},{"x":"2003-10-01","y":43635},{"x":"2003-11-01","y":42085},{"x":"2003-12-01","y":47327},{"x":"2004-01-01","y":44212},{"x":"2004-02-01","y":44410},{"x":"2004-03-01","y":47636},{"x":"2004-04-01","y":45967},{"x":"2004-05-01","y":44845},{"x":"2004-06-01","y":36464},{"x":"2004-07-01","y":44953},{"x":"2004-08-01","y":43673},{"x":"2004-09-01","y":43241},{"x":"2004-10-01","y":43084},{"x":"2004-11-01","y":43189},{"x":"2004-12-01","y":48272},{"x":"2005-01-01","y":44457},{"x":"2005-02-01","y":40404.96},{"x":"2005-03-01","y":41348.28},{"x":"2005-04-01","y":36635.24},{"x":"2005-05-01","y":37588.05},{"x":"2005-06-01","y":37110.18},{"x":"2005-07-01","y":43125.91},{"x":"2005-08-01","y":43323.24},{"x":"2005-09-01","y":41559.38},{"x":"2005-10-01","y":44816.36},{"x":"2005-11-01","y":40873.34},{"x":"2005-12-01","y":48178.25},{"x":"2006-01-01","y":45012.65},{"x":"2006-02-01","y":40217.88},{"x":"2006-03-01","y":44909.22},{"x":"2006-04-01","y":45365.21},{"x":"2006-05-01","y":42828.6},{"x":"2006-06-01","y":41635.52},{"x":"2006-07-01","y":44692.69},{"x":"2006-08-01","y":44629.6},{"x":"2006-09-01","y":43885},{"x":"2006-10-01","y":45250.54},{"x":"2006-11-01","y":44762.8},{"x":"2006-12-01","y":50778.44},{"x":"2007-01-01","y":48026.76},{"x":"2007-02-01","y":42279.44},{"x":"2007-03-01","y":46376.02},{"x":"2007-04-01","y":43391.6},{"x":"2007-05-01","y":47044.42},{"x":"2007-06-01","y":48081.13},{"x":"2007-07-01","y":52650.7},{"x":"2007-08-01","y":51213.73},{"x":"2007-09-01","y":47735.22},{"x":"2007-10-01","y":51491.64},{"x":"2007-11-01","y":54586},{"x":"2007-12-01","y":59418},{"x":"2008-01-01","y":59135.44},{"x":"2008-02-01","y":54316.81},{"x":"2008-03-01","y":58279.85},{"x":"2008-04-01","y":54263.03},{"x":"2008-05-01","y":62291.64},{"x":"2008-06-01","y":56756.15},{"x":"2008-07-01","y":59153.1},{"x":"2008-08-01","y":58927.03},{"x":"2008-09-01","y":57026.05},{"x":"2008-10-01","y":59972.85},{"x":"2008-11-01","y":56585.19},{"x":"2008-12-01","y":64211.48},{"x":"2009-01-01","y":60858.85},{"x":"2009-02-01","y":50495.84},{"x":"2009-03-01","y":55588.99},{"x":"2009-04-01","y":54190.21},{"x":"2009-05-01","y":53193.29},{"x":"2009-06-01","y":54159.15},{"x":"2009-07-01","y":53004.07},{"x":"2009-08-01","y":55872.36},{"x":"2009-09-01","y":55503.05},{"x":"2009-10-01","y":59781.72},{"x":"2009-11-01","y":58633.78},{"x":"2009-12-01","y":66146.9},{"x":"2010-01-01","y":69639.81},{"x":"2010-02-01","y":57972.5},{"x":"2010-03-01","y":71555.49},{"x":"2010-04-01","y":69106.17},{"x":"2010-05-01","y":68280.57},{"x":"2010-06-01","y":64827.39},{"x":"2010-07-01","y":69152.39},{"x":"2010-08-01","y":69890.84},{"x":"2010-09-01","y":56602.86},{"x":"2010-10-01","y":66679.49},{"x":"2010-11-01","y":69697.04},{"x":"2010-12-01","y":69491.19},{"x":"2011-01-01","y":76959.79},{"x":"2011-02-01","y":65402.94},{"x":"2011-03-01","y":73320.37},{"x":"2011-04-01","y":82204.56},{"x":"2011-05-01","y":83480},{"x":"2011-06-01","y":71150.91},{"x":"2011-07-01","y":70313.45},{"x":"2011-08-01","y":70431.01},{"x":"2011-09-01","y":79502.57},{"x":"2011-10-01","y":77723.69},{"x":"2011-11-01","y":73916.09},{"x":"2011-12-01","y":83554.83},{"x":"2012-01-01","y":90047.15},{"x":"2012-02-01","y":88658},{"x":"2012-03-01","y":92957.21},{"x":"2012-04-01","y":84635},{"x":"2012-05-01","y":87266.48},{"x":"2012-06-01","y":86943.38},{"x":"2012-07-01","y":84804.51},{"x":"2012-08-01","y":79492.96},{"x":"2012-09-01","y":74116.65},{"x":"2012-10-01","y":75015.92},{"x":"2012-11-01","y":82600},{"x":"2012-12-01","y":96175},{"x":"2013-01-01","y":98244.75},{"x":"2013-02-01","y":89649.21},{"x":"2013-03-01","y":91294},{"x":"2013-04-01","y":90650.65},{"x":"2013-05-01","y":95160.66},{"x":"2013-06-01","y":85525.01},{"x":"2013-07-01","y":91378.55},{"x":"2013-08-01","y":90194.09},{"x":"2013-09-01","y":85630},{"x":"2013-10-01","y":98614.1},{"x":"2013-11-01","y":99135.05},{"x":"2013-12-01","y":107046.08},{"x":"2014-01-01","y":103382.7},{"x":"2014-02-01","y":93077},{"x":"2014-03-01","y":98480},{"x":"2014-04-01","y":98294},{"x":"2014-05-01","y":93560},{"x":"2014-06-01","y":93408},{"x":"2014-07-01","y":99855},{"x":"2014-08-01","y":96393},{"x":"2014-09-01","y":98667},{"x":"2014-10-01","y":103699.99},{"x":"2014-11-01","y":101679},{"x":"2014-12-01","y":116002},{"x":"2015-01-01","y":107193.71},{"x":"2015-02-01","y":85109.8},{"x":"2015-03-01","y":84505.82},{"x":"2015-04-01","y":84339.1},{"x":"2015-05-01","y":79146.5},{"x":"2015-06-01","y":77429.7},{"x":"2015-07-01","y":84240.2},{"x":"2015-08-01","y":88664},{"x":"2015-09-01","y":89611},{"x":"2015-10-01","y":97788},{"x":"2015-11-01","y":93568},{"x":"2015-12-01","y":103604},{"x":"2016-01-01","y":105233},{"x":"2016-02-01","y":100757},{"x":"2016-03-01","y":103241},{"x":"2016-04-01","y":101574},{"x":"2016-05-01","y":104450},{"x":"2016-06-01","y":107719},{"x":"2016-07-01","y":105976},{"x":"2016-08-01","y":115138},{"x":"2016-09-01","y":92125},{"x":"2016-10-01","y":111855},{"x":"2016-11-01","y":111762},{"x":"2016-12-01","y":123452},{"x":"2017-01-01","y":119396},{"x":"2017-02-01","y":101680},{"x":"2017-03-01","y":95143},{"x":"2017-04-01","y":96239},{"x":"2017-05-01","y":101795},{"x":"2017-06-01","y":104977},{"x":"2017-07-01","y":111394},{"x":"2017-08-01","y":116842},{"x":"2017-09-01","y":115887},{"x":"2017-10-01","y":114986},{"x":"2017-11-01","y":117273},{"x":"2017-12-01","y":129566},{"x":"2018-01-01","y":116851},{"x":"2018-02-01","y":108539},{"x":"2018-03-01","y":125129},{"x":"2018-04-01","y":117024},{"x":"2018-05-01","y":128938},{"x":"2018-06-01","y":118523},{"x":"2018-07-01","y":121239},{"x":"2018-08-01","y":128604},{"x":"2018-09-01","y":109816},{"x":"2018-10-01","y":116491},{"x":"2018-11-01","y":106240},{"x":"2018-12-01","y":121679},{"x":"2019-01-01","y":113026},{"x":"2019-02-01","y":106592},{"x":"2019-03-01","y":117974},{"x":"2019-04-01","y":109346},{"x":"2019-05-01","y":115765},{"x":"2019-06-01","y":108981},{"x":"2019-07-01","y":119298},{"x":"2019-08-01","y":117465},{"x":"2019-09-01","y":107594},{"x":"2019-10-01","y":114087},{"x":"2019-11-01","y":118715},{"x":"2019-12-01","y":122421},{"x":"2020-01-01","y":121718},{"x":"2020-02-01","y":110867},{"x":"2020-03-01","y":85655},{"x":"2020-04-01","y":40070},{"x":"2020-05-01","y":60147},{"x":"2020-06-01","y":69658},{"x":"2020-07-01","y":76664},{"x":"2020-08-01","y":82320},{"x":"2020-09-01","y":85155},{"x":"2020-10-01","y":93157},{"x":"2020-11-01","y":96539},{"x":"2020-12-01","y":101676},{"x":"2021-01-01","y":105444},{"x":"2021-02-01","y":97865},{"x":"2021-03-01","y":109540},{"x":"2021-04-01","y":95464},{"x":"2021-05-01","y":82390},{"x":"2021-06-01","y":88456},{"x":"2021-07-01","y":109096},{"x":"2021-08-01","y":112231},{"x":"2021-09-01","y":112215},{"x":"2021-10-01","y":119932},{"x":"2021-11-01","y":118714},{"x":"2021-12-01","y":135845},{"x":"2022-01-01","y":114430},{"x":"2022-02-01","y":113536},{"x":"2022-03-01","y":126023},{"x":"2022-04-01","y":117039},{"x":"2022-05-01","y":107017},{"x":"2022-06-01","y":112272},{"x":"2022-07-01","y":113197},{"x":"2022-08-01","y":114760},{"x":"2022-09-01","y":115021},{"x":"2022-10-01","y":116284},{"x":"2022-11-01","y":114567},{"x":"2022-12-01","y":123686}],"color":"rgba(46,120,210,0.5)"},{"label":"Shell","data":[{"x":"1999-01-01","y":91014},{"x":"1999-02-01","y":87378},{"x":"1999-03-01","y":96428},{"x":"1999-04-01","y":89468},{"x":"1999-05-01","y":85745},{"x":"1999-06-01","y":85716},{"x":"1999-07-01","y":93686},{"x":"1999-08-01","y":88053},{"x":"1999-09-01","y":85310},{"x":"1999-10-01","y":90342},{"x":"1999-11-01","y":89511},{"x":"1999-12-01","y":101677},{"x":"2000-01-01","y":89234},{"x":"2000-02-01","y":84283},{"x":"2000-03-01","y":86817},{"x":"2000-04-01","y":82949},{"x":"2000-05-01","y":79600},{"x":"2000-06-01","y":80232},{"x":"2000-07-01","y":83867},{"x":"2000-08-01","y":84426},{"x":"2000-09-01","y":82341},{"x":"2000-10-01","y":77844},{"x":"2000-11-01","y":79314},{"x":"2000-12-01","y":91171},{"x":"2001-01-01","y":83624},{"x":"2001-02-01","y":76305},{"x":"2001-03-01","y":82379},{"x":"2001-04-01","y":76462},{"x":"2001-05-01","y":76942},{"x":"2001-06-01","y":76633},{"x":"2001-07-01","y":79058},{"x":"2001-08-01","y":71802},{"x":"2001-09-01","y":66237},{"x":"2001-10-01","y":76426},{"x":"2001-11-01","y":65447},{"x":"2001-12-01","y":72262},{"x":"2002-01-01","y":67175},{"x":"2002-02-01","y":62261},{"x":"2002-03-01","y":64553},{"x":"2002-04-01","y":64559},{"x":"2002-05-01","y":71201},{"x":"2002-06-01","y":59522},{"x":"2002-07-01","y":64675},{"x":"2002-08-01","y":61999},{"x":"2002-09-01","y":54183},{"x":"2002-10-01","y":57409},{"x":"2002-11-01","y":56371},{"x":"2002-12-01","y":64637},{"x":"2003-01-01","y":56752},{"x":"2003-02-01","y":55217},{"x":"2003-03-01","y":54638},{"x":"2003-04-01","y":57853},{"x":"2003-05-01","y":54315},{"x":"2003-06-01","y":51296},{"x":"2003-07-01","y":55714},{"x":"2003-08-01","y":53316},{"x":"2003-09-01","y":53915},{"x":"2003-10-01","y":56763},{"x":"2003-11-01","y":51292},{"x":"2003-12-01","y":60267},{"x":"2004-01-01","y":58434},{"x":"2004-02-01","y":52154},{"x":"2004-03-01","y":56601},{"x":"2004-04-01","y":56003},{"x":"2004-05-01","y":52591},{"x":"2004-06-01","y":52816},{"x":"2004-07-01","y":57679},{"x":"2004-08-01","y":53446},{"x":"2004-09-01","y":53986},{"x":"2004-10-01","y":55775},{"x":"2004-11-01","y":55572},{"x":"2004-12-01","y":66350},{"x":"2005-01-01","y":60484},{"x":"2005-02-01","y":54724},{"x":"2005-03-01","y":48438},{"x":"2005-04-01","y":48312},{"x":"2005-05-01","y":53536},{"x":"2005-06-01","y":53530},{"x":"2005-07-01","y":58152},{"x":"2005-08-01","y":60496},{"x":"2005-09-01","y":59475},{"x":"2005-10-01","y":61777},{"x":"2005-11-01","y":61716},{"x":"2005-12-01","y":70662},{"x":"2006-01-01","y":66417},{"x":"2006-02-01","y":60870},{"x":"2006-03-01","y":65726},{"x":"2006-04-01","y":62717},{"x":"2006-05-01","y":65770},{"x":"2006-06-01","y":60569},{"x":"2006-07-01","y":64596},{"x":"2006-08-01","y":70360},{"x":"2006-09-01","y":68049},{"x":"2006-10-01","y":70878},{"x":"2006-11-01","y":69680},{"x":"2006-12-01","y":79282},{"x":"2007-01-01","y":78826},{"x":"2007-02-01","y":68547},{"x":"2007-03-01","y":77801},{"x":"2007-04-01","y":69107},{"x":"2007-05-01","y":77391},{"x":"2007-06-01","y":76993},{"x":"2007-07-01","y":84397},{"x":"2007-08-01","y":78759},{"x":"2007-09-01","y":68591},{"x":"2007-10-01","y":81921},{"x":"2007-11-01","y":80131},{"x":"2007-12-01","y":83705},{"x":"2008-01-01","y":81956},{"x":"2008-02-01","y":78865},{"x":"2008-03-01","y":87245},{"x":"2008-04-01","y":84719},{"x":"2008-05-01","y":88904},{"x":"2008-06-01","y":79299},{"x":"2008-07-01","y":78451},{"x":"2008-08-01","y":70809},{"x":"2008-09-01","y":73133},{"x":"2008-10-01","y":77098},{"x":"2008-11-01","y":69535},{"x":"2008-12-01","y":78570},{"x":"2009-01-01","y":79675},{"x":"2009-02-01","y":67102},{"x":"2009-03-01","y":73117},{"x":"2009-04-01","y":74256},{"x":"2009-05-01","y":74421},{"x":"2009-06-01","y":76995},{"x":"2009-07-01","y":75586},{"x":"2009-08-01","y":77421},{"x":"2009-09-01","y":77109},{"x":"2009-10-01","y":84412},{"x":"2009-11-01","y":77298},{"x":"2009-12-01","y":85285},{"x":"2010-01-01","y":81137},{"x":"2010-02-01","y":77424},{"x":"2010-03-01","y":88851},{"x":"2010-04-01","y":84880},{"x":"2010-05-01","y":83467},{"x":"2010-06-01","y":80988},{"x":"2010-07-01","y":86647},{"x":"2010-08-01","y":86787},{"x":"2010-09-01","y":84411},{"x":"2010-10-01","y":89143},{"x":"2010-11-01","y":87626},{"x":"2010-12-01","y":97546},{"x":"2011-01-01","y":94525},{"x":"2011-02-01","y":94423},{"x":"2011-03-01","y":113387},{"x":"2011-04-01","y":102829},{"x":"2011-05-01","y":100289},{"x":"2011-06-01","y":102914},{"x":"2011-07-01","y":116882},{"x":"2011-08-01","y":116728},{"x":"2011-09-01","y":112014},{"x":"2011-10-01","y":118418},{"x":"2011-11-01","y":123956},{"x":"2011-12-01","y":139103},{"x":"2012-01-01","y":125228},{"x":"2012-02-01","y":118825},{"x":"2012-03-01","y":124520},{"x":"2012-04-01","y":110103},{"x":"2012-05-01","y":117284},{"x":"2012-06-01","y":118898},{"x":"2012-07-01","y":117207},{"x":"2012-08-01","y":118780},{"x":"2012-09-01","y":113275},{"x":"2012-10-01","y":121941},{"x":"2012-11-01","y":124781},{"x":"2012-12-01","y":131551},{"x":"2013-01-01","y":127279},{"x":"2013-02-01","y":110922},{"x":"2013-03-01","y":122440},{"x":"2013-04-01","y":130064},{"x":"2013-05-01","y":136548},{"x":"2013-06-01","y":125094},{"x":"2013-07-01","y":137579},{"x":"2013-08-01","y":136506},{"x":"2013-09-01","y":129067},{"x":"2013-10-01","y":132640},{"x":"2013-11-01","y":129037},{"x":"2013-12-01","y":152005},{"x":"2014-01-01","y":128426},{"x":"2014-02-01","y":117036},{"x":"2014-03-01","y":122847},{"x":"2014-04-01","y":125625},{"x":"2014-05-01","y":116960},{"x":"2014-06-01","y":121186},{"x":"2014-07-01","y":127838},{"x":"2014-08-01","y":122489},{"x":"2014-09-01","y":130549},{"x":"2014-10-01","y":141549},{"x":"2014-11-01","y":130753},{"x":"2014-12-01","y":149103},{"x":"2015-01-01","y":131486},{"x":"2015-02-01","y":113983},{"x":"2015-03-01","y":125230},{"x":"2015-04-01","y":122258},{"x":"2015-05-01","y":113950},{"x":"2015-06-01","y":108936},{"x":"2015-07-01","y":116198},{"x":"2015-08-01","y":116391},{"x":"2015-09-01","y":116724},{"x":"2015-10-01","y":124336},{"x":"2015-11-01","y":115253},{"x":"2015-12-01","y":132966},{"x":"2016-01-01","y":135587},{"x":"2016-02-01","y":132839},{"x":"2016-03-01","y":138120},{"x":"2016-04-01","y":121774},{"x":"2016-05-01","y":123278},{"x":"2016-06-01","y":130139},{"x":"2016-07-01","y":135120},{"x":"2016-08-01","y":148435},{"x":"2016-09-01","y":148687},{"x":"2016-10-01","y":153218},{"x":"2016-11-01","y":152997},{"x":"2016-12-01","y":172898},{"x":"2017-01-01","y":157559},{"x":"2017-02-01","y":143065},{"x":"2017-03-01","y":162780},{"x":"2017-04-01","y":136081},{"x":"2017-05-01","y":149936},{"x":"2017-06-01","y":149422},{"x":"2017-07-01","y":153851},{"x":"2017-08-01","y":160374},{"x":"2017-09-01","y":153589},{"x":"2017-10-01","y":163889},{"x":"2017-11-01","y":160076},{"x":"2017-12-01","y":175556},{"x":"2018-01-01","y":163343},{"x":"2018-02-01","y":150178},{"x":"2018-03-01","y":173900},{"x":"2018-04-01","y":156863},{"x":"2018-05-01","y":160865},{"x":"2018-06-01","y":162386},{"x":"2018-07-01","y":161986},{"x":"2018-08-01","y":168118},{"x":"2018-09-01","y":140079},{"x":"2018-10-01","y":157228},{"x":"2018-11-01","y":144414},{"x":"2018-12-01","y":164939},{"x":"2019-01-01","y":153170},{"x":"2019-02-01","y":146529},{"x":"2019-03-01","y":154770},{"x":"2019-04-01","y":144651},{"x":"2019-05-01","y":152704},{"x":"2019-06-01","y":142040},{"x":"2019-07-01","y":163109},{"x":"2019-08-01","y":160899},{"x":"2019-09-01","y":154718},{"x":"2019-10-01","y":172872},{"x":"2019-11-01","y":156952},{"x":"2019-12-01","y":173186},{"x":"2020-01-01","y":159480},{"x":"2020-02-01","y":159750},{"x":"2020-03-01","y":118220},{"x":"2020-04-01","y":47132},{"x":"2020-05-01","y":77588},{"x":"2020-06-01","y":99764},{"x":"2020-07-01","y":109256},{"x":"2020-08-01","y":114915},{"x":"2020-09-01","y":118443},{"x":"2020-10-01","y":126357},{"x":"2020-11-01","y":137938},{"x":"2020-12-01","y":175786},{"x":"2021-01-01","y":154559},{"x":"2021-02-01","y":150192},{"x":"2021-03-01","y":167528},{"x":"2021-04-01","y":140730},{"x":"2021-05-01","y":124960},{"x":"2021-06-01","y":135186},{"x":"2021-07-01","y":159935},{"x":"2021-08-01","y":166177},{"x":"2021-09-01","y":167293},{"x":"2021-10-01","y":178576},{"x":"2021-11-01","y":180342},{"x":"2021-12-01","y":203604},{"x":"2022-01-01","y":175047},{"x":"2022-02-01","y":175243},{"x":"2022-03-01","y":187897},{"x":"2022-04-01","y":183736},{"x":"2022-05-01","y":181015},{"x":"2022-06-01","y":184766},{"x":"2022-07-01","y":193063},{"x":"2022-08-01","y":200362},{"x":"2022-09-01","y":193646},{"x":"2022-10-01","y":195233},{"x":"2022-11-01","y":194721},{"x":"2022-12-01","y":208658}],"color":"rgba(46,120,210,0.2)"},{"label":"Petrobras","data":[{"x":"1999-01-01","y":0},{"x":"1999-02-01","y":0},{"x":"1999-03-01","y":0},{"x":"1999-04-01","y":0},{"x":"1999-05-01","y":0},{"x":"1999-06-01","y":0},{"x":"1999-07-01","y":0},{"x":"1999-08-01","y":0},{"x":"1999-09-01","y":0},{"x":"1999-10-01","y":0},{"x":"1999-11-01","y":0},{"x":"1999-12-01","y":0},{"x":"2000-01-01","y":0},{"x":"2000-02-01","y":0},{"x":"2000-03-01","y":0},{"x":"2000-04-01","y":0},{"x":"2000-05-01","y":0},{"x":"2000-06-01","y":0},{"x":"2000-07-01","y":0},{"x":"2000-08-01","y":0},{"x":"2000-09-01","y":0},{"x":"2000-10-01","y":0},{"x":"2000-11-01","y":0},{"x":"2000-12-01","y":0},{"x":"2001-01-01","y":0},{"x":"2001-02-01","y":0},{"x":"2001-03-01","y":0},{"x":"2001-04-01","y":0},{"x":"2001-05-01","y":0},{"x":"2001-06-01","y":0},{"x":"2001-07-01","y":0},{"x":"2001-08-01","y":0},{"x":"2001-09-01","y":0},{"x":"2001-10-01","y":0},{"x":"2001-11-01","y":0},{"x":"2001-12-01","y":0},{"x":"2002-01-01","y":0},{"x":"2002-02-01","y":0},{"x":"2002-03-01","y":0},{"x":"2002-04-01","y":0},{"x":"2002-05-01","y":0},{"x":"2002-06-01","y":0},{"x":"2002-07-01","y":0},{"x":"2002-08-01","y":0},{"x":"2002-09-01","y":0},{"x":"2002-10-01","y":0},{"x":"2002-11-01","y":0},{"x":"2002-12-01","y":0},{"x":"2003-01-01","y":0},{"x":"2003-02-01","y":0},{"x":"2003-03-01","y":0},{"x":"2003-04-01","y":0},{"x":"2003-05-01","y":0},{"x":"2003-06-01","y":0},{"x":"2003-07-01","y":0},{"x":"2003-08-01","y":0},{"x":"2003-09-01","y":0},{"x":"2003-10-01","y":0},{"x":"2003-11-01","y":0},{"x":"2003-12-01","y":0},{"x":"2004-01-01","y":0},{"x":"2004-02-01","y":0},{"x":"2004-03-01","y":0},{"x":"2004-04-01","y":0},{"x":"2004-05-01","y":0},{"x":"2004-06-01","y":0},{"x":"2004-07-01","y":0},{"x":"2004-08-01","y":0},{"x":"2004-09-01","y":0},{"x":"2004-10-01","y":0},{"x":"2004-11-01","y":0},{"x":"2004-12-01","y":0},{"x":"2005-01-01","y":0},{"x":"2005-02-01","y":0},{"x":"2005-03-01","y":0},{"x":"2005-04-01","y":0},{"x":"2005-05-01","y":0},{"x":"2005-06-01","y":0},{"x":"2005-07-01","y":0},{"x":"2005-08-01","y":0},{"x":"2005-09-01","y":0},{"x":"2005-10-01","y":46854},{"x":"2005-11-01","y":46399},{"x":"2005-12-01","y":50288},{"x":"2006-01-01","y":52561},{"x":"2006-02-01","y":46563},{"x":"2006-03-01","y":51728},{"x":"2006-04-01","y":49474},{"x":"2006-05-01","y":49842},{"x":"2006-06-01","y":47085},{"x":"2006-07-01","y":48949},{"x":"2006-08-01","y":53383},{"x":"2006-09-01","y":52621},{"x":"2006-10-01","y":53991},{"x":"2006-11-01","y":53965},{"x":"2006-12-01","y":59676},{"x":"2007-01-01","y":62321},{"x":"2007-02-01","y":55677},{"x":"2007-03-01","y":59094},{"x":"2007-04-01","y":54271},{"x":"2007-05-01","y":55620},{"x":"2007-06-01","y":52213},{"x":"2007-07-01","y":57285},{"x":"2007-08-01","y":55421},{"x":"2007-09-01","y":52948},{"x":"2007-10-01","y":57496},{"x":"2007-11-01","y":57172},{"x":"2007-12-01","y":60287},{"x":"2008-01-01","y":68018},{"x":"2008-02-01","y":60904},{"x":"2008-03-01","y":62198},{"x":"2008-04-01","y":59741},{"x":"2008-05-01","y":61068},{"x":"2008-06-01","y":51288},{"x":"2008-07-01","y":60104},{"x":"2008-08-01","y":57361},{"x":"2008-09-01","y":55679},{"x":"2008-10-01","y":58065},{"x":"2008-11-01","y":53234},{"x":"2008-12-01","y":64444},{"x":"2009-01-01","y":63093},{"x":"2009-02-01","y":52947},{"x":"2009-03-01","y":54598},{"x":"2009-04-01","y":53184},{"x":"2009-05-01","y":49157},{"x":"2009-06-01","y":51552},{"x":"2009-07-01","y":52147},{"x":"2009-08-01","y":53212},{"x":"2009-09-01","y":53464},{"x":"2009-10-01","y":55556},{"x":"2009-11-01","y":50580},{"x":"2009-12-01","y":58297},{"x":"2010-01-01","y":58947.02},{"x":"2010-02-01","y":52522.73},{"x":"2010-03-01","y":64388.24},{"x":"2010-04-01","y":59109.06},{"x":"2010-05-01","y":55933.64},{"x":"2010-06-01","y":55199.7},{"x":"2010-07-01","y":58682.78},{"x":"2010-08-01","y":58398.98},{"x":"2010-09-01","y":57407.18},{"x":"2010-10-01","y":60866.37},{"x":"2010-11-01","y":62052.53},{"x":"2010-12-01","y":69509.75},{"x":"2011-01-01","y":59348.9},{"x":"2011-02-01","y":55819.36},{"x":"2011-03-01","y":64881.78},{"x":"2011-04-01","y":61207.49},{"x":"2011-05-01","y":37000.37},{"x":"2011-06-01","y":35997.08},{"x":"2011-07-01","y":40803.9},{"x":"2011-08-01","y":39289.41},{"x":"2011-09-01","y":38248.44},{"x":"2011-10-01","y":38777.56},{"x":"2011-11-01","y":39456.89},{"x":"2011-12-01","y":43018.84},{"x":"2012-01-01","y":41988.87},{"x":"2012-02-01","y":39756.63},{"x":"2012-03-01","y":40454.94},{"x":"2012-04-01","y":38093.99},{"x":"2012-05-01","y":37865.06},{"x":"2012-06-01","y":38374.19},{"x":"2012-07-01","y":37870.77},{"x":"2012-08-01","y":35283.65},{"x":"2012-09-01","y":33697.72},{"x":"2012-10-01","y":37379.21},{"x":"2012-11-01","y":38804.5},{"x":"2012-12-01","y":42575.61},{"x":"2013-01-01","y":42883.06},{"x":"2013-02-01","y":37914.92},{"x":"2013-03-01","y":36589.73},{"x":"2013-04-01","y":38583.41},{"x":"2013-05-01","y":38317.98},{"x":"2013-06-01","y":35597.64},{"x":"2013-07-01","y":39632.89},{"x":"2013-08-01","y":37979.84},{"x":"2013-09-01","y":36345.19},{"x":"2013-10-01","y":39952.92},{"x":"2013-11-01","y":39704.01},{"x":"2013-12-01","y":45500.33},{"x":"2014-01-01","y":38261.01},{"x":"2014-02-01","y":34914.16},{"x":"2014-03-01","y":35280.81},{"x":"2014-04-01","y":36258.26},{"x":"2014-05-01","y":33796.07},{"x":"2014-06-01","y":36488.52},{"x":"2014-07-01","y":37946.93},{"x":"2014-08-01","y":35971.05},{"x":"2014-09-01","y":36824.73},{"x":"2014-10-01","y":39366.32},{"x":"2014-11-01","y":37446.31},{"x":"2014-12-01","y":44443.75},{"x":"2015-01-01","y":44907.65},{"x":"2015-02-01","y":36033.89},{"x":"2015-03-01","y":37323.42},{"x":"2015-04-01","y":34788.76},{"x":"2015-05-01","y":32100.45},{"x":"2015-06-01","y":31129.35},{"x":"2015-07-01","y":33564.54},{"x":"2015-08-01","y":33693.61},{"x":"2015-09-01","y":33699.73},{"x":"2015-10-01","y":35329.54},{"x":"2015-11-01","y":33188.06},{"x":"2015-12-01","y":38222.05},{"x":"2016-01-01","y":39891.65},{"x":"2016-02-01","y":37915.96},{"x":"2016-03-01","y":38552.54},{"x":"2016-04-01","y":35445.02},{"x":"2016-05-01","y":34248.82},{"x":"2016-06-01","y":37314.97},{"x":"2016-07-01","y":35283.63},{"x":"2016-08-01","y":36600.43},{"x":"2016-09-01","y":36056.34},{"x":"2016-10-01","y":36413.87},{"x":"2016-11-01","y":36741.15},{"x":"2016-12-01","y":42458.23},{"x":"2017-01-01","y":39999.91},{"x":"2017-02-01","y":40739.26},{"x":"2017-03-01","y":44736.52},{"x":"2017-04-01","y":42094.18},{"x":"2017-05-01","y":39006.79},{"x":"2017-06-01","y":35814.8},{"x":"2017-07-01","y":35862.43},{"x":"2017-08-01","y":40917.69},{"x":"2017-09-01","y":41719.48},{"x":"2017-10-01","y":41322.61},{"x":"2017-11-01","y":44725.81},{"x":"2017-12-01","y":48412.95},{"x":"2018-01-01","y":48437.91},{"x":"2018-02-01","y":44802.36},{"x":"2018-03-01","y":50313.29},{"x":"2018-04-01","y":45723.45},{"x":"2018-05-01","y":38246.79},{"x":"2018-06-01","y":30881.15},{"x":"2018-07-01","y":28251.07},{"x":"2018-08-01","y":29754.85},{"x":"2018-09-01","y":24745.33},{"x":"2018-10-01","y":28935.42},{"x":"2018-11-01","y":30373.56},{"x":"2018-12-01","y":32927.43},{"x":"2019-01-01","y":36545.05},{"x":"2019-02-01","y":35111.86},{"x":"2019-03-01","y":36954.38},{"x":"2019-04-01","y":36547.67},{"x":"2019-05-01","y":31225.21},{"x":"2019-06-01","y":33050.58},{"x":"2019-07-01","y":37782.1},{"x":"2019-08-01","y":38708.06},{"x":"2019-09-01","y":38411.11},{"x":"2019-10-01","y":43051.72},{"x":"2019-11-01","y":41821.49},{"x":"2019-12-01","y":43315.23},{"x":"2020-01-01","y":43519.15},{"x":"2020-02-01","y":42597.12},{"x":"2020-03-01","y":32465.02},{"x":"2020-04-01","y":17055.92},{"x":"2020-05-01","y":24294.05},{"x":"2020-06-01","y":28352.67},{"x":"2020-07-01","y":31429.68},{"x":"2020-08-01","y":28312.43},{"x":"2020-09-01","y":28603.98},{"x":"2020-10-01","y":31835.31},{"x":"2020-11-01","y":35220.16},{"x":"2020-12-01","y":44162.52},{"x":"2021-01-01","y":39409.19},{"x":"2021-02-01","y":35994.14},{"x":"2021-03-01","y":41008.89},{"x":"2021-04-01","y":35712.21},{"x":"2021-05-01","y":32201.59},{"x":"2021-06-01","y":30385.88},{"x":"2021-07-01","y":37119.12},{"x":"2021-08-01","y":38247.05},{"x":"2021-09-01","y":39106},{"x":"2021-10-01","y":39060.22},{"x":"2021-11-01","y":39619.68},{"x":"2021-12-01","y":44155.86},{"x":"2022-01-01","y":40906.78},{"x":"2022-02-01","y":39115.49},{"x":"2022-03-01","y":41493.93},{"x":"2022-04-01","y":40765.36},{"x":"2022-05-01","y":39961.74},{"x":"2022-06-01","y":40558.27},{"x":"2022-07-01","y":40954.3},{"x":"2022-08-01","y":41647.99},{"x":"2022-09-01","y":41002.34},{"x":"2022-10-01","y":40933.19},{"x":"2022-11-01","y":40979.71},{"x":"2022-12-01","y":44680.77}],"color":"rgba(46,120,210,0.2)"},{"label":"Oil","data":[{"x":"1999-01-01","y":0},{"x":"1999-02-01","y":0},{"x":"1999-03-01","y":0},{"x":"1999-04-01","y":0},{"x":"1999-05-01","y":0},{"x":"1999-06-01","y":0},{"x":"1999-07-01","y":0},{"x":"1999-08-01","y":0},{"x":"1999-09-01","y":0},{"x":"1999-10-01","y":0},{"x":"1999-11-01","y":0},{"x":"1999-12-01","y":0},{"x":"2000-01-01","y":0},{"x":"2000-02-01","y":0},{"x":"2000-03-01","y":0},{"x":"2000-04-01","y":0},{"x":"2000-05-01","y":0},{"x":"2000-06-01","y":0},{"x":"2000-07-01","y":0},{"x":"2000-08-01","y":0},{"x":"2000-09-01","y":0},{"x":"2000-10-01","y":0},{"x":"2000-11-01","y":0},{"x":"2000-12-01","y":0},{"x":"2001-01-01","y":0},{"x":"2001-02-01","y":0},{"x":"2001-03-01","y":0},{"x":"2001-04-01","y":0},{"x":"2001-05-01","y":0},{"x":"2001-06-01","y":0},{"x":"2001-07-01","y":0},{"x":"2001-08-01","y":0},{"x":"2001-09-01","y":0},{"x":"2001-10-01","y":0},{"x":"2001-11-01","y":0},{"x":"2001-12-01","y":0},{"x":"2002-01-01","y":0},{"x":"2002-02-01","y":0},{"x":"2002-03-01","y":0},{"x":"2002-04-01","y":0},{"x":"2002-05-01","y":0},{"x":"2002-06-01","y":0},{"x":"2002-07-01","y":0},{"x":"2002-08-01","y":0},{"x":"2002-09-01","y":0},{"x":"2002-10-01","y":0},{"x":"2002-11-01","y":0},{"x":"2002-12-01","y":0},{"x":"2003-01-01","y":0},{"x":"2003-02-01","y":0},{"x":"2003-03-01","y":0},{"x":"2003-04-01","y":0},{"x":"2003-05-01","y":0},{"x":"2003-06-01","y":0},{"x":"2003-07-01","y":0},{"x":"2003-08-01","y":0},{"x":"2003-09-01","y":0},{"x":"2003-10-01","y":0},{"x":"2003-11-01","y":0},{"x":"2003-12-01","y":0},{"x":"2004-01-01","y":0},{"x":"2004-02-01","y":0},{"x":"2004-03-01","y":0},{"x":"2004-04-01","y":0},{"x":"2004-05-01","y":0},{"x":"2004-06-01","y":0},{"x":"2004-07-01","y":0},{"x":"2004-08-01","y":0},{"x":"2004-09-01","y":0},{"x":"2004-10-01","y":0},{"x":"2004-11-01","y":0},{"x":"2004-12-01","y":0},{"x":"2005-01-01","y":0},{"x":"2005-02-01","y":0},{"x":"2005-03-01","y":0},{"x":"2005-04-01","y":0},{"x":"2005-05-01","y":0},{"x":"2005-06-01","y":0},{"x":"2005-07-01","y":0},{"x":"2005-08-01","y":0},{"x":"2005-09-01","y":0},{"x":"2005-10-01","y":0},{"x":"2005-11-01","y":0},{"x":"2005-12-01","y":0},{"x":"2006-01-01","y":0},{"x":"2006-02-01","y":0},{"x":"2006-03-01","y":0},{"x":"2006-04-01","y":0},{"x":"2006-05-01","y":0},{"x":"2006-06-01","y":0},{"x":"2006-07-01","y":0},{"x":"2006-08-01","y":0},{"x":"2006-09-01","y":0},{"x":"2006-10-01","y":0},{"x":"2006-11-01","y":0},{"x":"2006-12-01","y":0},{"x":"2007-01-01","y":0},{"x":"2007-02-01","y":0},{"x":"2007-03-01","y":0},{"x":"2007-04-01","y":0},{"x":"2007-05-01","y":0},{"x":"2007-06-01","y":0},{"x":"2007-07-01","y":0},{"x":"2007-08-01","y":0},{"x":"2007-09-01","y":0},{"x":"2007-10-01","y":0},{"x":"2007-11-01","y":0},{"x":"2007-12-01","y":0},{"x":"2008-01-01","y":0},{"x":"2008-02-01","y":0},{"x":"2008-03-01","y":0},{"x":"2008-04-01","y":0},{"x":"2008-05-01","y":0},{"x":"2008-06-01","y":0},{"x":"2008-07-01","y":0},{"x":"2008-08-01","y":0},{"x":"2008-09-01","y":0},{"x":"2008-10-01","y":0},{"x":"2008-11-01","y":0},{"x":"2008-12-01","y":0},{"x":"2009-01-01","y":0},{"x":"2009-02-01","y":0},{"x":"2009-03-01","y":0},{"x":"2009-04-01","y":0},{"x":"2009-05-01","y":0},{"x":"2009-06-01","y":0},{"x":"2009-07-01","y":0},{"x":"2009-08-01","y":0},{"x":"2009-09-01","y":0},{"x":"2009-10-01","y":0},{"x":"2009-11-01","y":0},{"x":"2009-12-01","y":0},{"x":"2010-01-01","y":0},{"x":"2010-02-01","y":0},{"x":"2010-03-01","y":0},{"x":"2010-04-01","y":0},{"x":"2010-05-01","y":0},{"x":"2010-06-01","y":0},{"x":"2010-07-01","y":0},{"x":"2010-08-01","y":0},{"x":"2010-09-01","y":0},{"x":"2010-10-01","y":0},{"x":"2010-11-01","y":0},{"x":"2010-12-01","y":0},{"x":"2011-01-01","y":0},{"x":"2011-02-01","y":0},{"x":"2011-03-01","y":0},{"x":"2011-04-01","y":0},{"x":"2011-05-01","y":21517.98},{"x":"2011-06-01","y":21118.45},{"x":"2011-07-01","y":23915.64},{"x":"2011-08-01","y":24172.61},{"x":"2011-09-01","y":22761.43},{"x":"2011-10-01","y":22538.81},{"x":"2011-11-01","y":22377.87},{"x":"2011-12-01","y":24792.66},{"x":"2012-01-01","y":23506.22},{"x":"2012-02-01","y":22458.17},{"x":"2012-03-01","y":25752.14},{"x":"2012-04-01","y":23161.3},{"x":"2012-05-01","y":23674.2},{"x":"2012-06-01","y":24883.71},{"x":"2012-07-01","y":24145.53},{"x":"2012-08-01","y":23145.3},{"x":"2012-09-01","y":21813.44},{"x":"2012-10-01","y":23286.9},{"x":"2012-11-01","y":25392.88},{"x":"2012-12-01","y":26153.61},{"x":"2013-01-01","y":26056.8},{"x":"2013-02-01","y":23628.36},{"x":"2013-03-01","y":24929.61},{"x":"2013-04-01","y":24536.82},{"x":"2013-05-01","y":25650.72},{"x":"2013-06-01","y":23138.86},{"x":"2013-07-01","y":26209.9},{"x":"2013-08-01","y":25605.2},{"x":"2013-09-01","y":24372.92},{"x":"2013-10-01","y":27394.96},{"x":"2013-11-01","y":25989.52},{"x":"2013-12-01","y":29265.11},{"x":"2014-01-01","y":29862.43},{"x":"2014-02-01","y":26289.22},{"x":"2014-03-01","y":26217.89},{"x":"2014-04-01","y":27323},{"x":"2014-05-01","y":24379.08},{"x":"2014-06-01","y":24795.32},{"x":"2014-07-01","y":26385.04},{"x":"2014-08-01","y":23097.84},{"x":"2014-09-01","y":22289.87},{"x":"2014-10-01","y":23095.03},{"x":"2014-11-01","y":21564.28},{"x":"2014-12-01","y":25313.6},{"x":"2015-01-01","y":27442.4},{"x":"2015-02-01","y":23456.27},{"x":"2015-03-01","y":22020.48},{"x":"2015-04-01","y":21344.49},{"x":"2015-05-01","y":21252.2},{"x":"2015-06-01","y":20391.97},{"x":"2015-07-01","y":22020},{"x":"2015-08-01","y":21777.27},{"x":"2015-09-01","y":21060.74},{"x":"2015-10-01","y":23572.02},{"x":"2015-11-01","y":20889.24},{"x":"2015-12-01","y":27033.07},{"x":"2016-01-01","y":24775.25},{"x":"2016-02-01","y":23776.01},{"x":"2016-03-01","y":24584.91},{"x":"2016-04-01","y":19459.74},{"x":"2016-05-01","y":18181.17},{"x":"2016-06-01","y":19122.31},{"x":"2016-07-01","y":18844.4},{"x":"2016-08-01","y":20356.19},{"x":"2016-09-01","y":20578.92},{"x":"2016-10-01","y":20727.75},{"x":"2016-11-01","y":21408.51},{"x":"2016-12-01","y":24423.55},{"x":"2017-01-01","y":23795.63},{"x":"2017-02-01","y":19585.71},{"x":"2017-03-01","y":25217.37},{"x":"2017-04-01","y":22754.85},{"x":"2017-05-01","y":23197.49},{"x":"2017-06-01","y":23454.52},{"x":"2017-07-01","y":21415.96},{"x":"2017-08-01","y":23323.68},{"x":"2017-09-01","y":21745.82},{"x":"2017-10-01","y":23129.86},{"x":"2017-11-01","y":23288.33},{"x":"2017-12-01","y":22150.75},{"x":"2018-01-01","y":21181.42},{"x":"2018-02-01","y":19698.86},{"x":"2018-03-01","y":1913.98},{"x":"2018-04-01","y":0},{"x":"2018-05-01","y":0},{"x":"2018-06-01","y":0},{"x":"2018-07-01","y":0},{"x":"2018-08-01","y":0},{"x":"2018-09-01","y":0},{"x":"2018-10-01","y":0},{"x":"2018-11-01","y":0},{"x":"2018-12-01","y":0},{"x":"2019-01-01","y":0},{"x":"2019-02-01","y":0},{"x":"2019-03-01","y":0},{"x":"2019-04-01","y":0},{"x":"2019-05-01","y":0},{"x":"2019-06-01","y":0},{"x":"2019-07-01","y":0},{"x":"2019-08-01","y":0},{"x":"2019-09-01","y":0},{"x":"2019-10-01","y":0},{"x":"2019-11-01","y":0},{"x":"2019-12-01","y":0},{"x":"2020-01-01","y":0},{"x":"2020-02-01","y":0},{"x":"2020-03-01","y":0},{"x":"2020-04-01","y":0},{"x":"2020-05-01","y":0},{"x":"2020-06-01","y":0},{"x":"2020-07-01","y":0},{"x":"2020-08-01","y":0},{"x":"2020-09-01","y":0},{"x":"2020-10-01","y":0},{"x":"2020-11-01","y":0},{"x":"2020-12-01","y":0},{"x":"2021-01-01","y":0},{"x":"2021-02-01","y":0},{"x":"2021-03-01","y":0},{"x":"2021-04-01","y":0},{"x":"2021-05-01","y":0},{"x":"2021-06-01","y":0},{"x":"2021-07-01","y":0},{"x":"2021-08-01","y":0},{"x":"2021-09-01","y":0},{"x":"2021-10-01","y":0},{"x":"2021-11-01","y":0},{"x":"2021-12-01","y":0},{"x":"2022-01-01","y":0},{"x":"2022-02-01","y":0},{"x":"2022-03-01","y":0},{"x":"2022-04-01","y":0},{"x":"2022-05-01","y":0},{"x":"2022-06-01","y":0},{"x":"2022-07-01","y":0},{"x":"2022-08-01","y":0},{"x":"2022-09-01","y":0},{"x":"2022-10-01","y":0},{"x":"2022-11-01","y":0},{"x":"2022-12-01","y":0}],"color":"rgba(46,120,210,0.2)"}]}