{"actividad-economica":{"_contents":["emae.js","isac.js","pbi.js","ucii.js"],"produccion":{"_contents":["acero.js","autos.js","ipi.js","ipicammesa.js","ipifiel.js","ipimundial.js","ipip.js"]}},"dolar":{"_contents":["brecha.js","cambio.js","dxy.js","tcrm.js"]},"BCRA":{"_contents":["basemonetaria.js","comprasbcra.js","depositosprivados.js","reservas.js","tasa.js","tasasinternacionales.js"],"unidades":{"_contents":["cer.js","icl.js","uva.js","uvi.js"]}},"bonos":{"_contents":["bonoscer.js","bonosusd.js","embi.js","merval.js"]},"energia":{"_contents":["consumoelectricidad.js","potenciamaxima.js"],"gas":{"_contents":["consumogas.js","cuencasgas.js","gas.js","gasproducciondiaria.js","noconvencional.js","tightshale.js"]},"petroleo":{"_contents":["barriles.js","commodityenergy.js","cuencaspetroleo.js","metrosperforados.js","petroleo.js","pozosterminados.js"]}},"cuentas-nacionales":{"_contents":["balanza.js","deficit.js","gastos.js","tributarios.js"],"politica-social":{"_contents":["auh.js","polingresos.js","subsidios.js"]}},"precios":{"_contents":["ipc.js","ipcgba.js","ipcnucleo.js","ipib.js","ipim.js"]},"salarios":{"_contents":["asalariados.js","cvs.js","desempleo.js","haberminimo.js","ripte.js","salariominimo.js","salariopromedio.js"]},"consumo":{"_contents":["consumoagua.js","ivm.js","ventasshopping.js","ventassuper.js"]},"agro":{"_contents":["bioetanol.js","cereales.js","liquisoja.js"]},"otros":{"_contents":["correo.js","ferrocargas.js","gini.js","icc.js","ice.js","ocupacionhotelera.js","poblacion.js","turismoreceptivo.js"]}}