{"actividad-economica":{"_contents":["emae.js","ilcif.js","ima.js","isac.js","ucii.js"],"pbi":{"_contents":["pbi.js","pbippp.js"]},"produccion":{"_contents":["acero.js","autos.js","capturapesquera.js","ipi.js","ipicammesa.js","ipimundial.js","ipip.js"]}},"dolar":{"_contents":["brecha.js","cambio.js","dxy.js","tcrm.js"]},"BCRA":{"_contents":["balancecambiario.js","basemonetaria.js","comprasbcra.js","depositosprivados.js","reservas.js","tasa.js","tasasinternacionales.js"],"unidades":{"_contents":["cer.js","icl.js","uva.js","uvi.js"]}},"bonos":{"_contents":["bonoscer.js","bonosusd.js","embi.js","merval.js"]},"energia":{"_contents":["biodiesel.js","bioetanol.js","consumoelectricidad.js","exportacionesenergia.js","potenciamaxima.js","produccionglp.js","ventasgasoil.js","ventasnaftas.js"],"gas":{"_contents":["consumogas.js","cuencasgas.js","empresasgas.js","gas.js","gasproducciondiaria.js","noconvencional.js","tightshale.js"]},"petroleo":{"_contents":["barriles.js","commodityenergy.js","crudoprocesado.js","cuencaspetroleo.js","empresaspetroleo.js","metrosperforados.js","petroleo.js","pozosterminados.js"]}},"cuentas-nacionales":{"_contents":["deficit.js","gastos.js","socioscomerciales.js","tributarios.js"],"politica-social":{"_contents":["auh.js","auhmonto.js","polingresos.js","subsidios.js"]}},"comercio-exterior":{"_contents":["balanza.js","embarques.js","empresasexportadoras.js","exportacionesbienes.js","liquisoja.js"]},"precios":{"_contents":["ei.js","ipc.js","ipcgba.js","ipcnucleo.js","ipib.js","ipim.js","ipmp.js"]},"salarios":{"_contents":["asalariados.js","cvs.js","desempleo.js","haberminimo.js","ripte.js","salariominimo.js","salariopromedio.js"]},"consumo":{"_contents":["consumoagua.js","facturacion.js","ivm.js","ventasshopping.js","ventassuper.js"]},"agro":{"_contents":["cereales.js","faenapecuaria.js","superficiesembrada.js"]},"otros":{"_contents":["correo.js","emisiones.js","ferrocargas.js","gini.js","icc.js","ice.js","ocupacionhotelera.js","poblacion.js","turismoreceptivo.js"]}}