[{"t":"Producción de Acero","kpi":"acero","cat":"Producción","desc":"En Toneladas"},{"t":"Asalariados","kpi":"asalariados","cat":"Salarios","desc":"Sector Público y Privado"},{"t":"Asignacion Universal","kpi":"auh","cat":"Cuentas Nacionales","desc":"Cantidad de personas"},{"t":"Producción de Autos","kpi":"autos","cat":"Producción","desc":"En Toneladas"},{"t":"Intercambio Comercial","kpi":"balanza","cat":"Cuentas Nacionales","desc":"Importaciones, Exportaciones y Saldo"},{"t":"Base Monetaria","kpi":"basemonetaria","cat":"Política Monetaria","desc":"Total e Instrumentos BCRA"},{"t":"Bonos CER","kpi":"bonoscer","cat":"Política Monetaria","desc":"Bonos del Tesoro"},{"t":"Bonos USD","kpi":"bonosusd","cat":"Política Monetaria","desc":"Bonos Ley Argentina y NY"},{"t":"Brecha USD/Peso","kpi":"brecha","cat":"hide","desc":"Gap"},{"t":"Tipos de Cambio","kpi":"cambio","cat":"Política Monetaria","desc":"Brecha Peso/USD"},{"t":"CER","kpi":"cer","cat":"hide","desc":"Coeficiente de Estabilización de Referencia"},{"t":"Producción de Cereales","kpi":"cereales","cat":"Producción","desc":"En Toneladas"},{"t":"Precio Petróleo","kpi":"commodityenergy","cat":"Energia","desc":"Incluye petroleo, gas y carbon"},{"t":"Compras BCRA","kpi":"comprasbcra","cat":"hide","desc":"En millones de USD"},{"t":"Consumo de Agua","kpi":"consumoagua","cat":"Consumo","desc":"En Toneladas"},{"t":"Consumo Electrico","kpi":"consumoelectricidad","cat":"Energia","desc":"En Toneladas"},{"t":"Consumo de Gas","kpi":"consumogas","cat":"Energia","desc":"En Toneladas"},{"t":"Correo Postal","kpi":"correo","cat":"Otros","desc":""},{"t":"Coeficiente de Variacion Salarial","kpi":"cvs","cat":"hide","desc":""},{"t":"Déficit Fiscal","kpi":"deficit","cat":"Cuentas Nacionales","desc":"Ingresos, Gastos y Ahorro"},{"t":"Depositos Privados","kpi":"depositosprivados","cat":"Política Monetaria","desc":""},{"t":"Desempleo","kpi":"desempleo","cat":"Salarios","desc":"Porcentaje Sobre el Total de la Población"},{"t":"EMAE","kpi":"emae","cat":"Actividad Económica","desc":"Estimador Mensual de Actividad Económica"},{"t":"Riesgo País","kpi":"embi","cat":"Política Monetaria","desc":"Emerging Market Bond Index"},{"t":"Cargas Ferrocarril","kpi":"ferrocargas","cat":"Producción","desc":""},{"t":"Producción de Gas","kpi":"gas","cat":"Energia","desc":"En millones de BTU"},{"t":"Gastos de Capital","kpi":"gastos","cat":"Cuentas Nacionales","desc":"En Millones de Pesos"},{"t":"GINI","kpi":"gini","cat":"Otros","desc":"Desigualdad según coeficiente de Gini"},{"t":"Haber Minimo Jubilatorio","kpi":"haberminimo","cat":"Salarios","desc":"Remuneración imponible promedio de los trabajadores estables"},{"t":"ICC","kpi":"icc","cat":"Otros","desc":"Índice de Confianza del Consumidor"},{"t":"ICE","kpi":"ice","cat":"Otros","desc":"Índice de Condiciones Externas"},{"t":"ICL","kpi":"icl","cat":"hide","desc":"Índice para Contratos de Locacion"},{"t":"IPC","kpi":"ipc","cat":"Precios","desc":"Índice de Precios al Consumidor"},{"t":"IPC-GBA","kpi":"ipcgba","cat":"Precios","desc":"Índice de Precios al Consumidor"},{"t":"IPC Núcleo","kpi":"ipcnucleo","cat":"Precios","desc":"Índice de Precios al Consumidor"},{"t":"IPI","kpi":"ipi","cat":"Actividad Económica","desc":"Índice de Producción Industrial Manufacturero"},{"t":"IPIB","kpi":"ipib","cat":"Precios","desc":"Índice de Precios Internos Básicos al por Mayor"},{"t":"IPI CAMMESA","kpi":"ipicammesa","cat":"Actividad Económica","desc":"Índice Adelantado de Producción Industrial"},{"t":"IPI FIEL","kpi":"ipifiel","cat":"Actividad Económica","desc":""},{"t":"IPIM","kpi":"ipim","cat":"Precios","desc":"Índice de Precios Internos al por Mayor"},{"t":"IPIP","kpi":"ipip","cat":"Actividad Económica","desc":"Índice de Producción Industrial Pyme"},{"t":"ISAC","kpi":"isac","cat":"Actividad Económica","desc":"Indicador Sintético de la Actividad de la Construcción"},{"t":"IVM","kpi":"ivm","cat":"Consumo","desc":"Índice de Ventas Minoristas"},{"t":"Liquidacion Agro","kpi":"liquisoja","cat":"Producción","desc":""},{"t":"MERVAL","kpi":"merval","cat":"Política Monetaria","desc":"Indice"},{"t":"Ocupacion Hotelera","kpi":"ocupacionhotelera","cat":"Otros","desc":"Viajeros Hospedados"},{"t":"PBI","kpi":"pbi","cat":"Actividad Económica","desc":"Producto Bruto Interno (per Capita)"},{"t":"Producción de Petroleo","kpi":"petroleo","cat":"Energia","desc":"En millones de m3"},{"t":"Población","kpi":"poblacion","cat":"Otros","desc":"Cantidad de Habitantes"},{"t":"Política de Ingresos","kpi":"polingresos","cat":"Cuentas Nacionales","desc":"En Millones de Pesos"},{"t":"Potencia Maxima","kpi":"potenciamaxima","cat":"Energia","desc":"Electricidad"},{"t":"Pozos Perforados","kpi":"pozosperforados","cat":"Energia","desc":"Petroleo"},{"t":"Reservas BCRA","kpi":"reservas","cat":"Política Monetaria","desc":"En miles de millones de USD"},{"t":"RIPTE","kpi":"ripte","cat":"Salarios","desc":"Remuneración imponible promedio de los trabajadores estables"},{"t":"Salario Minimo, Vital y Movil","kpi":"salariominimo","cat":"Salarios","desc":"Remuneración imponible promedio de los trabajadores estables"},{"t":"Subsidios Económicos","kpi":"subsidios","cat":"Cuentas Nacionales","desc":"Energía y Transporte"},{"t":"Tasas de Interés","kpi":"tasa","cat":"Política Monetaria","desc":"Tasa de Política Monetaria"},{"t":"Tasas Internacionales","kpi":"tasasinternacionales","cat":"hide","desc":"Tasa de Política Monetaria"},{"t":"TCRM","kpi":"tcrm","cat":"Política Monetaria","desc":"Tipo de Cambio Real Multilateral"},{"t":"Ingresos Tributarios","kpi":"tributarios","cat":"Cuentas Nacionales","desc":"Impuestos y subcategorias"},{"t":"Turismo Receptivo","kpi":"turismoreceptivo","cat":"Otros","desc":""},{"t":"UCII","kpi":"ucii","cat":"Actividad Económica","desc":"Utilización de la Capacidad Instalada en la Industria"},{"t":"UVA","kpi":"uva","cat":"hide","desc":"Unidades de Valor Adquisitvo"},{"t":"UVI","kpi":"uvi","cat":"hide","desc":"Unidad de Vivienda"},{"t":"Ventas Shopping","kpi":"ventasshopping","cat":"Consumo","desc":"Total, GBA y Resto"},{"t":"Ventas Supermercados","kpi":"ventassuper","cat":"Consumo","desc":"Medios de Pago"}]