{"t":"IPC-GBA","st":"Índice de Precios al Consumidor","sd":"El IPC mide la variación de precios de los bienes y servicios representativos del gasto de consumo de los hogares residentes en la zona seleccionada en comparación con los precios vigentes en el año base.","kpi":"ipcgba","capis":{"interanual":[0],"desestacionalizada":[0],"tendencia-ciclo":[0]},"c":"<p>El IPC provee información relevante en más de un sentido: • Se utiliza como medida de la inflación del país, por lo cual es considerado para la determinación de políticas económicas y monetarias, obligaciones contractuales, tasa de interés y remuneraciones. • Sirve como indicador del cambio en el poder de compra de los consumidores. • Es una herramienta útil para estimar series económicas a precios constantes. • Proporciona una serie de índices que permiten comparar la evolución de los precios de subconjuntos de bienes y servicios, proveyendo información sobre distintos sectores de la economía. • Muestra la variación promedio de precios de un conjunto de bienes y servicios comercializados en el mercado, representativos del consumo de los hogares. </p><p>Los índices de precios tratan de medir el efecto de los factores de precio, que en general son aquellos que “identifican el monto pagado por una unidad de medida de una clase y calidad específica de un bien o servicio específico obtenido de una fuente específica por un grupo de población específico”2 . Los índices de precios, por lo tanto, no deberían estar afectados por cambios en la calidad de los bienes y servicios.</p>","f":"https://www.indec.gob.ar/ftp/cuadros/economia/metodologia_ipc_nacional_2019.pdf","d":"El IPC mide la variación de precios de los bienes y servicios representativos del gasto de consumo de los hogares residentes en la zona seleccionada en comparación con los precios vigentes en el año base.","cat":"Precios","chartdata":{"labels":["2016-05-01","2016-06-01","2016-07-01","2016-08-01","2016-09-01","2016-10-01","2016-11-01","2016-12-01","2017-01-01","2017-02-01","2017-03-01","2017-04-01","2017-05-01","2017-06-01","2017-07-01","2017-08-01","2017-09-01","2017-10-01","2017-11-01","2017-12-01","2018-01-01","2018-02-01","2018-03-01","2018-04-01","2018-05-01","2018-06-01","2018-07-01","2018-08-01","2018-09-01","2018-10-01","2018-11-01","2018-12-01","2019-01-01","2019-02-01","2019-03-01","2019-04-01","2019-05-01","2019-06-01","2019-07-01","2019-08-01","2019-09-01","2019-10-01","2019-11-01","2019-12-01","2020-01-01","2020-02-01","2020-03-01","2020-04-01","2020-05-01","2020-06-01","2020-07-01","2020-08-01","2020-09-01","2020-10-01","2020-11-01","2020-12-01","2021-01-01","2021-02-01","2021-03-01","2021-04-01","2021-05-01","2021-06-01","2021-07-01","2021-08-01","2021-09-01","2021-10-01","2021-11-01","2021-12-01","2022-01-01","2022-02-01","2022-03-01","2022-04-01","2022-05-01"],"datasets":[{"backgroundColor":"#2E78D295","label":"Desestacionalizado","data":["0.04","0.03","0.02","0.00","0.01","0.02","0.02","0.01","0.01","0.02","0.02","0.03","0.01","0.01","0.02","0.01","0.02","0.01","0.01","0.03","0.02","0.03","0.02","0.03","0.02","0.04","0.03","0.04","0.07","0.05","0.03","0.03","0.03","0.04","0.05","0.03","0.03","0.03","0.02","0.04","0.06","0.03","0.04","0.04","0.02","0.02","0.04","0.01","0.02","0.02","0.02","0.03","0.03","0.04","0.03","0.04","0.03","0.04","0.05","0.04","0.03","0.03","0.03","0.03","0.04","0.04","0.02","0.04","0.04","0.05","0.07","0.06","0.05"],"type":"bar","borderColor":"#2E78D2","pointRadius":0,"borderWidth":0}]}}