{"t":"Tachame la Macro","st":"En Toneladas","sd":"Este indicador <em>refleja la evolución mensual de la actividad económica</em> de 16 sectores productivos. Permite anticipar las tasas de variación del producto interno bruto (PIB) trimestral.","kpi":"header","c":"<p><em>Febo asoma, ya sus rayos iluminan el histórico contexto</em>. Esta colección de indicadores intenta develar de donde viene y hacia donde va la macroeconomía Argentina.</p>","f":"https://www.indec.gob.ar/ftp/cuadros/economia/metodologia_emae_ago_16.pdf","chartdata":{"labels":"","datasets":[{"backgroundColor":"rgba(146,220,210,0)","label":"Transporte","data":"","borderColor":"rgba(46,120,210,1)","pointRadius":0,"borderWidth":1.75}]}}